stock_id,stock_name,market,close,change,volume,turnover,ma10,ma20,return_5d_pct,range_10d_pct,avg_volume_5d,volume_ratio_5d,distance_ma10_pct,distance_ma20_pct,trust_buy_days_5,trust_5d_net,foreign_buy_days_5,foreign_5d_net,dealer_hedge_5d_abs,trust_volume_ratio,foreign_volume_ratio,hedge_dominant,trust_accumulation,foreign_support,trust_20d_net,foreign_20d_net,smart_money_accum_20d,month_revenue,month_revenue_yoy,month_revenue_mom,fundamental_bad,theme,signal,reason,base_score,score,建議買進上限,📉 賠錢最大風險,📈 預估目標價,📈 預估獲利金額
2383,台光電,TWSE,4920.0,-130.0,2146878.0,10601319245.0,,,,,,,,,0.0,-187675.0,0.0,-282423.0,19998.0,,,False,False,False,-187675.0,-282423.0,False,,,,False,⭐ 個人重點關注焦點股/PCB／CCL／載板,🔴 排除：法人轉賣,同賣,-3,7,0 張,無,無,無
1503,士電,TWSE,194.0,-2.0,803599.0,156688132.0,,,,,,,,,0.0,-1000.0,0.0,-284671.0,1074.0,,,False,False,False,-1000.0,-284671.0,False,,,,False,⭐ 個人重點關注焦點股/重電／綠能,🔴 排除：法人轉賣,同賣,-3,7,0 張,無,無,無
2327,國巨*,TWSE,548.0,-32.0,41164381.0,22918928393.0,,,,,,,,,0.0,-1518584.0,0.0,-15516938.0,150953.0,,,False,False,False,-1518584.0,-15516938.0,False,,,,False,,🔴 排除：法人轉賣,同賣,-3,-3,0 張,無,無,無
3017,奇鋐,TWSE,3400.0,-155.0,3928028.0,13270927028.0,,,,,,,,,0.0,-513100.0,0.0,-452792.0,11860.0,,,False,False,False,-513100.0,-452792.0,False,,,,False,散熱,🔴 排除：法人轉賣,同賣,-3,-3,0 張,無,無,無
2492,華新科,TWSE,302.0,-9.5,31201956.0,9594785717.0,,,,,,,,,0.0,-61000.0,0.0,-7559673.0,93135.0,,,False,False,False,-61000.0,-7559673.0,False,,,,False,,🔴 排除：法人轉賣,同賣,-3,-3,0 張,無,無,無
2345,智邦,TWSE,1810.0,-85.0,4157981.0,7607742850.0,,,,,,,,,0.0,-736046.0,0.0,-632095.0,2863.0,,,False,False,False,-736046.0,-632095.0,False,,,,False,,🔴 排除：法人轉賣,同賣,-3,-3,0 張,無,無,無
2360,致茂,TWSE,2185.0,-110.0,2434644.0,5385686096.0,,,,,,,,,0.0,-446000.0,0.0,-25606.0,5732.0,,,False,False,False,-446000.0,-25606.0,False,,,,False,,🔴 排除：法人轉賣,同賣,-3,-3,0 張,無,無,無
6531,愛普*,TWSE,929.0,-64.0,4705817.0,4403885223.0,,,,,,,,,0.0,-5000.0,0.0,-1393994.0,12519.0,,,False,False,False,-5000.0,-1393994.0,False,,,,False,,🔴 排除：法人轉賣,同賣,-3,-3,0 張,無,無,無
3661,世芯-KY,TWSE,3685.0,-85.0,1176972.0,4381764150.0,,,,,,,,,0.0,-2000.0,0.0,-92703.0,13243.0,,,False,False,False,-2000.0,-92703.0,False,,,,False,,🔴 排除：法人轉賣,同賣,-3,-3,0 張,無,無,無
6669,緯穎,TWSE,2100.0,-15.0,1642771.0,3461500140.0,,,,,,,,,0.0,-91000.0,0.0,-169816.0,8529.0,,,False,False,False,-91000.0,-169816.0,False,,,,False,AI 伺服器／ODM,🔴 排除：法人轉賣,同賣,-3,-3,0 張,無,無,無
6139,亞翔,TWSE,732.0,-21.0,3500385.0,2574286858.0,,,,,,,,,0.0,-1000.0,0.0,-1609609.0,69136.0,,,False,False,False,-1000.0,-1609609.0,False,,,,False,,🔴 排除：法人轉賣,同賣,-3,-3,0 張,無,無,無
3406,玉晶光,TWSE,882.0,-19.0,2568917.0,2260757878.0,,,,,,,,,0.0,-9000.0,0.0,-23911.0,1369.0,,,False,False,False,-9000.0,-23911.0,False,,,,False,,🔴 排除：法人轉賣,同賣,-3,-3,0 張,無,無,無
6515,穎崴,TWSE,5675.0,-175.0,384513.0,2194365140.0,,,,,,,,,0.0,-68000.0,0.0,-40920.0,1495.0,,,False,False,False,-68000.0,-40920.0,False,,,,False,,🔴 排除：法人轉賣,同賣,-3,-3,0 張,無,無,無
2412,中華電,TWSE,144.0,-1.0,11652180.0,1676725028.0,,,,,,,,,0.0,-67000.0,0.0,-152945.0,33000.0,,,False,False,False,-67000.0,-152945.0,False,,,,False,,🔴 排除：法人轉賣,同賣,-3,-3,0 張,無,無,無
2890,永豐金,TWSE,43.9,-1.25,34667144.0,1540764758.0,,,,,,,,,0.0,-197000.0,0.0,-3317110.0,828114.0,,,False,False,False,-197000.0,-3317110.0,False,,,,False,,🔴 排除：法人轉賣,同賣,-3,-3,0 張,無,無,無
2603,長榮,TWSE,238.0,-5.0,6250427.0,1494139772.0,,,,,,,,,0.0,-100.0,0.0,-3221855.0,83441.0,,,False,False,False,-100.0,-3221855.0,False,,,,False,,🔴 排除：法人轉賣,同賣,-3,-3,0 張,無,無,無
3702,大聯大,TWSE,115.0,-2.5,10942986.0,1274792594.0,,,,,,,,,0.0,-21000.0,0.0,-449270.0,87959.0,,,False,False,False,-21000.0,-449270.0,False,,,,False,,🔴 排除：法人轉賣,同賣,-3,-3,0 張,無,無,無
3044,健鼎,TWSE,521.0,-17.0,2303013.0,1204148701.0,,,,,,,,,0.0,-118000.0,0.0,-371278.0,18151.0,,,False,False,False,-118000.0,-371278.0,False,,,,False,,🔴 排除：法人轉賣,同賣,-3,-3,0 張,無,無,無
2615,萬海,TWSE,111.0,-4.5,10041037.0,1134217094.0,,,,,,,,,0.0,-37000.0,0.0,-2107812.0,1104433.0,,,False,False,False,-37000.0,-2107812.0,False,,,,False,,🔴 排除：法人轉賣,同賣,-3,-3,0 張,無,無,無
4938,和碩,TWSE,90.8,-0.5,11561261.0,1063134392.0,,,,,,,,,0.0,-96000.0,0.0,-634544.0,381013.0,,,False,False,False,-96000.0,-634544.0,False,,,,False,,🔴 排除：法人轉賣,同賣,-3,-3,0 張,無,無,無
2801,彰銀,TWSE,27.5,-0.25,22785123.0,629576660.0,,,,,,,,,0.0,-98000.0,0.0,-1281143.0,12237.0,,,False,False,False,-98000.0,-1281143.0,False,,,,False,,🔴 排除：法人轉賣,同賣,-3,-3,0 張,無,無,無
6691,洋基工程,TWSE,654.0,-13.0,923010.0,603705037.0,,,,,,,,,0.0,-26600.0,0.0,-110779.0,12397.0,,,False,False,False,-26600.0,-110779.0,False,,,,False,,🔴 排除：法人轉賣,同賣,-3,-3,0 張,無,無,無
2027,大成鋼,TWSE,47.15,-0.45,12474332.0,595263100.0,,,,,,,,,0.0,-2000.0,0.0,-1569570.0,306653.0,,,False,False,False,-2000.0,-1569570.0,False,,,,False,,🔴 排除：法人轉賣,同賣,-3,-3,0 張,無,無,無
2356,英業達,TWSE,59.2,-0.7,9470802.0,564722469.0,,,,,,,,,0.0,-67000.0,0.0,-4059310.0,120114.0,,,False,False,False,-67000.0,-4059310.0,False,,,,False,,🔴 排除：法人轉賣,同賣,-3,-3,0 張,無,無,無
5871,中租-KY,TWSE,107.0,0.0,5001745.0,535163862.0,,,,,,,,,0.0,-33000.0,0.0,-2344298.0,19006.0,,,False,False,False,-33000.0,-2344298.0,False,,,,False,,🔴 排除：法人轉賣,同賣,-3,-3,0 張,無,無,無
1216,統一,TWSE,73.9,-0.6,6515894.0,483127352.0,,,,,,,,,0.0,-69000.0,0.0,-1719729.0,489808.0,,,False,False,False,-69000.0,-1719729.0,False,,,,False,,🔴 排除：法人轉賣,同賣,-3,-3,0 張,無,無,無
5880,合庫金,TWSE,26.05,-0.4,17358159.0,455089857.0,,,,,,,,,0.0,-1000.0,0.0,-2250947.0,150652.0,,,False,False,False,-1000.0,-2250947.0,False,,,,False,,🔴 排除：法人轉賣,同賣,-3,-3,0 張,無,無,無
2542,興富發,TWSE,38.6,-0.9,11497190.0,446310279.0,,,,,,,,,0.0,-159500.0,0.0,-2534257.0,83072.0,,,False,False,False,-159500.0,-2534257.0,False,,,,False,,🔴 排除：法人轉賣,同賣,-3,-3,0 張,無,無,無
2855,統一證,TWSE,55.5,-2.3,6563643.0,368704074.0,,,,,,,,,0.0,-600.0,0.0,-2641673.0,0.0,,,False,False,False,-600.0,-2641673.0,False,,,,False,,🔴 排除：法人轉賣,同賣,-3,-3,0 張,無,無,無
2605,新興,TWSE,35.4,-1.1,10030192.0,358396869.0,,,,,,,,,0.0,-200000.0,0.0,-4703867.0,40459.0,,,False,False,False,-200000.0,-4703867.0,False,,,,False,,🔴 排除：法人轉賣,同賣,-3,-3,0 張,無,無,無
2474,可成,TWSE,205.5,-1.0,1568422.0,323397723.0,,,,,,,,,0.0,-6000.0,0.0,-622143.0,21296.0,,,False,False,False,-6000.0,-622143.0,False,,,,False,,🔴 排除：法人轉賣,同賣,-3,-3,0 張,無,無,無
2912,統一超,TWSE,212.0,-0.5,1493082.0,316776227.0,,,,,,,,,0.0,-15000.0,0.0,-445364.0,31000.0,,,False,False,False,-15000.0,-445364.0,False,,,,False,,🔴 排除：法人轉賣,同賣,-3,-3,0 張,無,無,無
8112,至上,TWSE,82.7,-0.8,3568622.0,296211505.0,,,,,,,,,0.0,-27000.0,0.0,-2065656.0,16107.0,,,False,False,False,-27000.0,-2065656.0,False,,,,False,,🔴 排除：法人轉賣,同賣,-3,-3,0 張,無,無,無
2421,建準,TWSE,163.5,-3.5,1737849.0,283516393.0,,,,,,,,,0.0,-5000.0,0.0,-209115.0,91759.0,,,False,False,False,-5000.0,-209115.0,False,,,,False,,🔴 排除：法人轉賣,同賣,-3,-3,0 張,無,無,無
1504,東元,TWSE,68.5,0.0,3285032.0,226117535.0,,,,,,,,,0.0,-3000.0,0.0,-121314.0,14136.0,,,False,False,False,-3000.0,-121314.0,False,,,,False,,🔴 排除：法人轉賣,同賣,-3,-3,0 張,無,無,無
6409,旭隼,TWSE,877.0,-2.0,225342.0,198582314.0,,,,,,,,,0.0,-4000.0,0.0,-12151.0,1125.0,,,False,False,False,-4000.0,-12151.0,False,,,,False,,🔴 排除：法人轉賣,同賣,-3,-3,0 張,無,無,無
2610,華航,TWSE,20.1,-0.2,7852078.0,158312020.0,,,,,,,,,0.0,-216000.0,0.0,-1707958.0,25238.0,,,False,False,False,-216000.0,-1707958.0,False,,,,False,,🔴 排除：法人轉賣,同賣,-3,-3,0 張,無,無,無
2428,興勤,TWSE,251.5,-3.5,627862.0,157853828.0,,,,,,,,,0.0,-1000.0,0.0,-209598.0,5380.0,,,False,False,False,-1000.0,-209598.0,False,,,,False,,🔴 排除：法人轉賣,同賣,-3,-3,0 張,無,無,無
9914,美利達,TWSE,67.1,0.4,1913117.0,129050750.0,,,,,,,,,0.0,-236000.0,0.0,-22000.0,420.0,,,False,False,False,-236000.0,-22000.0,False,,,,False,,🔴 排除：法人轉賣,同賣,-3,-3,0 張,無,無,無
6176,瑞儀,TWSE,90.2,-1.6,1403217.0,127488307.0,,,,,,,,,0.0,-30000.0,0.0,-694835.0,5562.0,,,False,False,False,-30000.0,-694835.0,False,,,,False,,🔴 排除：法人轉賣,同賣,-3,-3,0 張,無,無,無
6282,康舒,TWSE,42.8,-0.05,2561775.0,109993201.0,,,,,,,,,0.0,-10000.0,0.0,-76756.0,28204.0,,,False,False,False,-10000.0,-76756.0,False,,,,False,,🔴 排除：法人轉賣,同賣,-3,-3,0 張,無,無,無
9941,裕融,TWSE,78.3,-0.9,1151910.0,90775160.0,,,,,,,,,0.0,-328402.0,0.0,-113740.0,6195.0,,,False,False,False,-328402.0,-113740.0,False,,,,False,,🔴 排除：法人轉賣,同賣,-3,-3,0 張,無,無,無
2851,中再保,TWSE,47.05,-0.45,1827052.0,86602885.0,,,,,,,,,0.0,-4000.0,0.0,-62340.0,1377.0,,,False,False,False,-4000.0,-62340.0,False,,,,False,,🔴 排除：法人轉賣,同賣,-3,-3,0 張,無,無,無
3010,華立,TWSE,125.0,-1.0,367596.0,46329272.0,,,,,,,,,0.0,-1000.0,0.0,-74950.0,1947.0,,,False,False,False,-1000.0,-74950.0,False,,,,False,,🔴 排除：法人轉賣,同賣,-3,-3,0 張,無,無,無
5534,長虹,TWSE,73.3,-0.6,500299.0,36838152.0,,,,,,,,,0.0,-83000.0,0.0,-121004.0,699.0,,,False,False,False,-83000.0,-121004.0,False,,,,False,,🔴 排除：法人轉賣,同賣,-3,-3,0 張,無,無,無
1326,台化,TWSE,67.5,0.5,25578827.0,1758359865.0,,,,,,,,,0.0,0.0,1.0,203801.0,513884.0,,,True,False,False,0.0,203801.0,False,,,,False,,🟠 排除：避險主導,避險高,-4,-4,0 張,無,無,無
6116,彩晶,TWSE,14.9,0.0,32973446.0,493390130.0,,,,,,,,,0.0,0.0,0.0,-711300.0,1287976.0,,,True,False,False,0.0,-711300.0,False,,,,False,,🟠 排除：避險主導,避險高,-4,-4,0 張,無,無,無
2377,微星,TWSE,151.0,-0.5,2346623.0,356541451.0,,,,,,,,,0.0,-3000.0,1.0,64548.0,104580.0,,,True,False,False,-3000.0,64548.0,False,,,,False,,🟠 排除：避險主導,避險高,-4,-4,0 張,無,無,無
5876,上海商銀,TWSE,48.85,-0.1,6497420.0,317746191.0,,,,,,,,,1.0,40000.0,1.0,299552.0,360112.0,,,True,False,False,40000.0,299552.0,False,,,,False,,🟠 排除：避險主導,避險高,-4,-4,0 張,無,無,無
3023,信邦,TWSE,307.5,-3.5,885891.0,273386820.0,,,,,,,,,0.0,-2000.0,0.0,-11698.0,18477.0,,,True,False,False,-2000.0,-11698.0,False,,,,False,,🟠 排除：避險主導,避險高,-4,-4,0 張,無,無,無
2105,正新,TWSE,30.1,0.0,3385450.0,102499072.0,,,,,,,,,1.0,23000.0,0.0,-52889.0,290904.0,,,True,False,False,23000.0,-52889.0,False,,,,False,,🟠 排除：避險主導,避險高,-4,-4,0 張,無,無,無
5243,乙盛-KY,TWSE,88.7,-0.4,593023.0,52643131.0,,,,,,,,,0.0,0.0,1.0,167.0,3606.0,,,True,False,False,0.0,167.0,False,,,,False,,🟠 排除：避險主導,避險高,-4,-4,0 張,無,無,無
0055,元大MSCI金融,TWSE,49.21,-0.33,1008809.0,50052983.0,,,,,,,,,0.0,0.0,1.0,57109.0,564742.0,,,True,False,False,0.0,57109.0,False,,,,False,,🟠 排除：避險主導,避險高,-4,-4,0 張,無,無,無
0053,元大電子,TWSE,250.8,-2.5,182328.0,45805331.0,,,,,,,,,0.0,0.0,1.0,13.0,69658.0,,,True,False,False,0.0,13.0,False,,,,False,,🟠 排除：避險主導,避險高,-4,-4,0 張,無,無,無
3416,融程電,TWSE,162.0,1.0,160947.0,26187368.0,,,,,,,,,0.0,0.0,0.0,-12000.0,22269.0,,,True,False,False,0.0,-12000.0,False,,,,False,,🟠 排除：避險主導,避險高,-4,-4,0 張,無,無,無
6757,台灣虎航,TWSE,53.4,0.0,346431.0,18454253.0,,,,,,,,,0.0,0.0,1.0,44040.0,56000.0,,,True,False,False,0.0,44040.0,False,,,,False,,🟠 排除：避險主導,避險高,-4,-4,0 張,無,無,無
0057,富邦摩台,TWSE,331.75,-1.75,36296.0,12052141.0,,,,,,,,,0.0,0.0,1.0,1000.0,6000.0,,,True,False,False,0.0,1000.0,False,,,,False,,🟠 排除：避險主導,避險高,-4,-4,0 張,無,無,無
0051,元大中型100,TWSE,146.9,-1.25,51182.0,7534056.0,,,,,,,,,0.0,0.0,0.0,-1000.0,20785.0,,,True,False,False,0.0,-1000.0,False,,,,False,,🟠 排除：避險主導,避險高,-4,-4,0 張,無,無,無
6183,關貿,TWSE,90.5,-0.8,78004.0,7057786.0,,,,,,,,,0.0,0.0,0.0,-2000.0,3000.0,,,True,False,False,0.0,-2000.0,False,,,,False,,🟠 排除：避險主導,避險高,-4,-4,0 張,無,無,無
9930,中聯資源,TWSE,60.2,-0.2,99688.0,6014099.0,,,,,,,,,0.0,0.0,0.0,0.0,257.0,,,True,False,False,0.0,0.0,False,,,,False,,🟠 排除：避險主導,避險高,-4,-4,0 張,無,無,無
6771,平和環保-創,TWSE,41.8,-0.2,20118.0,845170.0,,,,,,,,,0.0,0.0,0.0,-1000.0,1000.0,,,True,False,False,0.0,-1000.0,False,,,,False,,🟠 排除：避險主導,避險高,-4,-4,0 張,無,無,無
2432,倚天酷碁-創,TWSE,27.65,0.4,7000.0,191650.0,,,,,,,,,0.0,0.0,0.0,0.0,6000.0,,,True,False,False,0.0,0.0,False,,,,False,,🟠 排除：避險主導,避險高,-4,-4,0 張,無,無,無
6955,邦睿生技-創,TWSE,95.3,1.1,1008.0,96066.0,,,,,,,,,0.0,0.0,0.0,0.0,8.0,,,True,False,False,0.0,0.0,False,,,,False,,🟠 排除：避險主導,避險高,-4,-4,0 張,無,無,無
2454,聯發科,TWSE,4910.0,-375.0,13758267.0,69000190336.0,,,,,,,,,0.0,-59444.0,0.0,-4669389.0,17254.0,,,False,False,False,-59444.0,-4669389.0,False,,,,False,,⚪ 排除：權值／ETF,權值/ETF,-5,-5,0 張,無,無,無
2330,台積電,TWSE,2475.0,0.0,26893348.0,66658833984.0,,,,,,,,,1.0,628676.0,0.0,-3736382.0,123397.0,,,False,False,False,628676.0,-3736382.0,False,,,,False,,⚪ 排除：權值／ETF,權值/ETF,-5,-5,0 張,無,無,無
2308,台達電,TWSE,1835.0,-75.0,14404821.0,26765070434.0,,,,,,,,,1.0,379972.0,0.0,-2790202.0,24922.0,,,False,False,False,379972.0,-2790202.0,False,,,,False,,⚪ 排除：權值／ETF,權值/ETF,-5,-5,0 張,無,無,無
0050,元大台灣50,TWSE,111.3,-1.1,110505674.0,12329061234.0,,,,,,,,,1.0,2250000.0,0.0,-68121726.0,1614530.0,,,False,False,False,2250000.0,-68121726.0,False,,,,False,,⚪ 排除：權值／ETF,權值/ETF,-5,-5,0 張,無,無,無
3711,日月光投控,TWSE,687.0,-12.0,14276948.0,9777704689.0,,,,,,,,,0.0,-927000.0,0.0,-723983.0,34727.0,,,False,False,False,-927000.0,-723983.0,False,,,,False,,⚪ 排除：權值／ETF,權值/ETF,-5,-5,0 張,無,無,無
2881,富邦金,TWSE,151.5,1.5,14184273.0,2163206411.0,,,,,,,,,0.0,-1687000.0,1.0,4214038.0,575120.0,,,False,False,False,-1687000.0,4214038.0,False,,,,False,,⚪ 排除：權值／ETF,權值/ETF,-5,-5,0 張,無,無,無
2882,國泰金,TWSE,111.5,1.0,19177458.0,2148872238.0,,,,,,,,,0.0,-146000.0,1.0,3743010.0,146357.0,,,False,False,False,-146000.0,3743010.0,False,,,,False,,⚪ 排除：權值／ETF,權值/ETF,-5,-5,0 張,無,無,無
0056,元大高股息,TWSE,56.55,-0.1,37937287.0,2147659968.0,,,,,,,,,1.0,262000.0,0.0,-5088991.0,22774421.0,,,True,False,False,262000.0,-5088991.0,False,,,,False,,⚪ 排除：權值／ETF,權值/ETF,-5,-5,0 張,無,無,無
2891,中信金,TWSE,68.7,0.2,27538151.0,1896894946.0,,,,,,,,,1.0,189000.0,1.0,1392658.0,928692.0,,,False,False,False,189000.0,1392658.0,False,,,,False,,⚪ 排除：權值／ETF,權值/ETF,-5,-5,0 張,無,無,無
2884,玉山金,TWSE,44.9,-0.7,32018146.0,1447940860.0,,,,,,,,,1.0,221000.0,0.0,-2727040.0,832149.0,,,False,False,False,221000.0,-2727040.0,False,,,,False,,⚪ 排除：權值／ETF,權值/ETF,-5,-5,0 張,無,無,無
2892,第一金,TWSE,38.6,-0.9,26936589.0,1046734644.0,,,,,,,,,1.0,382000.0,0.0,-3536945.0,58227.0,,,False,False,False,382000.0,-3536945.0,False,,,,False,,⚪ 排除：權值／ETF,權值/ETF,-5,-5,0 張,無,無,無
2886,兆豐金,TWSE,49.1,-0.5,20847357.0,1027724574.0,,,,,,,,,1.0,487000.0,0.0,-3664530.0,1547624.0,,,False,False,False,487000.0,-3664530.0,False,,,,False,,⚪ 排除：權值／ETF,權值/ETF,-5,-5,0 張,無,無,無
2880,華南金,TWSE,44.9,-0.85,12588665.0,568524286.0,,,,,,,,,0.0,-53000.0,0.0,-2826738.0,1378536.0,,,False,False,False,-53000.0,-2826738.0,False,,,,False,,⚪ 排除：權值／ETF,權值/ETF,-5,-5,0 張,無,無,無
2368,金像電,TWSE,1120.0,15.0,8818025.0,9679029130.0,,,,,,,,,1.0,803910.0,0.0,-1429677.0,49380.0,,,False,False,False,803910.0,-1429677.0,False,,,,False,⭐ 個人重點關注焦點股/PCB／CCL／載板,⚪ 不列入,未達標,0,10,0 張,無,無,無
4763,材料*-KY,TWSE,46.85,0.75,6564454.0,303838992.0,,,,,,,,,1.0,8000.0,0.0,-928094.0,25422.0,,,False,False,False,8000.0,-928094.0,False,,,,False,⭐ 個人重點關注焦點股,⚪ 不列入,未達標,0,10,0 張,無,無,無
6919,康霈*,TWSE,79.5,-0.6,3299496.0,264216863.0,,,,,,,,,0.0,0.0,0.0,-631341.0,14219.0,,,False,False,False,0.0,-631341.0,False,,,,False,⭐ 個人重點關注焦點股,⚪ 不列入,未達標,0,10,0 張,無,無,無
6197,佳必琪,TWSE,319.0,-1.0,683759.0,218827453.0,,,,,,,,,0.0,0.0,1.0,66712.0,11873.0,,,False,False,False,0.0,66712.0,False,,,,False,⭐ 個人重點關注焦點股/PCB／CCL／載板,⚪ 不列入,未達標,0,10,0 張,無,無,無
1808,潤隆,TWSE,31.6,-0.3,511395.0,16206564.0,,,,,,,,,0.0,0.0,0.0,-297000.0,0.0,,,False,False,False,0.0,-297000.0,False,,,,False,⭐ 個人重點關注焦點股,⚪ 不列入,未達標,0,10,0 張,無,無,無
3293,鈊象,TPEx,779.0,18.0,,,,,,,,,,,0.0,0.0,,0.0,,,,False,False,False,0.0,0.0,False,,,,False,⭐ 個人重點關注焦點股,⚪ 不列入,未達標,0,10,0 張,無,無,無
4958,臻鼎-KY,TWSE,498.5,23.0,41991459.0,20631585314.0,,,,,,,,,1.0,2941000.0,1.0,9983568.0,317482.0,,,False,False,False,2941000.0,9983568.0,False,,,,False,,⚪ 不列入,未達標,0,0,0 張,無,無,無
1303,南亞,TWSE,247.0,9.0,79311489.0,19325708081.0,,,,,,,,,1.0,1825000.0,1.0,30203488.0,1112170.0,,,False,False,False,1825000.0,30203488.0,False,,,,False,,⚪ 不列入,未達標,0,0,0 張,無,無,無
2409,友達,TWSE,35.05,0.85,539771575.0,18950225218.0,,,,,,,,,0.0,0.0,1.0,15537128.0,5976187.0,,,False,False,False,0.0,15537128.0,False,,,,False,,⚪ 不列入,未達標,0,0,0 張,無,無,無
2303,聯電,TWSE,153.5,-0.5,111591705.0,17221335945.0,,,,,,,,,1.0,9537000.0,0.0,-12782614.0,854616.0,,,False,False,False,9537000.0,-12782614.0,False,,,,False,,⚪ 不列入,未達標,0,0,0 張,無,無,無
6213,聯茂,TWSE,620.0,25.0,27479007.0,16662855592.0,,,,,,,,,1.0,181000.0,1.0,420317.0,60510.0,,,False,False,False,181000.0,420317.0,False,,,,False,,⚪ 不列入,未達標,0,0,0 張,無,無,無
3189,景碩,TWSE,955.0,-7.0,16460239.0,15648787364.0,,,,,,,,,1.0,287000.0,1.0,1103879.0,34829.0,,,False,False,False,287000.0,1103879.0,False,,,,False,,⚪ 不列入,未達標,0,0,0 張,無,無,無
3016,嘉晶,TWSE,172.5,12.5,75400142.0,12722191999.0,,,,,,,,,0.0,0.0,1.0,2406738.0,64398.0,,,False,False,False,0.0,2406738.0,False,,,,False,,⚪ 不列入,未達標,0,0,0 張,無,無,無
3037,欣興,TWSE,1165.0,-20.0,10830272.0,12608473900.0,,,,,,,,,1.0,483693.0,0.0,-765924.0,32688.0,,,False,False,False,483693.0,-765924.0,False,,,,False,PCB／CCL／載板,⚪ 不列入,未達標,0,0,0 張,無,無,無
2408,南亞科,TWSE,506.0,3.0,24966274.0,12490769872.0,,,,,,,,,0.0,-898000.0,1.0,2281592.0,219607.0,,,False,False,False,-898000.0,2281592.0,False,,,,False,,⚪ 不列入,未達標,0,0,0 張,無,無,無
3653,健策,TWSE,6895.0,-25.0,1660061.0,11585057305.0,,,,,,,,,1.0,127738.0,0.0,-309035.0,3204.0,,,False,False,False,127738.0,-309035.0,False,,,,False,,⚪ 不列入,未達標,0,0,0 張,無,無,無
8046,南電,TWSE,1270.0,30.0,9218794.0,11492652550.0,,,,,,,,,0.0,-91000.0,1.0,1587749.0,31354.0,,,False,False,False,-91000.0,1587749.0,False,,,,False,,⚪ 不列入,未達標,0,0,0 張,無,無,無
3665,貿聯-KY,TWSE,2445.0,105.0,4555402.0,11064171935.0,,,,,,,,,1.0,307000.0,1.0,720485.0,3896.0,,,False,False,False,307000.0,720485.0,False,,,,False,,⚪ 不列入,未達標,0,0,0 張,無,無,無
3008,大立光,TWSE,6020.0,-225.0,1784096.0,10750544165.0,,,,,,,,,1.0,1000.0,0.0,-278144.0,15326.0,,,False,False,False,1000.0,-278144.0,False,,,,False,,⚪ 不列入,未達標,0,0,0 張,無,無,無
2449,京元電子,TWSE,294.5,-16.5,29756706.0,8818442309.0,,,,,,,,,1.0,1000.0,0.0,-12634181.0,196974.0,,,False,False,False,1000.0,-12634181.0,False,,,,False,,⚪ 不列入,未達標,0,0,0 張,無,無,無
3443,創意,TWSE,7925.0,-600.0,1082917.0,8789139375.0,,,,,,,,,0.0,-175000.0,1.0,33502.0,24052.0,,,False,False,False,-175000.0,33502.0,False,,,,False,,⚪ 不列入,未達標,0,0,0 張,無,無,無
8996,高力,TWSE,1585.0,55.0,5083158.0,7976371390.0,,,,,,,,,1.0,189000.0,0.0,-727813.0,29000.0,,,False,False,False,189000.0,-727813.0,False,,,,False,,⚪ 不列入,未達標,0,0,0 張,無,無,無
2344,華邦電,TWSE,174.0,2.5,45790945.0,7834090542.0,,,,,,,,,0.0,-2002000.0,1.0,7390748.0,684031.0,,,False,False,False,-2002000.0,7390748.0,False,,,,False,,⚪ 不列入,未達標,0,0,0 張,無,無,無
2317,鴻海,TWSE,250.5,0.0,31188879.0,7822109186.0,,,,,,,,,0.0,-28041.0,1.0,3091044.0,115023.0,,,False,False,False,-28041.0,3091044.0,False,,,,False,AI 伺服器／ODM,⚪ 不列入,未達標,0,0,0 張,無,無,無
3042,晶技,TWSE,208.5,5.5,34407830.0,7266342316.0,,,,,,,,,1.0,1050000.0,0.0,-2638681.0,148231.0,,,False,False,False,1050000.0,-2638681.0,False,,,,False,,⚪ 不列入,未達標,0,0,0 張,無,無,無
3231,緯創,TWSE,185.5,1.0,32141710.0,5947031637.0,,,,,,,,,1.0,31000.0,1.0,8079740.0,452055.0,,,False,False,False,31000.0,8079740.0,False,,,,False,AI 伺服器／ODM,⚪ 不列入,未達標,0,0,0 張,無,無,無
8150,南茂,TWSE,104.5,-7.5,53281367.0,5692988965.0,,,,,,,,,1.0,1000.0,0.0,-20626616.0,469573.0,,,False,False,False,1000.0,-20626616.0,False,,,,False,,⚪ 不列入,未達標,0,0,0 張,無,無,無
7769,鴻勁,TWSE,5585.0,-85.0,992836.0,5606292175.0,,,,,,,,,0.0,-250149.0,1.0,66836.0,4305.0,,,False,False,False,-250149.0,66836.0,False,,,,False,,⚪ 不列入,未達標,0,0,0 張,無,無,無
2059,川湖,TWSE,12115.0,-235.0,448531.0,5430097455.0,,,,,,,,,0.0,-19200.0,1.0,68970.0,2727.0,,,False,False,False,-19200.0,68970.0,False,,,,False,,⚪ 不列入,未達標,0,0,0 張,無,無,無
8028,昇陽半導體,TWSE,289.0,20.0,18892813.0,5387882281.0,,,,,,,,,1.0,2202000.0,0.0,-2008153.0,160022.0,,,False,False,False,2202000.0,-2008153.0,False,,,,False,,⚪ 不列入,未達標,0,0,0 張,無,無,無
3481,群創,TWSE,49.75,0.2,104276061.0,5181130062.0,,,,,,,,,1.0,12000.0,1.0,5882780.0,666015.0,,,False,False,False,12000.0,5882780.0,False,,,,False,,⚪ 不列入,未達標,0,0,0 張,無,無,無
6770,力積電,TWSE,72.3,0.3,63341436.0,4574672433.0,,,,,,,,,1.0,4000.0,1.0,15263585.0,174156.0,,,False,False,False,4000.0,15263585.0,False,,,,False,,⚪ 不列入,未達標,0,0,0 張,無,無,無
3167,大量,TWSE,903.0,-46.0,4902893.0,4470048371.0,,,,,,,,,0.0,0.0,0.0,-582553.0,299.0,,,False,False,False,0.0,-582553.0,False,,,,False,,⚪ 不列入,未達標,0,0,0 張,無,無,無
3026,禾伸堂,TWSE,796.0,-14.0,5185200.0,4113470891.0,,,,,,,,,1.0,185000.0,0.0,-877457.0,3255.0,,,False,False,False,185000.0,-877457.0,False,,,,False,,⚪ 不列入,未達標,0,0,0 張,無,無,無
2301,光寶科,TWSE,281.0,-6.0,13566253.0,3831711495.0,,,,,,,,,1.0,2000.0,0.0,-3230216.0,7972.0,,,False,False,False,2000.0,-3230216.0,False,,,,False,,⚪ 不列入,未達標,0,0,0 張,無,無,無
6505,台塑化,TWSE,94.3,7.1,40587920.0,3827737724.0,,,,,,,,,1.0,8088000.0,1.0,8411155.0,297363.0,,,False,False,False,8088000.0,8411155.0,False,,,,False,,⚪ 不列入,未達標,0,0,0 張,無,無,無
8039,台虹,TWSE,273.5,15.0,14052899.0,3760015064.0,,,,,,,,,1.0,70000.0,0.0,-1009153.0,246707.0,,,False,False,False,70000.0,-1009153.0,False,,,,False,,⚪ 不列入,未達標,0,0,0 張,無,無,無
2404,漢唐,TWSE,1220.0,-65.0,3026743.0,3675036890.0,,,,,,,,,1.0,403000.0,0.0,-848690.0,61550.0,,,False,False,False,403000.0,-848690.0,False,,,,False,,⚪ 不列入,未達標,0,0,0 張,無,無,無
3533,嘉澤,TWSE,1710.0,20.0,2102968.0,3619904280.0,,,,,,,,,1.0,10000.0,1.0,68747.0,16855.0,,,False,False,False,10000.0,68747.0,False,,,,False,,⚪ 不列入,未達標,0,0,0 張,無,無,無
2481,強茂,TWSE,175.5,1.0,20652896.0,3618986760.0,,,,,,,,,1.0,180000.0,0.0,-3192860.0,131473.0,,,False,False,False,180000.0,-3192860.0,False,,,,False,,⚪ 不列入,未達標,0,0,0 張,無,無,無
2382,廣達,TWSE,336.5,-2.0,10639698.0,3601360954.0,,,,,,,,,0.0,-27000.0,1.0,894127.0,190803.0,,,False,False,False,-27000.0,894127.0,False,,,,False,AI 伺服器／ODM,⚪ 不列入,未達標,0,0,0 張,無,無,無
1727,中華化,TWSE,118.5,3.0,29773336.0,3358794480.0,,,,,,,,,0.0,0.0,0.0,-253541.0,225398.0,,,False,False,False,0.0,-253541.0,False,,,,False,,⚪ 不列入,未達標,0,0,0 張,無,無,無
3532,台勝科,TWSE,454.0,1.5,7089443.0,3272712682.0,,,,,,,,,1.0,1000.0,1.0,70452.0,15702.0,,,False,False,False,1000.0,70452.0,False,,,,False,,⚪ 不列入,未達標,0,0,0 張,無,無,無
6533,晶心科,TWSE,303.5,27.5,11054299.0,3182576865.0,,,,,,,,,0.0,-5000.0,1.0,350730.0,28430.0,,,False,False,False,-5000.0,350730.0,False,,,,False,,⚪ 不列入,未達標,0,0,0 張,無,無,無
2376,技嘉,TWSE,362.0,0.5,8243400.0,2992018480.0,,,,,,,,,1.0,2000.0,1.0,1778058.0,32210.0,,,False,False,False,2000.0,1778058.0,False,,,,False,,⚪ 不列入,未達標,0,0,0 張,無,無,無
2395,研華,TWSE,730.0,8.0,3797824.0,2799449374.0,,,,,,,,,1.0,528000.0,0.0,-545730.0,8508.0,,,False,False,False,528000.0,-545730.0,False,,,,False,,⚪ 不列入,未達標,0,0,0 張,無,無,無
3450,聯鈞,TWSE,525.0,12.0,5251568.0,2753668793.0,,,,,,,,,0.0,0.0,1.0,17404.0,905.0,,,False,False,False,0.0,17404.0,False,,,,False,矽光子／CPO／光通訊,⚪ 不列入,未達標,0,0,0 張,無,無,無
6672,騰輝電子-KY,TWSE,335.5,-2.0,8175142.0,2676727029.0,,,,,,,,,0.0,0.0,0.0,-899995.0,34589.0,,,False,False,False,0.0,-899995.0,False,,,,False,,⚪ 不列入,未達標,0,0,0 張,無,無,無
2426,鼎元,TWSE,99.8,2.9,26792812.0,2666089569.0,,,,,,,,,0.0,0.0,1.0,7053914.0,103142.0,,,False,False,False,0.0,7053914.0,False,,,,False,,⚪ 不列入,未達標,0,0,0 張,無,無,無
6446,藥華藥,TWSE,1195.0,40.0,2230766.0,2649082330.0,,,,,,,,,0.0,0.0,1.0,50725.0,4111.0,,,False,False,False,0.0,50725.0,False,,,,False,,⚪ 不列入,未達標,0,0,0 張,無,無,無
6805,富世達,TWSE,2515.0,-15.0,1045620.0,2588910720.0,,,,,,,,,0.0,-111000.0,1.0,122545.0,5738.0,,,False,False,False,-111000.0,122545.0,False,,,,False,AI 伺服器／ODM,⚪ 不列入,未達標,0,0,0 張,無,無,無
3006,晶豪科,TWSE,285.0,10.0,9171752.0,2574064644.0,,,,,,,,,1.0,20000.0,1.0,2900127.0,237501.0,,,False,False,False,20000.0,2900127.0,False,,,,False,,⚪ 不列入,未達標,0,0,0 張,無,無,無
6278,台表科,TWSE,216.0,4.0,11298020.0,2447130847.0,,,,,,,,,0.0,-159000.0,1.0,268976.0,110587.0,,,False,False,False,-159000.0,268976.0,False,,,,False,,⚪ 不列入,未達標,0,0,0 張,無,無,無
2357,華碩,TWSE,963.0,10.0,2455352.0,2365498037.0,,,,,,,,,0.0,-95500.0,1.0,403659.0,67008.0,,,False,False,False,-95500.0,403659.0,False,,,,False,,⚪ 不列入,未達標,0,0,0 張,無,無,無
2484,希華,TWSE,76.9,4.1,30199086.0,2323900085.0,,,,,,,,,0.0,0.0,1.0,4941316.0,54654.0,,,False,False,False,0.0,4941316.0,False,,,,False,,⚪ 不列入,未達標,0,0,0 張,無,無,無
3605,宏致,TWSE,182.5,-1.0,12502653.0,2311292536.0,,,,,,,,,0.0,0.0,0.0,-427560.0,5914.0,,,False,False,False,0.0,-427560.0,False,,,,False,,⚪ 不列入,未達標,0,0,0 張,無,無,無
2379,瑞昱,TWSE,760.0,11.0,3051454.0,2302819136.0,,,,,,,,,1.0,10000.0,1.0,702805.0,55847.0,,,False,False,False,10000.0,702805.0,False,,,,False,,⚪ 不列入,未達標,0,0,0 張,無,無,無
1301,台塑,TWSE,64.6,0.5,34908356.0,2280974553.0,,,,,,,,,0.0,0.0,1.0,790550.0,192200.0,,,False,False,False,0.0,790550.0,False,,,,False,,⚪ 不列入,未達標,0,0,0 張,無,無,無
2313,華通,TWSE,226.0,3.5,10064805.0,2256521682.0,,,,,,,,,1.0,747000.0,1.0,1329348.0,40954.0,,,False,False,False,747000.0,1329348.0,False,,,,False,,⚪ 不列入,未達標,0,0,0 張,無,無,無
2887,台新新光金,TWSE,41.8,-0.7,46941880.0,1980350476.0,,,,,,,,,1.0,662000.0,0.0,-11665083.0,917168.0,,,False,False,False,662000.0,-11665083.0,False,,,,False,,⚪ 不列入,未達標,0,0,0 張,無,無,無
6239,力成,TWSE,281.0,-6.0,6785487.0,1909973351.0,,,,,,,,,1.0,27000.0,0.0,-3711572.0,12683.0,,,False,False,False,27000.0,-3711572.0,False,,,,False,,⚪ 不列入,未達標,0,0,0 張,無,無,無
2464,盟立,TWSE,192.0,-3.5,9138976.0,1789686548.0,,,,,,,,,0.0,0.0,1.0,659704.0,118905.0,,,False,False,False,0.0,659704.0,False,,,,False,,⚪ 不列入,未達標,0,0,0 張,無,無,無
2337,旺宏,TWSE,118.5,1.5,15127999.0,1774306918.0,,,,,,,,,1.0,9000.0,1.0,2738707.0,188967.0,,,False,False,False,9000.0,2738707.0,False,,,,False,,⚪ 不列入,未達標,0,0,0 張,無,無,無
6456,GIS-KY,TWSE,89.4,8.1,18926798.0,1676209772.0,,,,,,,,,0.0,0.0,1.0,721100.0,262529.0,,,False,False,False,0.0,721100.0,False,,,,False,,⚪ 不列入,未達標,0,0,0 張,無,無,無
6933,AMAX-KY,TWSE,378.0,-7.0,4137444.0,1590946977.0,,,,,,,,,0.0,0.0,0.0,-548873.0,12444.0,,,False,False,False,0.0,-548873.0,False,,,,False,,⚪ 不列入,未達標,0,0,0 張,無,無,無
3035,智原,TWSE,210.0,3.5,7221057.0,1528588509.0,,,,,,,,,0.0,-18000.0,1.0,1569855.0,62171.0,,,False,False,False,-18000.0,1569855.0,False,,,,False,,⚪ 不列入,未達標,0,0,0 張,無,無,無
3034,聯詠,TWSE,540.0,-3.0,2795234.0,1517089703.0,,,,,,,,,0.0,-186000.0,1.0,1000075.0,71438.0,,,False,False,False,-186000.0,1000075.0,False,,,,False,,⚪ 不列入,未達標,0,0,0 張,無,無,無
6257,矽格,TWSE,236.5,-6.5,6304390.0,1493099050.0,,,,,,,,,1.0,22000.0,0.0,-2126454.0,67123.0,,,False,False,False,22000.0,-2126454.0,False,,,,False,,⚪ 不列入,未達標,0,0,0 張,無,無,無
3055,蔚華科,TWSE,203.5,4.5,7359541.0,1485495673.0,,,,,,,,,0.0,0.0,0.0,-485504.0,19776.0,,,False,False,False,0.0,-485504.0,False,,,,False,,⚪ 不列入,未達標,0,0,0 張,無,無,無
2883,凱基金,TWSE,38.95,0.0,37568266.0,1473272685.0,,,,,,,,,1.0,732000.0,1.0,1546848.0,1169056.0,,,False,False,False,732000.0,1546848.0,False,,,,False,,⚪ 不列入,未達標,0,0,0 張,無,無,無
6414,樺漢,TWSE,398.0,24.0,3643742.0,1453934122.0,,,,,,,,,0.0,-3000.0,1.0,600740.0,41296.0,,,False,False,False,-3000.0,600740.0,False,,,,False,,⚪ 不列入,未達標,0,0,0 張,無,無,無
6526,達發,TWSE,814.0,-26.0,1776119.0,1448504969.0,,,,,,,,,0.0,0.0,1.0,211639.0,6995.0,,,False,False,False,0.0,211639.0,False,,,,False,,⚪ 不列入,未達標,0,0,0 張,無,無,無
3563,牧德,TWSE,794.0,25.0,1814860.0,1438588241.0,,,,,,,,,0.0,0.0,0.0,-192170.0,1199.0,,,False,False,False,0.0,-192170.0,False,,,,False,,⚪ 不列入,未達標,0,0,0 張,無,無,無
2885,元大金,TWSE,68.7,-0.5,20346003.0,1403201550.0,,,,,,,,,1.0,1331000.0,0.0,-2950685.0,657544.0,,,False,False,False,1331000.0,-2950685.0,False,,,,False,,⚪ 不列入,未達標,0,0,0 張,無,無,無
2342,茂矽,TWSE,50.1,1.9,27339538.0,1392752097.0,,,,,,,,,0.0,0.0,0.0,-479327.0,59729.0,,,False,False,False,0.0,-479327.0,False,,,,False,,⚪ 不列入,未達標,0,0,0 張,無,無,無
2609,陽明,TWSE,58.4,-1.2,23606564.0,1382090934.0,,,,,,,,,1.0,11000.0,0.0,-5903084.0,225939.0,,,False,False,False,11000.0,-5903084.0,False,,,,False,,⚪ 不列入,未達標,0,0,0 張,無,無,無
1809,中釉,TWSE,45.0,-0.35,30009242.0,1367614265.0,,,,,,,,,0.0,0.0,0.0,-2855650.0,46956.0,,,False,False,False,0.0,-2855650.0,False,,,,False,,⚪ 不列入,未達標,0,0,0 張,無,無,無
6415,矽力*-KY,TWSE,409.0,-16.5,3215719.0,1323647141.0,,,,,,,,,0.0,-133000.0,1.0,57703.0,3979.0,,,False,False,False,-133000.0,57703.0,False,,,,False,,⚪ 不列入,未達標,0,0,0 張,無,無,無
6442,光聖,TWSE,1500.0,-30.0,850892.0,1282528340.0,,,,,,,,,0.0,0.0,0.0,-241650.0,7694.0,,,False,False,False,0.0,-241650.0,False,,,,False,,⚪ 不列入,未達標,0,0,0 張,無,無,無
4919,新唐,TWSE,135.5,-0.5,9319257.0,1269634798.0,,,,,,,,,1.0,11000.0,0.0,-1173315.0,5498.0,,,False,False,False,11000.0,-1173315.0,False,,,,False,,⚪ 不列入,未達標,0,0,0 張,無,無,無
6426,統新,TWSE,354.0,-35.0,3408026.0,1228761927.0,,,,,,,,,0.0,0.0,0.0,-575054.0,3240.0,,,False,False,False,0.0,-575054.0,False,,,,False,,⚪ 不列入,未達標,0,0,0 張,無,無,無
1709,和益,TWSE,44.0,0.5,27159406.0,1199442486.0,,,,,,,,,0.0,0.0,1.0,851308.0,680.0,,,False,False,False,0.0,851308.0,False,,,,False,,⚪ 不列入,未達標,0,0,0 張,無,無,無
1590,亞德客-KY,TWSE,1210.0,0.0,943554.0,1139145013.0,,,,,,,,,0.0,-19000.0,1.0,48937.0,548.0,,,False,False,False,-19000.0,48937.0,False,,,,False,機器人／智慧自動化,⚪ 不列入,未達標,0,0,0 張,無,無,無
2324,仁寶,TWSE,36.05,-0.45,29621824.0,1079116515.0,,,,,,,,,1.0,11000.0,0.0,-13959215.0,239734.0,,,False,False,False,11000.0,-13959215.0,False,,,,False,,⚪ 不列入,未達標,0,0,0 張,無,無,無
1560,中砂,TWSE,956.0,-15.0,1083052.0,1044324058.0,,,,,,,,,1.0,2000.0,1.0,46725.0,6791.0,,,False,False,False,2000.0,46725.0,False,,,,False,,⚪ 不列入,未達標,0,0,0 張,無,無,無
6196,帆宣,TWSE,544.0,-21.0,1880519.0,1025999093.0,,,,,,,,,0.0,0.0,0.0,-337544.0,9723.0,,,False,False,False,0.0,-337544.0,False,,,,False,,⚪ 不列入,未達標,0,0,0 張,無,無,無
8210,勤誠,TWSE,877.0,-20.0,1137156.0,1002390547.0,,,,,,,,,0.0,0.0,0.0,-633198.0,5853.0,,,False,False,False,0.0,-633198.0,False,,,,False,,⚪ 不列入,未達標,0,0,0 張,無,無,無
7610,聯友金屬-創,TWSE,1730.0,-100.0,565924.0,997036130.0,,,,,,,,,0.0,0.0,0.0,-36642.0,230.0,,,False,False,False,0.0,-36642.0,False,,,,False,,⚪ 不列入,未達標,0,0,0 張,無,無,無
3036,文曄,TWSE,207.5,0.5,4569244.0,944187148.0,,,,,,,,,0.0,-15000.0,1.0,848548.0,79863.0,,,False,False,False,-15000.0,848548.0,False,,,,False,,⚪ 不列入,未達標,0,0,0 張,無,無,無
2436,偉詮電,TWSE,75.9,3.5,12261097.0,911695923.0,,,,,,,,,0.0,-14000.0,1.0,2249891.0,556472.0,,,False,False,False,-14000.0,2249891.0,False,,,,False,,⚪ 不列入,未達標,0,0,0 張,無,無,無
6209,今國光,TWSE,81.5,1.6,10707256.0,878127817.0,,,,,,,,,0.0,0.0,1.0,2202538.0,288956.0,,,False,False,False,0.0,2202538.0,False,,,,False,,⚪ 不列入,未達標,0,0,0 張,無,無,無
0052,富邦科技,TWSE,64.95,-0.45,13497237.0,877835376.0,,,,,,,,,0.0,0.0,0.0,-3287134.0,1751351.0,,,False,False,False,0.0,-3287134.0,False,,,,False,,⚪ 不列入,未達標,0,0,0 張,無,無,無
1519,華城,TWSE,688.0,-11.0,1241444.0,865921276.0,,,,,,,,,1.0,34000.0,0.0,-509211.0,10256.0,,,False,False,False,34000.0,-509211.0,False,,,,False,重電／綠能,⚪ 不列入,未達標,0,0,0 張,無,無,無
2351,順德,TWSE,215.5,-4.0,3820238.0,827486048.0,,,,,,,,,0.0,0.0,1.0,126488.0,4998.0,,,False,False,False,0.0,126488.0,False,,,,False,,⚪ 不列入,未達標,0,0,0 張,無,無,無
1101,台泥,TWSE,25.3,0.05,31598983.0,796559063.0,,,,,,,,,1.0,1000.0,0.0,-301243.0,237002.0,,,False,False,False,1000.0,-301243.0,False,,,,False,,⚪ 不列入,未達標,0,0,0 張,無,無,無
3673,TPK-KY,TWSE,68.7,3.1,11366605.0,777722182.0,,,,,,,,,0.0,0.0,0.0,-843518.0,278960.0,,,False,False,False,0.0,-843518.0,False,,,,False,,⚪ 不列入,未達標,0,0,0 張,無,無,無
2049,上銀,TWSE,335.5,10.0,2189754.0,732975581.0,,,,,,,,,0.0,0.0,1.0,1054762.0,127179.0,,,False,False,False,0.0,1054762.0,False,,,,False,,⚪ 不列入,未達標,0,0,0 張,無,無,無
4956,光鋐,TWSE,46.0,1.5,16057652.0,729662084.0,,,,,,,,,0.0,0.0,1.0,968167.0,685.0,,,False,False,False,0.0,968167.0,False,,,,False,,⚪ 不列入,未達標,0,0,0 張,無,無,無
3045,台灣大,TWSE,121.0,-1.5,5806538.0,703503072.0,,,,,,,,,0.0,0.0,0.0,-211031.0,137322.0,,,False,False,False,0.0,-211031.0,False,,,,False,,⚪ 不列入,未達標,0,0,0 張,無,無,無
2002,中鋼,TWSE,18.8,0.15,36951740.0,697623633.0,,,,,,,,,1.0,9000.0,1.0,10050129.0,191000.0,,,False,False,False,9000.0,10050129.0,False,,,,False,,⚪ 不列入,未達標,0,0,0 張,無,無,無
6166,凌華,TWSE,135.0,3.0,5049553.0,694669801.0,,,,,,,,,0.0,0.0,1.0,682738.0,21753.0,,,False,False,False,0.0,682738.0,False,,,,False,,⚪ 不列入,未達標,0,0,0 張,無,無,無
6706,惠特,TWSE,151.0,8.0,4511914.0,676045338.0,,,,,,,,,0.0,0.0,1.0,287842.0,197675.0,,,False,False,False,0.0,287842.0,False,,,,False,,⚪ 不列入,未達標,0,0,0 張,無,無,無
6861,睿生光電,TWSE,285.0,5.5,2318339.0,653010150.0,,,,,,,,,0.0,0.0,0.0,-21196.0,9179.0,,,False,False,False,0.0,-21196.0,False,,,,False,,⚪ 不列入,未達標,0,0,0 張,無,無,無
6285,啟碁,TWSE,232.5,-5.5,2760613.0,645865441.0,,,,,,,,,1.0,2000.0,0.0,-884864.0,117658.0,,,False,False,False,2000.0,-884864.0,False,,,,False,,⚪ 不列入,未達標,0,0,0 張,無,無,無
3149,正達,TWSE,67.3,4.0,9373933.0,622785110.0,,,,,,,,,0.0,0.0,1.0,1152680.0,721.0,,,False,False,False,0.0,1152680.0,False,,,,False,,⚪ 不列入,未達標,0,0,0 張,無,無,無
4770,上品,TWSE,286.5,5.0,2148058.0,619120414.0,,,,,,,,,0.0,0.0,0.0,-239346.0,17127.0,,,False,False,False,0.0,-239346.0,False,,,,False,,⚪ 不列入,未達標,0,0,0 張,無,無,無
2618,長榮航,TWSE,41.5,-0.5,14347588.0,597059756.0,,,,,,,,,1.0,924000.0,0.0,-3068282.0,428423.0,,,False,False,False,924000.0,-3068282.0,False,,,,False,,⚪ 不列入,未達標,0,0,0 張,無,無,無
4576,大銀微系統,TWSE,241.0,16.0,2503523.0,591423022.0,,,,,,,,,0.0,0.0,1.0,788396.0,112912.0,,,False,False,False,0.0,788396.0,False,,,,False,,⚪ 不列入,未達標,0,0,0 張,無,無,無
2834,臺企銀,TWSE,17.6,-0.25,33187671.0,587479374.0,,,,,,,,,1.0,9000.0,0.0,-8188275.0,14759.0,,,False,False,False,9000.0,-8188275.0,False,,,,False,,⚪ 不列入,未達標,0,0,0 張,無,無,無
2340,台亞,TWSE,38.0,3.45,15628464.0,583266646.0,,,,,,,,,0.0,0.0,1.0,3025234.0,227703.0,,,False,False,False,0.0,3025234.0,False,,,,False,,⚪ 不列入,未達標,0,0,0 張,無,無,無
3094,聯傑,TWSE,59.7,5.4,10028323.0,582254266.0,,,,,,,,,0.0,0.0,1.0,154980.0,0.0,,,False,False,False,0.0,154980.0,False,,,,False,,⚪ 不列入,未達標,0,0,0 張,無,無,無
4904,遠傳,TWSE,104.5,-1.0,5442744.0,570516339.0,,,,,,,,,0.0,0.0,0.0,-792308.0,337216.0,,,False,False,False,0.0,-792308.0,False,,,,False,,⚪ 不列入,未達標,0,0,0 張,無,無,無
2455,全新,TWSE,543.0,-11.0,1025212.0,558313880.0,,,,,,,,,1.0,35000.0,0.0,-109309.0,85514.0,,,False,False,False,35000.0,-109309.0,False,,,,False,,⚪ 不列入,未達標,0,0,0 張,無,無,無
4906,正文,TWSE,40.2,2.55,13404590.0,534770777.0,,,,,,,,,0.0,0.0,1.0,2077611.0,417796.0,,,False,False,False,0.0,2077611.0,False,,,,False,,⚪ 不列入,未達標,0,0,0 張,無,無,無
6944,兆聯實業,TWSE,776.0,16.0,674422.0,526865265.0,,,,,,,,,0.0,0.0,1.0,44851.0,3092.0,,,False,False,False,0.0,44851.0,False,,,,False,,⚪ 不列入,未達標,0,0,0 張,無,無,無
3583,辛耘,TWSE,713.0,15.0,714980.0,510406464.0,,,,,,,,,0.0,0.0,1.0,71124.0,12819.0,,,False,False,False,0.0,71124.0,False,,,,False,,⚪ 不列入,未達標,0,0,0 張,無,無,無
1717,長興,TWSE,72.5,1.1,6975970.0,505507851.0,,,,,,,,,1.0,2000.0,1.0,2448647.0,13039.0,,,False,False,False,2000.0,2448647.0,False,,,,False,,⚪ 不列入,未達標,0,0,0 張,無,無,無
3714,富采,TWSE,68.1,0.5,7402683.0,503944635.0,,,,,,,,,0.0,0.0,1.0,1647283.0,460.0,,,False,False,False,0.0,1647283.0,False,,,,False,,⚪ 不列入,未達標,0,0,0 張,無,無,無
6830,汎銓,TWSE,533.0,-7.0,911857.0,489954155.0,,,,,,,,,0.0,0.0,1.0,58445.0,429.0,,,False,False,False,0.0,58445.0,False,,,,False,,⚪ 不列入,未達標,0,0,0 張,無,無,無
2467,志聖,TWSE,544.0,15.0,889505.0,483921914.0,,,,,,,,,0.0,0.0,1.0,170950.0,36704.0,,,False,False,False,0.0,170950.0,False,,,,False,,⚪ 不列入,未達標,0,0,0 張,無,無,無
4551,智伸科,TWSE,179.5,16.0,2692592.0,469794935.0,,,,,,,,,1.0,131000.0,1.0,295986.0,42556.0,,,False,False,False,131000.0,295986.0,False,,,,False,,⚪ 不列入,未達標,0,0,0 張,無,無,無
6155,鈞寶,TWSE,64.0,3.8,7364788.0,467373353.0,,,,,,,,,0.0,0.0,0.0,-1063534.0,39628.0,,,False,False,False,0.0,-1063534.0,False,,,,False,,⚪ 不列入,未達標,0,0,0 張,無,無,無
3717,聯嘉投控,TWSE,27.85,2.5,17004945.0,466154498.0,,,,,,,,,0.0,0.0,1.0,3291000.0,23651.0,,,False,False,False,0.0,3291000.0,False,,,,False,,⚪ 不列入,未達標,0,0,0 張,無,無,無
8103,瀚荃,TWSE,117.0,-6.0,3898756.0,464530415.0,,,,,,,,,0.0,0.0,1.0,119368.0,22279.0,,,False,False,False,0.0,119368.0,False,,,,False,,⚪ 不列入,未達標,0,0,0 張,無,無,無
2399,映泰,TWSE,49.2,1.9,9457571.0,464275060.0,,,,,,,,,0.0,0.0,1.0,1668603.0,32438.0,,,False,False,False,0.0,1668603.0,False,,,,False,,⚪ 不列入,未達標,0,0,0 張,無,無,無
1802,台玻,TWSE,57.6,-0.8,7975945.0,460082038.0,,,,,,,,,0.0,0.0,0.0,-2038839.0,103331.0,,,False,False,False,0.0,-2038839.0,False,,,,False,,⚪ 不列入,未達標,0,0,0 張,無,無,無
2486,一詮,TWSE,237.0,3.0,1955933.0,460034487.0,,,,,,,,,0.0,0.0,1.0,408209.0,3645.0,,,False,False,False,0.0,408209.0,False,,,,False,,⚪ 不列入,未達標,0,0,0 張,無,無,無
3014,聯陽,TWSE,143.5,3.0,3216326.0,459854014.0,,,,,,,,,1.0,16480.0,1.0,596270.0,9458.0,,,False,False,False,16480.0,596270.0,False,,,,False,,⚪ 不列入,未達標,0,0,0 張,無,無,無
4566,時碩工業,TWSE,73.2,-1.1,6270637.0,459064412.0,,,,,,,,,0.0,0.0,1.0,249321.0,889.0,,,False,False,False,0.0,249321.0,False,,,,False,機器人／智慧自動化,⚪ 不列入,未達標,0,0,0 張,無,無,無
2451,創見,TWSE,286.0,1.5,1570470.0,448795906.0,,,,,,,,,1.0,17000.0,1.0,666931.0,9638.0,,,False,False,False,17000.0,666931.0,False,,,,False,,⚪ 不列入,未達標,0,0,0 張,無,無,無
2347,聯強,TWSE,94.5,0.0,4671338.0,445811348.0,,,,,,,,,1.0,14600.0,1.0,347231.0,105792.0,,,False,False,False,14600.0,347231.0,False,,,,False,,⚪ 不列入,未達標,0,0,0 張,無,無,無
6789,采鈺,TWSE,478.5,13.0,922802.0,435580702.0,,,,,,,,,1.0,2000.0,1.0,74223.0,15131.0,,,False,False,False,2000.0,74223.0,False,,,,False,,⚪ 不列入,未達標,0,0,0 張,無,無,無
2637,慧洋-KY,TWSE,95.0,-5.5,4494224.0,432684650.0,,,,,,,,,1.0,1000.0,0.0,-1498003.0,33573.0,,,False,False,False,1000.0,-1498003.0,False,,,,False,,⚪ 不列入,未達標,0,0,0 張,無,無,無
1314,中石化,TWSE,8.74,-0.12,47669196.0,421438113.0,,,,,,,,,0.0,0.0,0.0,-10771239.0,0.0,,,False,False,False,0.0,-10771239.0,False,,,,False,,⚪ 不列入,未達標,0,0,0 張,無,無,無
2034,允強,TWSE,23.4,0.6,17704386.0,419033606.0,,,,,,,,,0.0,0.0,0.0,-2188221.0,31145.0,,,False,False,False,0.0,-2188221.0,False,,,,False,,⚪ 不列入,未達標,0,0,0 張,無,無,無
3030,德律,TWSE,276.0,6.0,1413018.0,390029449.0,,,,,,,,,0.0,0.0,1.0,242076.0,74491.0,,,False,False,False,0.0,242076.0,False,,,,False,,⚪ 不列入,未達標,0,0,0 張,無,無,無
2493,揚博,TWSE,196.0,5.0,1972776.0,387422468.0,,,,,,,,,0.0,0.0,1.0,447277.0,18771.0,,,False,False,False,0.0,447277.0,False,,,,False,,⚪ 不列入,未達標,0,0,0 張,無,無,無
2305,全友,TWSE,69.1,6.2,5849225.0,385816544.0,,,,,,,,,0.0,0.0,1.0,801100.0,0.0,,,False,False,False,0.0,801100.0,False,,,,False,,⚪ 不列入,未達標,0,0,0 張,無,無,無
6831,邁科,TWSE,492.0,-5.5,786787.0,385486568.0,,,,,,,,,0.0,0.0,1.0,90098.0,6812.0,,,False,False,False,0.0,90098.0,False,,,,False,,⚪ 不列入,未達標,0,0,0 張,無,無,無
2498,宏達電,TWSE,43.0,1.2,8994708.0,382956650.0,,,,,,,,,0.0,0.0,1.0,565118.0,207005.0,,,False,False,False,0.0,565118.0,False,,,,False,,⚪ 不列入,未達標,0,0,0 張,無,無,無
5269,祥碩,TWSE,1475.0,-5.0,255261.0,377528790.0,,,,,,,,,0.0,-1000.0,1.0,24084.0,11077.0,,,False,False,False,-1000.0,24084.0,False,,,,False,,⚪ 不列入,未達標,0,0,0 張,無,無,無
2606,裕民,TWSE,73.4,-3.3,4989525.0,369875358.0,,,,,,,,,1.0,1000.0,0.0,-2044573.0,58150.0,,,False,False,False,1000.0,-2044573.0,False,,,,False,,⚪ 不列入,未達標,0,0,0 張,無,無,無
1597,直得,TWSE,146.5,13.0,2569668.0,366341960.0,,,,,,,,,0.0,0.0,1.0,729690.0,79317.0,,,False,False,False,0.0,729690.0,False,,,,False,,⚪ 不列入,未達標,0,0,0 張,無,無,無
6937,天虹,TWSE,308.0,7.5,1184738.0,365116321.0,,,,,,,,,0.0,0.0,1.0,196145.0,64596.0,,,False,False,False,0.0,196145.0,False,,,,False,,⚪ 不列入,未達標,0,0,0 張,無,無,無
2812,台中銀,TWSE,18.8,-0.2,19296779.0,365107306.0,,,,,,,,,0.0,0.0,0.0,-11633119.0,48146.0,,,False,False,False,0.0,-11633119.0,False,,,,False,,⚪ 不列入,未達標,0,0,0 張,無,無,無
1476,儒鴻,TWSE,273.0,-3.5,1313965.0,361572125.0,,,,,,,,,1.0,2000.0,0.0,-512.0,1563.0,,,False,False,False,2000.0,-512.0,False,,,,False,,⚪ 不列入,未達標,0,0,0 張,無,無,無
8021,尖點,TWSE,480.0,0.0,755727.0,360048527.0,,,,,,,,,0.0,-30000.0,1.0,102227.0,9000.0,,,False,False,False,-30000.0,102227.0,False,,,,False,,⚪ 不列入,未達標,0,0,0 張,無,無,無
3376,新日興,TWSE,171.5,-2.5,2076761.0,356659752.0,,,,,,,,,0.0,0.0,0.0,-63720.0,21856.0,,,False,False,False,0.0,-63720.0,False,,,,False,,⚪ 不列入,未達標,0,0,0 張,無,無,無
2489,瑞軒,TWSE,41.1,0.3,8627458.0,351720249.0,,,,,,,,,1.0,13700.0,1.0,780114.0,14964.0,,,False,False,False,13700.0,780114.0,False,,,,False,,⚪ 不列入,未達標,0,0,0 張,無,無,無
7822,倍利科,TWSE,976.0,56.0,361243.0,349931150.0,,,,,,,,,1.0,36000.0,1.0,26695.0,3182.0,,,False,False,False,36000.0,26695.0,False,,,,False,,⚪ 不列入,未達標,0,0,0 張,無,無,無
1605,華新,TWSE,36.35,-0.3,9511965.0,346960345.0,,,,,,,,,1.0,4000.0,0.0,-3894323.0,250599.0,,,False,False,False,4000.0,-3894323.0,False,,,,False,,⚪ 不列入,未達標,0,0,0 張,無,無,無
3715,定穎投控,TWSE,124.5,1.5,2792958.0,345939332.0,,,,,,,,,0.0,0.0,1.0,50226.0,45707.0,,,False,False,False,0.0,50226.0,False,,,,False,,⚪ 不列入,未達標,0,0,0 張,無,無,無
6451,訊芯-KY,TWSE,416.5,4.5,822428.0,342185482.0,,,,,,,,,0.0,0.0,0.0,-38929.0,1094.0,,,False,False,False,0.0,-38929.0,False,,,,False,矽光子／CPO／光通訊,⚪ 不列入,未達標,0,0,0 張,無,無,無
1102,亞泥,TWSE,35.3,-0.4,9645067.0,339290351.0,,,,,,,,,1.0,25000.0,1.0,398156.0,330719.0,,,False,False,False,25000.0,398156.0,False,,,,False,,⚪ 不列入,未達標,0,0,0 張,無,無,無
3031,佰鴻,TWSE,31.25,0.8,10641422.0,329620745.0,,,,,,,,,0.0,0.0,0.0,-1247337.0,0.0,,,False,False,False,0.0,-1247337.0,False,,,,False,,⚪ 不列入,未達標,0,0,0 張,無,無,無
2472,立隆電,TWSE,213.0,-5.5,1505198.0,323523270.0,,,,,,,,,0.0,0.0,0.0,-302159.0,19791.0,,,False,False,False,0.0,-302159.0,False,,,,False,,⚪ 不列入,未達標,0,0,0 張,無,無,無
2354,鴻準,TWSE,65.1,-0.8,4886601.0,319263507.0,,,,,,,,,1.0,2000.0,0.0,-1083171.0,151206.0,,,False,False,False,2000.0,-1083171.0,False,,,,False,,⚪ 不列入,未達標,0,0,0 張,無,無,無
4540,全球傳動,TWSE,62.6,2.6,5084830.0,315354346.0,,,,,,,,,0.0,0.0,1.0,1668192.0,0.0,,,False,False,False,0.0,1668192.0,False,,,,False,,⚪ 不列入,未達標,0,0,0 張,無,無,無
6834,天二科技,TWSE,112.5,-3.5,2757804.0,312094522.0,,,,,,,,,0.0,0.0,0.0,-329451.0,11280.0,,,False,False,False,0.0,-329451.0,False,,,,False,,⚪ 不列入,未達標,0,0,0 張,無,無,無
7799,禾榮科,TWSE,490.5,-7.5,621797.0,308886615.0,,,,,,,,,0.0,0.0,0.0,-79659.0,1000.0,,,False,False,False,0.0,-79659.0,False,,,,False,,⚪ 不列入,未達標,0,0,0 張,無,無,無
4961,天鈺,TWSE,184.5,4.0,1610173.0,298897449.0,,,,,,,,,0.0,-2000.0,1.0,186771.0,18059.0,,,False,False,False,-2000.0,186771.0,False,,,,False,,⚪ 不列入,未達標,0,0,0 張,無,無,無
1513,中興電,TWSE,167.0,1.0,1788378.0,298850377.0,,,,,,,,,1.0,101000.0,1.0,741227.0,45112.0,,,False,False,False,101000.0,741227.0,False,,,,False,重電／綠能,⚪ 不列入,未達標,0,0,0 張,無,無,無
2634,漢翔,TWSE,63.1,0.0,4595082.0,291893437.0,,,,,,,,,1.0,2000.0,0.0,-1095856.0,13848.0,,,False,False,False,2000.0,-1095856.0,False,,,,False,,⚪ 不列入,未達標,0,0,0 張,無,無,無
2363,矽統,TWSE,59.2,0.5,4883360.0,287558395.0,,,,,,,,,1.0,10000.0,0.0,-357631.0,345051.0,,,False,False,False,10000.0,-357631.0,False,,,,False,,⚪ 不列入,未達標,0,0,0 張,無,無,無
6133,金橋,TWSE,28.5,2.55,9954159.0,280205836.0,,,,,,,,,0.0,0.0,1.0,2471125.0,0.0,,,False,False,False,0.0,2471125.0,False,,,,False,,⚪ 不列入,未達標,0,0,0 張,無,無,無
6271,同欣電,TWSE,227.0,-2.0,1230881.0,279885137.0,,,,,,,,,0.0,0.0,0.0,-155327.0,9973.0,,,False,False,False,0.0,-155327.0,False,,,,False,,⚪ 不列入,未達標,0,0,0 張,無,無,無
6957,裕慶-KY,TWSE,337.5,30.5,842520.0,276506353.0,,,,,,,,,0.0,0.0,1.0,20519.0,0.0,,,False,False,False,0.0,20519.0,False,,,,False,,⚪ 不列入,未達標,0,0,0 張,無,無,無
7788,松川精密,TWSE,287.5,-2.0,928026.0,270490911.0,,,,,,,,,0.0,0.0,1.0,73420.0,24191.0,,,False,False,False,0.0,73420.0,False,,,,False,,⚪ 不列入,未達標,0,0,0 張,無,無,無
8033,雷虎,TWSE,169.0,0.5,1566222.0,266867437.0,,,,,,,,,0.0,0.0,0.0,-53991.0,0.0,,,False,False,False,0.0,-53991.0,False,,,,False,,⚪ 不列入,未達標,0,0,0 張,無,無,無
2441,超豐,TWSE,122.0,-2.0,2178482.0,266481008.0,,,,,,,,,1.0,54000.0,0.0,-274634.0,6897.0,,,False,False,False,54000.0,-274634.0,False,,,,False,,⚪ 不列入,未達標,0,0,0 張,無,無,無
2371,大同,TWSE,29.35,0.5,9023803.0,262684201.0,,,,,,,,,0.0,0.0,0.0,-585636.0,239931.0,,,False,False,False,0.0,-585636.0,False,,,,False,,⚪ 不列入,未達標,0,0,0 張,無,無,無
6781,AES-KY,TWSE,1010.0,5.0,253538.0,257728840.0,,,,,,,,,0.0,0.0,0.0,-34217.0,2810.0,,,False,False,False,0.0,-34217.0,False,,,,False,,⚪ 不列入,未達標,0,0,0 張,無,無,無
3090,日電貿,TWSE,161.0,-4.0,1579579.0,255416898.0,,,,,,,,,0.0,0.0,0.0,-594890.0,5541.0,,,False,False,False,0.0,-594890.0,False,,,,False,,⚪ 不列入,未達標,0,0,0 張,無,無,無
7795,長廣,TWSE,496.0,5.5,517331.0,255332517.0,,,,,,,,,0.0,0.0,1.0,123331.0,1000.0,,,False,False,False,0.0,123331.0,False,,,,False,,⚪ 不列入,未達標,0,0,0 張,無,無,無
2466,冠西電,TWSE,113.5,-6.0,2218538.0,254947877.0,,,,,,,,,0.0,0.0,0.0,-702918.0,0.0,,,False,False,False,0.0,-702918.0,False,,,,False,,⚪ 不列入,未達標,0,0,0 張,無,無,無
6168,宏齊,TWSE,45.2,1.2,5660688.0,254227360.0,,,,,,,,,0.0,0.0,1.0,464000.0,0.0,,,False,False,False,0.0,464000.0,False,,,,False,,⚪ 不列入,未達標,0,0,0 張,無,無,無
2032,新鋼,TWSE,19.9,1.35,12313640.0,245536909.0,,,,,,,,,0.0,0.0,0.0,-1987.0,0.0,,,False,False,False,0.0,-1987.0,False,,,,False,,⚪ 不列入,未達標,0,0,0 張,無,無,無
1708,東鹼,TWSE,52.0,-0.3,4663111.0,244226856.0,,,,,,,,,0.0,0.0,0.0,-1473372.0,11824.0,,,False,False,False,0.0,-1473372.0,False,,,,False,,⚪ 不列入,未達標,0,0,0 張,無,無,無
7711,永擎,TWSE,546.0,4.0,438674.0,239876068.0,,,,,,,,,0.0,0.0,1.0,92081.0,3498.0,,,False,False,False,0.0,92081.0,False,,,,False,,⚪ 不列入,未達標,0,0,0 張,無,無,無
2385,群光,TWSE,104.5,0.0,2244933.0,235560902.0,,,,,,,,,0.0,-30300.0,1.0,285969.0,32408.0,,,False,False,False,-30300.0,285969.0,False,,,,False,PCB／CCL／載板,⚪ 不列入,未達標,0,0,0 張,無,無,無
3706,神達,TWSE,78.9,0.4,2938741.0,231343566.0,,,,,,,,,0.0,-11000.0,1.0,479717.0,18107.0,,,False,False,False,-11000.0,479717.0,False,,,,False,,⚪ 不列入,未達標,0,0,0 張,無,無,無
2458,義隆,TWSE,136.0,-1.5,1645198.0,224364815.0,,,,,,,,,1.0,3000.0,0.0,-226594.0,24821.0,,,False,False,False,3000.0,-226594.0,False,,,,False,,⚪ 不列入,未達標,0,0,0 張,無,無,無
2316,楠梓電,TWSE,162.0,1.5,1377279.0,223976876.0,,,,,,,,,0.0,0.0,1.0,170344.0,36890.0,,,False,False,False,0.0,170344.0,False,,,,False,,⚪ 不列入,未達標,0,0,0 張,無,無,無
6214,精誠,TWSE,189.0,-1.5,1149103.0,217007508.0,,,,,,,,,1.0,10000.0,0.0,-223045.0,19383.0,,,False,False,False,10000.0,-223045.0,False,,,,False,,⚪ 不列入,未達標,0,0,0 張,無,無,無
9945,潤泰新,TWSE,29.05,-0.85,7370448.0,216131919.0,,,,,,,,,0.0,0.0,0.0,-1484000.0,21097.0,,,False,False,False,0.0,-1484000.0,False,,,,False,,⚪ 不列入,未達標,0,0,0 張,無,無,無
8110,華東,TWSE,48.4,-0.6,4399510.0,213095541.0,,,,,,,,,0.0,0.0,1.0,457944.0,67027.0,,,False,False,False,0.0,457944.0,False,,,,False,,⚪ 不列入,未達標,0,0,0 張,無,無,無
3019,亞光,TWSE,135.5,0.5,1562554.0,212542473.0,,,,,,,,,0.0,0.0,1.0,476697.0,5898.0,,,False,False,False,0.0,476697.0,False,,,,False,,⚪ 不列入,未達標,0,0,0 張,無,無,無
3413,京鼎,TWSE,291.0,3.0,729896.0,212018251.0,,,,,,,,,0.0,0.0,1.0,106517.0,19424.0,,,False,False,False,0.0,106517.0,False,,,,False,,⚪ 不列入,未達標,0,0,0 張,無,無,無
5434,崇越,TWSE,540.0,-2.0,390228.0,211395591.0,,,,,,,,,0.0,0.0,0.0,-18219.0,3082.0,,,False,False,False,0.0,-18219.0,False,,,,False,,⚪ 不列入,未達標,0,0,0 張,無,無,無
3576,聯合再生,TWSE,17.95,-0.3,11641227.0,210631448.0,,,,,,,,,0.0,0.0,1.0,858866.0,0.0,,,False,False,False,0.0,858866.0,False,,,,False,,⚪ 不列入,未達標,0,0,0 張,無,無,無
4977,眾達-KY,TWSE,168.5,0.0,1245907.0,210379897.0,,,,,,,,,0.0,0.0,0.0,-138684.0,49722.0,,,False,False,False,0.0,-138684.0,False,,,,False,,⚪ 不列入,未達標,0,0,0 張,無,無,無
4764,雙鍵,TWSE,183.0,0.0,1162027.0,209856496.0,,,,,,,,,0.0,-205521.0,1.0,166341.0,1742.0,,,False,False,False,-205521.0,166341.0,False,,,,False,,⚪ 不列入,未達標,0,0,0 張,無,無,無
3518,柏騰,TWSE,37.4,3.4,5608941.0,209013422.0,,,,,,,,,0.0,0.0,1.0,1019000.0,0.0,,,False,False,False,0.0,1019000.0,False,,,,False,,⚪ 不列入,未達標,0,0,0 張,無,無,無
9904,寶成,TWSE,24.8,-0.15,8331264.0,207424053.0,,,,,,,,,0.0,-51000.0,1.0,424398.0,116718.0,,,False,False,False,-51000.0,424398.0,False,,,,False,,⚪ 不列入,未達標,0,0,0 張,無,無,無
3543,州巧,TWSE,50.2,4.5,4142472.0,204742668.0,,,,,,,,,0.0,0.0,0.0,-61616.0,0.0,,,False,False,False,0.0,-61616.0,False,,,,False,,⚪ 不列入,未達標,0,0,0 張,無,無,無
1711,永光,TWSE,40.55,1.95,5053634.0,202558034.0,,,,,,,,,0.0,0.0,1.0,1596808.0,61872.0,,,False,False,False,0.0,1596808.0,False,,,,False,,⚪ 不列入,未達標,0,0,0 張,無,無,無
3029,零壹,TWSE,117.5,-2.5,1708421.0,201023377.0,,,,,,,,,0.0,0.0,0.0,-396683.0,12987.0,,,False,False,False,0.0,-396683.0,False,,,,False,,⚪ 不列入,未達標,0,0,0 張,無,無,無
5234,達興材料,TWSE,322.0,29.0,635167.0,199512226.0,,,,,,,,,0.0,0.0,1.0,162968.0,14932.0,,,False,False,False,0.0,162968.0,False,,,,False,,⚪ 不列入,未達標,0,0,0 張,無,無,無
2353,宏碁,TWSE,31.4,-0.35,6310399.0,199031819.0,,,,,,,,,1.0,16000.0,0.0,-1721914.0,25966.0,,,False,False,False,16000.0,-1721914.0,False,,,,False,,⚪ 不列入,未達標,0,0,0 張,無,無,無
2388,威盛,TWSE,71.2,1.1,2745942.0,196115780.0,,,,,,,,,1.0,20000.0,1.0,732540.0,20821.0,,,False,False,False,20000.0,732540.0,False,,,,False,,⚪ 不列入,未達標,0,0,0 張,無,無,無
8464,億豐,TWSE,372.5,0.0,525038.0,195838725.0,,,,,,,,,1.0,30000.0,1.0,65974.0,176.0,,,False,False,False,30000.0,65974.0,False,,,,False,,⚪ 不列入,未達標,0,0,0 張,無,無,無
9105,泰金寶-DR,TWSE,8.66,0.23,22593426.0,193126289.0,,,,,,,,,0.0,0.0,1.0,2144301.0,743714.0,,,False,False,False,0.0,2144301.0,False,,,,False,,⚪ 不列入,未達標,0,0,0 張,無,無,無
2338,光罩,TWSE,47.1,0.0,4039504.0,191538898.0,,,,,,,,,0.0,0.0,1.0,204248.0,28972.0,,,False,False,False,0.0,204248.0,False,,,,False,,⚪ 不列入,未達標,0,0,0 張,無,無,無
1609,大亞,TWSE,38.5,0.65,4993226.0,190952255.0,,,,,,,,,0.0,0.0,0.0,-937383.0,1562.0,,,False,False,False,0.0,-937383.0,False,,,,False,,⚪ 不列入,未達標,0,0,0 張,無,無,無
2033,佳大,TWSE,38.5,1.7,5178933.0,189074280.0,,,,,,,,,0.0,0.0,0.0,-37026.0,0.0,,,False,False,False,0.0,-37026.0,False,,,,False,,⚪ 不列入,未達標,0,0,0 張,無,無,無
2254,巨鎧精密-創,TWSE,91.8,3.0,2038020.0,185889150.0,,,,,,,,,0.0,0.0,1.0,421000.0,2762.0,,,False,False,False,0.0,421000.0,False,,,,False,,⚪ 不列入,未達標,0,0,0 張,無,無,無
6206,飛捷,TWSE,143.0,4.0,1288184.0,183524703.0,,,,,,,,,0.0,-2000.0,1.0,387844.0,45326.0,,,False,False,False,-2000.0,387844.0,False,,,,False,,⚪ 不列入,未達標,0,0,0 張,無,無,無
8261,富鼎,TWSE,176.5,0.5,1003785.0,178031703.0,,,,,,,,,1.0,5000.0,1.0,30995.0,10580.0,,,False,False,False,5000.0,30995.0,False,,,,False,,⚪ 不列入,未達標,0,0,0 張,無,無,無
2030,彰源,TWSE,33.4,3.0,5239284.0,174992009.0,,,,,,,,,0.0,0.0,0.0,-336000.0,0.0,,,False,False,False,0.0,-336000.0,False,,,,False,,⚪ 不列入,未達標,0,0,0 張,無,無,無
2006,東和鋼鐵,TWSE,85.4,-2.4,1997985.0,172011242.0,,,,,,,,,0.0,0.0,0.0,-306425.0,1655.0,,,False,False,False,0.0,-306425.0,False,,,,False,,⚪ 不列入,未達標,0,0,0 張,無,無,無
5388,中磊,TWSE,71.7,-1.7,2347623.0,169386800.0,,,,,,,,,0.0,0.0,0.0,-1545391.0,9453.0,,,False,False,False,0.0,-1545391.0,False,,,,False,,⚪ 不列入,未達標,0,0,0 張,無,無,無
1312,國喬,TWSE,14.45,-0.15,11424741.0,167497820.0,,,,,,,,,0.0,0.0,0.0,-2628569.0,16161.0,,,False,False,False,0.0,-2628569.0,False,,,,False,,⚪ 不列入,未達標,0,0,0 張,無,無,無
1402,遠東新,TWSE,27.75,-0.4,5992054.0,167214877.0,,,,,,,,,1.0,4000.0,0.0,-1640379.0,78192.0,,,False,False,False,4000.0,-1640379.0,False,,,,False,,⚪ 不列入,未達標,0,0,0 張,無,無,無
6438,迅得,TWSE,162.0,4.5,1008689.0,163427175.0,,,,,,,,,0.0,0.0,1.0,479781.0,19126.0,,,False,False,False,0.0,479781.0,False,,,,False,,⚪ 不列入,未達標,0,0,0 張,無,無,無
7750,新代,TWSE,1960.0,-10.0,82412.0,161579675.0,,,,,,,,,0.0,0.0,1.0,3116.0,2890.0,,,False,False,False,0.0,3116.0,False,,,,False,,⚪ 不列入,未達標,0,0,0 張,無,無,無
2889,國票金,TWSE,16.4,-0.15,9771251.0,160917328.0,,,,,,,,,0.0,0.0,0.0,-3631000.0,41.0,,,False,False,False,0.0,-3631000.0,False,,,,False,,⚪ 不列入,未達標,0,0,0 張,無,無,無
2302,麗正,TWSE,45.3,-0.75,3489415.0,160466365.0,,,,,,,,,0.0,0.0,1.0,544153.0,2.0,,,False,False,False,0.0,544153.0,False,,,,False,,⚪ 不列入,未達標,0,0,0 張,無,無,無
2633,台灣高鐵,TWSE,25.45,-0.1,6250246.0,159497151.0,,,,,,,,,1.0,80000.0,0.0,-5166841.0,5000.0,,,False,False,False,80000.0,-5166841.0,False,,,,False,,⚪ 不列入,未達標,0,0,0 張,無,無,無
2236,百達-KY,TWSE,107.0,-0.5,1517893.0,158551265.0,,,,,,,,,0.0,0.0,1.0,433922.0,1104.0,,,False,False,False,0.0,433922.0,False,,,,False,,⚪ 不列入,未達標,0,0,0 張,無,無,無
6715,嘉基,TWSE,452.0,-16.5,346088.0,157298169.0,,,,,,,,,0.0,0.0,0.0,-18000.0,1663.0,,,False,False,False,0.0,-18000.0,False,,,,False,,⚪ 不列入,未達標,0,0,0 張,無,無,無
4967,十銓,TWSE,272.0,-0.5,572713.0,155692090.0,,,,,,,,,0.0,-2000.0,1.0,82111.0,2370.0,,,False,False,False,-2000.0,82111.0,False,,,,False,PCB／CCL／載板,⚪ 不列入,未達標,0,0,0 張,無,無,無
2478,大毅,TWSE,117.5,-2.5,1301254.0,154019693.0,,,,,,,,,0.0,0.0,0.0,-438884.0,9425.0,,,False,False,False,0.0,-438884.0,False,,,,False,,⚪ 不列入,未達標,0,0,0 張,無,無,無
6205,詮欣,TWSE,71.1,-2.5,2134375.0,152569868.0,,,,,,,,,0.0,0.0,0.0,-596483.0,36.0,,,False,False,False,0.0,-596483.0,False,,,,False,散熱,⚪ 不列入,未達標,0,0,0 張,無,無,無
1773,勝一,TWSE,167.5,3.0,908342.0,152172581.0,,,,,,,,,1.0,1000.0,1.0,215487.0,12249.0,,,False,False,False,1000.0,215487.0,False,,,,False,,⚪ 不列入,未達標,0,0,0 張,無,無,無
6949,沛爾生醫*-創,TWSE,49.2,-1.1,3077533.0,151913951.0,,,,,,,,,0.0,0.0,0.0,-597429.0,8598.0,,,False,False,False,0.0,-597429.0,False,,,,False,,⚪ 不列入,未達標,0,0,0 張,無,無,無
3022,威強電,TWSE,93.0,-0.1,1607789.0,151196881.0,,,,,,,,,0.0,0.0,1.0,63907.0,133.0,,,False,False,False,0.0,63907.0,False,,,,False,,⚪ 不列入,未達標,0,0,0 張,無,無,無
4739,康普,TWSE,83.2,3.7,1792925.0,149836336.0,,,,,,,,,0.0,0.0,1.0,403647.0,42100.0,,,False,False,False,0.0,403647.0,False,,,,False,,⚪ 不列入,未達標,0,0,0 張,無,無,無
2406,國碩,TWSE,30.3,-0.2,4945789.0,149495921.0,,,,,,,,,0.0,0.0,0.0,-717316.0,761.0,,,False,False,False,0.0,-717316.0,False,,,,False,,⚪ 不列入,未達標,0,0,0 張,無,無,無
9921,巨大,TWSE,94.1,3.5,1580527.0,149495078.0,,,,,,,,,0.0,0.0,1.0,660213.0,8480.0,,,False,False,False,0.0,660213.0,False,,,,False,,⚪ 不列入,未達標,0,0,0 張,無,無,無
1409,新纖,TWSE,24.35,0.05,5902385.0,144025483.0,,,,,,,,,1.0,1000.0,1.0,536765.0,7970.0,,,False,False,False,1000.0,536765.0,False,,,,False,,⚪ 不列入,未達標,0,0,0 張,無,無,無
6005,群益證,TWSE,31.65,-0.35,4412919.0,140381723.0,,,,,,,,,1.0,4000.0,0.0,-2030062.0,0.0,,,False,False,False,4000.0,-2030062.0,False,,,,False,,⚪ 不列入,未達標,0,0,0 張,無,無,無
2020,美亞,TWSE,24.3,2.2,5753984.0,136432058.0,,,,,,,,,0.0,0.0,0.0,-78748.0,0.0,,,False,False,False,0.0,-78748.0,False,,,,False,,⚪ 不列入,未達標,0,0,0 張,無,無,無
2241,艾姆勒,TWSE,44.0,0.4,3176721.0,135251668.0,,,,,,,,,0.0,0.0,0.0,-366089.0,0.0,,,False,False,False,0.0,-366089.0,False,,,,False,,⚪ 不列入,未達標,0,0,0 張,無,無,無
2369,菱生,TWSE,31.6,0.35,4196281.0,133263959.0,,,,,,,,,0.0,0.0,1.0,1014240.0,44150.0,,,False,False,False,0.0,1014240.0,False,,,,False,,⚪ 不列入,未達標,0,0,0 張,無,無,無
2439,美律,TWSE,78.1,-0.1,1655190.0,129248990.0,,,,,,,,,0.0,-2000.0,1.0,487517.0,438.0,,,False,False,False,-2000.0,487517.0,False,,,,False,,⚪ 不列入,未達標,0,0,0 張,無,無,無
2402,毅嘉,TWSE,56.9,2.1,2274646.0,128429467.0,,,,,,,,,0.0,0.0,1.0,431119.0,138012.0,,,False,False,False,0.0,431119.0,False,,,,False,,⚪ 不列入,未達標,0,0,0 張,無,無,無
3645,達邁,TWSE,72.7,-0.6,1758340.0,127286078.0,,,,,,,,,0.0,0.0,1.0,204233.0,2473.0,,,False,False,False,0.0,204233.0,False,,,,False,,⚪ 不列入,未達標,0,0,0 張,無,無,無
2845,遠東銀,TWSE,13.1,-0.2,9621102.0,126772163.0,,,,,,,,,0.0,0.0,0.0,-2588000.0,76.0,,,False,False,False,0.0,-2588000.0,False,,,,False,,⚪ 不列入,未達標,0,0,0 張,無,無,無
1514,亞力,TWSE,102.0,0.0,1216690.0,124577894.0,,,,,,,,,0.0,0.0,1.0,682605.0,8058.0,,,False,False,False,0.0,682605.0,False,,,,False,,⚪ 不列入,未達標,0,0,0 張,無,無,無
6902,GOGOLOOK,TWSE,162.5,-14.0,739617.0,123789134.0,,,,,,,,,0.0,0.0,0.0,-78846.0,0.0,,,False,False,False,0.0,-78846.0,False,,,,False,,⚪ 不列入,未達標,0,0,0 張,無,無,無
3380,明泰,TWSE,31.6,0.0,3870773.0,123312069.0,,,,,,,,,1.0,1000.0,0.0,-229983.0,3611.0,,,False,False,False,1000.0,-229983.0,False,,,,False,,⚪ 不列入,未達標,0,0,0 張,無,無,無
1229,聯華,TWSE,39.55,-0.55,3074216.0,122138602.0,,,,,,,,,1.0,3000.0,0.0,-1959585.0,7683.0,,,False,False,False,3000.0,-1959585.0,False,,,,False,,⚪ 不列入,未達標,0,0,0 張,無,無,無
4722,國精化,TWSE,190.0,6.0,633493.0,120266901.0,,,,,,,,,0.0,0.0,1.0,128033.0,24316.0,,,False,False,False,0.0,128033.0,False,,,,False,,⚪ 不列入,未達標,0,0,0 張,無,無,無
1722,台肥,TWSE,41.15,-0.15,2888528.0,118720427.0,,,,,,,,,1.0,1000.0,0.0,-531891.0,0.0,,,False,False,False,1000.0,-531891.0,False,,,,False,,⚪ 不列入,未達標,0,0,0 張,無,無,無
6269,台郡,TWSE,64.9,0.1,1825258.0,118694850.0,,,,,,,,,0.0,0.0,1.0,500448.0,32017.0,,,False,False,False,0.0,500448.0,False,,,,False,,⚪ 不列入,未達標,0,0,0 張,無,無,無
6472,保瑞,TWSE,422.5,1.0,277944.0,117989477.0,,,,,,,,,0.0,0.0,1.0,118881.0,14940.0,,,False,False,False,0.0,118881.0,False,,,,False,,⚪ 不列入,未達標,0,0,0 張,無,無,無
4960,誠美材,TWSE,23.45,1.0,5046690.0,117722440.0,,,,,,,,,0.0,0.0,1.0,1335280.0,5999.0,,,False,False,False,0.0,1335280.0,False,,,,False,,⚪ 不列入,未達標,0,0,0 張,無,無,無
2207,和泰車,TWSE,506.0,-4.0,229210.0,116518266.0,,,,,,,,,1.0,1000.0,0.0,-94215.0,1000.0,,,False,False,False,1000.0,-94215.0,False,,,,False,,⚪ 不列入,未達標,0,0,0 張,無,無,無
3005,神基,TWSE,117.0,0.5,983939.0,115147174.0,,,,,,,,,1.0,22566.0,1.0,318407.0,44470.0,,,False,False,False,22566.0,318407.0,False,,,,False,,⚪ 不列入,未達標,0,0,0 張,無,無,無
8271,宇瞻,TWSE,199.5,-0.5,564200.0,112897167.0,,,,,,,,,0.0,0.0,0.0,-103000.0,8001.0,,,False,False,False,0.0,-103000.0,False,,,,False,,⚪ 不列入,未達標,0,0,0 張,無,無,無
2465,麗臺,TWSE,91.9,3.0,1231345.0,112571927.0,,,,,,,,,0.0,0.0,1.0,198982.0,0.0,,,False,False,False,0.0,198982.0,False,,,,False,,⚪ 不列入,未達標,0,0,0 張,無,無,無
4915,致伸,TWSE,63.5,-0.6,1749925.0,111448516.0,,,,,,,,,1.0,3000.0,0.0,-458475.0,30913.0,,,False,False,False,3000.0,-458475.0,False,,,,False,,⚪ 不列入,未達標,0,0,0 張,無,無,無
2375,凱美,TWSE,117.5,0.0,943463.0,110429990.0,,,,,,,,,0.0,0.0,1.0,114047.0,5409.0,,,False,False,False,0.0,114047.0,False,,,,False,,⚪ 不列入,未達標,0,0,0 張,無,無,無
2548,華固,TWSE,92.2,-1.0,1191007.0,110350336.0,,,,,,,,,1.0,3300.0,0.0,-356180.0,4686.0,,,False,False,False,3300.0,-356180.0,False,,,,False,,⚪ 不列入,未達標,0,0,0 張,無,無,無
6449,鈺邦,TWSE,205.5,-4.0,510332.0,105994538.0,,,,,,,,,0.0,0.0,0.0,-222264.0,1501.0,,,False,False,False,0.0,-222264.0,False,,,,False,,⚪ 不列入,未達標,0,0,0 張,無,無,無
6579,研揚,TWSE,157.5,4.0,667432.0,105203455.0,,,,,,,,,0.0,0.0,1.0,76972.0,31266.0,,,False,False,False,0.0,76972.0,False,,,,False,,⚪ 不列入,未達標,0,0,0 張,無,無,無
2332,友訊,TWSE,20.1,0.0,5216187.0,104965043.0,,,,,,,,,0.0,0.0,1.0,1538970.0,0.0,,,False,False,False,0.0,1538970.0,False,,,,False,,⚪ 不列入,未達標,0,0,0 張,無,無,無
2850,新產,TWSE,161.0,3.5,649133.0,104926151.0,,,,,,,,,0.0,0.0,1.0,145463.0,0.0,,,False,False,False,0.0,145463.0,False,,,,False,,⚪ 不列入,未達標,0,0,0 張,無,無,無
2352,佳世達,TWSE,29.0,0.0,3583810.0,104840647.0,,,,,,,,,0.0,0.0,1.0,669699.0,9758.0,,,False,False,False,0.0,669699.0,False,,,,False,,⚪ 不列入,未達標,0,0,0 張,無,無,無
2367,燿華,TWSE,42.25,0.55,2486323.0,104687380.0,,,,,,,,,0.0,0.0,1.0,224097.0,425.0,,,False,False,False,0.0,224097.0,False,,,,False,,⚪ 不列入,未達標,0,0,0 張,無,無,無
1721,國慶科技,TWSE,26.1,1.9,4078788.0,104273606.0,,,,,,,,,0.0,0.0,1.0,896344.0,0.0,,,False,False,False,0.0,896344.0,False,,,,False,,⚪ 不列入,未達標,0,0,0 張,無,無,無
2476,鉅祥,TWSE,124.5,2.0,828647.0,102518165.0,,,,,,,,,0.0,0.0,1.0,286296.0,29824.0,,,False,False,False,0.0,286296.0,False,,,,False,,⚪ 不列入,未達標,0,0,0 張,無,無,無
2727,王品,TWSE,235.0,3.0,427899.0,100222737.0,,,,,,,,,0.0,-99000.0,1.0,293941.0,332.0,,,False,False,False,-99000.0,293941.0,False,,,,False,,⚪ 不列入,未達標,0,0,0 張,無,無,無
1319,東陽,TWSE,77.8,-1.1,1284003.0,100219912.0,,,,,,,,,1.0,3000.0,0.0,-198820.0,3787.0,,,False,False,False,3000.0,-198820.0,False,,,,False,,⚪ 不列入,未達標,0,0,0 張,無,無,無
3535,晶彩科,TWSE,89.8,1.4,1109711.0,100022901.0,,,,,,,,,0.0,0.0,1.0,303685.0,4463.0,,,False,False,False,0.0,303685.0,False,,,,False,,⚪ 不列入,未達標,0,0,0 張,無,無,無
1477,聚陽,TWSE,190.0,-1.0,518380.0,99106111.0,,,,,,,,,1.0,13001.0,0.0,-163776.0,4782.0,,,False,False,False,13001.0,-163776.0,False,,,,False,,⚪ 不列入,未達標,0,0,0 張,無,無,無
2393,億光,TWSE,63.6,0.2,1548656.0,98811342.0,,,,,,,,,0.0,-296852.0,1.0,498100.0,950.0,,,False,False,False,-296852.0,498100.0,False,,,,False,,⚪ 不列入,未達標,0,0,0 張,無,無,無
4916,事欣科,TWSE,101.5,-1.0,962674.0,97893813.0,,,,,,,,,0.0,0.0,1.0,86312.0,52039.0,,,False,False,False,0.0,86312.0,False,,,,False,,⚪ 不列入,未達標,0,0,0 張,無,無,無
6226,光鼎,TWSE,45.55,1.55,2182112.0,97224716.0,,,,,,,,,0.0,0.0,1.0,144010.0,0.0,,,False,False,False,0.0,144010.0,False,,,,False,,⚪ 不列入,未達標,0,0,0 張,無,無,無
2312,金寶,TWSE,30.7,0.05,3153662.0,96869022.0,,,,,,,,,1.0,2000.0,1.0,31100.0,12160.0,,,False,False,False,2000.0,31100.0,False,,,,False,,⚪ 不列入,未達標,0,0,0 張,無,無,無
6668,中揚光,TWSE,47.65,0.1,1980484.0,95324333.0,,,,,,,,,0.0,0.0,1.0,63185.0,0.0,,,False,False,False,0.0,63185.0,False,,,,False,,⚪ 不列入,未達標,0,0,0 張,無,無,無
8016,矽創,TWSE,285.0,1.5,334696.0,95244142.0,,,,,,,,,1.0,16000.0,1.0,36025.0,2000.0,,,False,False,False,16000.0,36025.0,False,,,,False,,⚪ 不列入,未達標,0,0,0 張,無,無,無
1528,恩德,TWSE,25.5,0.05,3744186.0,94619706.0,,,,,,,,,0.0,0.0,1.0,158699.0,46.0,,,False,False,False,0.0,158699.0,False,,,,False,,⚪ 不列入,未達標,0,0,0 張,無,無,無
2392,正崴,TWSE,40.85,-1.0,2296930.0,94466384.0,,,,,,,,,0.0,0.0,0.0,-1428000.0,123125.0,,,False,False,False,0.0,-1428000.0,False,,,,False,,⚪ 不列入,未達標,0,0,0 張,無,無,無
2359,所羅門,TWSE,128.5,1.0,731248.0,93928260.0,,,,,,,,,0.0,0.0,0.0,-41017.0,1869.0,,,False,False,False,0.0,-41017.0,False,,,,False,機器人／智慧自動化,⚪ 不列入,未達標,0,0,0 張,無,無,無
2211,長榮鋼,TWSE,78.8,-0.8,1174060.0,92776634.0,,,,,,,,,1.0,5000.0,0.0,-264725.0,4000.0,,,False,False,False,5000.0,-264725.0,False,,,,False,,⚪ 不列入,未達標,0,0,0 張,無,無,無
6443,元晶,TWSE,27.5,-0.75,3356314.0,92455316.0,,,,,,,,,0.0,0.0,1.0,89316.0,0.0,,,False,False,False,0.0,89316.0,False,,,,False,,⚪ 不列入,未達標,0,0,0 張,無,無,無
8081,致新,TWSE,255.5,1.5,360523.0,92082550.0,,,,,,,,,1.0,10400.0,1.0,97483.0,2000.0,,,False,False,False,10400.0,97483.0,False,,,,False,,⚪ 不列入,未達標,0,0,0 張,無,無,無
2915,潤泰全,TWSE,58.5,-1.5,1554776.0,91980597.0,,,,,,,,,0.0,0.0,0.0,-146005.0,5150.0,,,False,False,False,0.0,-146005.0,False,,,,False,,⚪ 不列入,未達標,0,0,0 張,無,無,無
2838,聯邦銀,TWSE,20.55,-0.45,4376710.0,90351132.0,,,,,,,,,1.0,5000.0,0.0,-2488963.0,34789.0,,,False,False,False,5000.0,-2488963.0,False,,,,False,,⚪ 不列入,未達標,0,0,0 張,無,無,無
3033,威健,TWSE,42.0,0.2,2109280.0,88779027.0,,,,,,,,,0.0,0.0,1.0,263019.0,32709.0,,,False,False,False,0.0,263019.0,False,,,,False,,⚪ 不列入,未達標,0,0,0 張,無,無,無
3550,聯穎,TWSE,26.2,2.35,3498604.0,88241007.0,,,,,,,,,0.0,0.0,1.0,409476.0,0.0,,,False,False,False,0.0,409476.0,False,,,,False,,⚪ 不列入,未達標,0,0,0 張,無,無,無
7749,意騰-KY,TWSE,386.0,-9.5,226401.0,88162651.0,,,,,,,,,1.0,10000.0,1.0,29000.0,2661.0,,,False,False,False,10000.0,29000.0,False,,,,False,,⚪ 不列入,未達標,0,0,0 張,無,無,無
6191,精成科,TWSE,83.1,0.8,1039095.0,86526288.0,,,,,,,,,0.0,0.0,1.0,595030.0,6874.0,,,False,False,False,0.0,595030.0,False,,,,False,,⚪ 不列入,未達標,0,0,0 張,無,無,無
6491,晶碩,TWSE,406.0,4.0,213667.0,86382608.0,,,,,,,,,0.0,0.0,1.0,116224.0,439.0,,,False,False,False,0.0,116224.0,False,,,,False,,⚪ 不列入,未達標,0,0,0 張,無,無,無
4989,榮科,TWSE,59.5,0.1,1431027.0,85299666.0,,,,,,,,,0.0,0.0,0.0,-60699.0,2356.0,,,False,False,False,0.0,-60699.0,False,,,,False,,⚪ 不列入,未達標,0,0,0 張,無,無,無
1795,美時,TWSE,177.5,2.0,477261.0,85035853.0,,,,,,,,,0.0,0.0,1.0,100072.0,3837.0,,,False,False,False,0.0,100072.0,False,,,,False,,⚪ 不列入,未達標,0,0,0 張,無,無,無
4927,泰鼎-KY,TWSE,43.75,0.05,1936781.0,84825678.0,,,,,,,,,0.0,0.0,1.0,55155.0,0.0,,,False,False,False,0.0,55155.0,False,,,,False,,⚪ 不列入,未達標,0,0,0 張,無,無,無
2031,新光鋼,TWSE,45.7,-0.4,1842390.0,83971036.0,,,,,,,,,1.0,5000.0,1.0,735347.0,3532.0,,,False,False,False,5000.0,735347.0,False,,,,False,,⚪ 不列入,未達標,0,0,0 張,無,無,無
6901,鑽石投資,TWSE,17.25,1.55,4821111.0,81788663.0,,,,,,,,,0.0,0.0,1.0,1154808.0,0.0,,,False,False,False,0.0,1154808.0,False,,,,False,,⚪ 不列入,未達標,0,0,0 張,無,無,無
8454,富邦媒,TWSE,236.0,-3.0,339721.0,80852963.0,,,,,,,,,0.0,0.0,0.0,-81100.0,134.0,,,False,False,False,0.0,-81100.0,False,,,,False,,⚪ 不列入,未達標,0,0,0 張,無,無,無
6719,力智,TWSE,184.0,0.0,432838.0,79993292.0,,,,,,,,,1.0,10000.0,1.0,43339.0,142.0,,,False,False,False,10000.0,43339.0,False,,,,False,,⚪ 不列入,未達標,0,0,0 張,無,無,無
5284,jpp-KY,TWSE,300.0,4.5,260949.0,78370447.0,,,,,,,,,0.0,0.0,1.0,83202.0,4187.0,,,False,False,False,0.0,83202.0,False,,,,False,,⚪ 不列入,未達標,0,0,0 張,無,無,無
2014,中鴻,TWSE,16.8,-0.1,4542538.0,77122770.0,,,,,,,,,0.0,0.0,0.0,-300897.0,0.0,,,False,False,False,0.0,-300897.0,False,,,,False,,⚪ 不列入,未達標,0,0,0 張,無,無,無
2413,環科,TWSE,51.0,-0.3,1495022.0,76462831.0,,,,,,,,,0.0,0.0,1.0,28500.0,581.0,,,False,False,False,0.0,28500.0,False,,,,False,,⚪ 不列入,未達標,0,0,0 張,無,無,無
2233,宇隆,TWSE,168.0,4.0,453502.0,75688603.0,,,,,,,,,0.0,0.0,1.0,21000.0,3141.0,,,False,False,False,0.0,21000.0,False,,,,False,,⚪ 不列入,未達標,0,0,0 張,無,無,無
6141,柏承,TWSE,52.9,1.1,1437515.0,75158127.0,,,,,,,,,0.0,0.0,1.0,63929.0,0.0,,,False,False,False,0.0,63929.0,False,,,,False,,⚪ 不列入,未達標,0,0,0 張,無,無,無
2374,佳能,TWSE,66.2,-0.1,1129796.0,75057640.0,,,,,,,,,0.0,0.0,1.0,219000.0,4950.0,,,False,False,False,0.0,219000.0,False,,,,False,,⚪ 不列入,未達標,0,0,0 張,無,無,無
8926,台汽電,TWSE,58.3,-0.5,1273804.0,74668831.0,,,,,,,,,1.0,1000.0,0.0,-321865.0,6878.0,,,False,False,False,1000.0,-321865.0,False,,,,False,,⚪ 不列入,未達標,0,0,0 張,無,無,無
6525,捷敏-KY,TWSE,133.5,0.0,552653.0,74459156.0,,,,,,,,,0.0,0.0,1.0,151539.0,6562.0,,,False,False,False,0.0,151539.0,False,,,,False,,⚪ 不列入,未達標,0,0,0 張,無,無,無
2617,台航,TWSE,31.25,-1.55,2312297.0,73050762.0,,,,,,,,,0.0,0.0,0.0,-440300.0,24505.0,,,False,False,False,0.0,-440300.0,False,,,,False,,⚪ 不列入,未達標,0,0,0 張,無,無,無
2103,台橡,TWSE,27.4,-0.4,2596683.0,71579026.0,,,,,,,,,0.0,0.0,0.0,-497814.0,4757.0,,,False,False,False,0.0,-497814.0,False,,,,False,,⚪ 不列入,未達標,0,0,0 張,無,無,無
5285,界霖,TWSE,90.5,0.6,781129.0,71190288.0,,,,,,,,,0.0,0.0,1.0,140711.0,1024.0,,,False,False,False,0.0,140711.0,False,,,,False,,⚪ 不列入,未達標,0,0,0 張,無,無,無
9933,中鼎,TWSE,40.35,-0.65,1752598.0,71142001.0,,,,,,,,,1.0,1000.0,0.0,-996741.0,0.0,,,False,False,False,1000.0,-996741.0,False,,,,False,,⚪ 不列入,未達標,0,0,0 張,無,無,無
3596,智易,TWSE,153.5,0.0,450284.0,69582749.0,,,,,,,,,0.0,0.0,0.0,-97674.0,314.0,,,False,False,False,0.0,-97674.0,False,,,,False,,⚪ 不列入,未達標,0,0,0 張,無,無,無
8422,可寧衛*,TWSE,25.5,-0.05,2697535.0,68970484.0,,,,,,,,,1.0,1000.0,1.0,63100.0,35000.0,,,False,False,False,1000.0,63100.0,False,,,,False,,⚪ 不列入,未達標,0,0,0 張,無,無,無
6799,來頡,TWSE,90.3,3.7,744102.0,67647598.0,,,,,,,,,0.0,0.0,1.0,135223.0,0.0,,,False,False,False,0.0,135223.0,False,,,,False,,⚪ 不列入,未達標,0,0,0 張,無,無,無
2104,國際中橡,TWSE,10.7,-0.45,6186219.0,67582936.0,,,,,,,,,0.0,0.0,0.0,-1303346.0,0.0,,,False,False,False,0.0,-1303346.0,False,,,,False,,⚪ 不列入,未達標,0,0,0 張,無,無,無
6695,芯鼎,TWSE,54.1,4.2,1257413.0,67071622.0,,,,,,,,,0.0,0.0,1.0,141071.0,101.0,,,False,False,False,0.0,141071.0,False,,,,False,,⚪ 不列入,未達標,0,0,0 張,無,無,無
7827,漢康-KY創,TWSE,163.5,1.0,407175.0,66542991.0,,,,,,,,,0.0,0.0,0.0,-52612.0,114.0,,,False,False,False,0.0,-52612.0,False,,,,False,,⚪ 不列入,未達標,0,0,0 張,無,無,無
2009,第一銅,TWSE,39.15,0.0,1672790.0,66318560.0,,,,,,,,,0.0,0.0,0.0,-419675.0,12309.0,,,False,False,False,0.0,-419675.0,False,,,,False,,⚪ 不列入,未達標,0,0,0 張,無,無,無
6405,悅城,TWSE,45.55,4.1,1486305.0,66105747.0,,,,,,,,,0.0,0.0,1.0,285000.0,113.0,,,False,False,False,0.0,285000.0,False,,,,False,,⚪ 不列入,未達標,0,0,0 張,無,無,無
3305,昇貿,TWSE,104.5,1.5,624352.0,65294322.0,,,,,,,,,0.0,0.0,1.0,226766.0,16236.0,,,False,False,False,0.0,226766.0,False,,,,False,,⚪ 不列入,未達標,0,0,0 張,無,無,無
2645,長榮航太,TWSE,172.0,0.0,377047.0,65016901.0,,,,,,,,,0.0,0.0,0.0,-70987.0,10616.0,,,False,False,False,0.0,-70987.0,False,,,,False,,⚪ 不列入,未達標,0,0,0 張,無,無,無
3229,晟鈦,TWSE,57.1,0.7,1133433.0,64961406.0,,,,,,,,,0.0,0.0,0.0,-103445.0,0.0,,,False,False,False,0.0,-103445.0,False,,,,False,,⚪ 不列入,未達標,0,0,0 張,無,無,無
6670,復盛應用,TWSE,273.0,0.0,232821.0,64036190.0,,,,,,,,,0.0,0.0,1.0,93728.0,0.0,,,False,False,False,0.0,93728.0,False,,,,False,,⚪ 不列入,未達標,0,0,0 張,無,無,無
3617,碩天,TWSE,240.5,-2.0,258989.0,62701914.0,,,,,,,,,0.0,0.0,1.0,65343.0,358.0,,,False,False,False,0.0,65343.0,False,,,,False,,⚪ 不列入,未達標,0,0,0 張,無,無,無
2504,國產,TWSE,30.55,-0.35,2041127.0,62479753.0,,,,,,,,,1.0,29499.0,0.0,-1247622.0,14000.0,,,False,False,False,29499.0,-1247622.0,False,,,,False,,⚪ 不列入,未達標,0,0,0 張,無,無,無
2401,凌陽,TWSE,26.05,0.5,2382079.0,61864333.0,,,,,,,,,1.0,10000.0,1.0,174783.0,29066.0,,,False,False,False,10000.0,174783.0,False,,,,False,,⚪ 不列入,未達標,0,0,0 張,無,無,無
1710,東聯,TWSE,16.55,0.15,3644785.0,60394747.0,,,,,,,,,0.0,0.0,1.0,332613.0,52129.0,,,False,False,False,0.0,332613.0,False,,,,False,,⚪ 不列入,未達標,0,0,0 張,無,無,無
2069,運錩,TWSE,26.5,0.8,2256458.0,59906417.0,,,,,,,,,0.0,0.0,0.0,-276443.0,0.0,,,False,False,False,0.0,-276443.0,False,,,,False,,⚪ 不列入,未達標,0,0,0 張,無,無,無
1904,正隆,TWSE,24.25,-0.65,2418384.0,59028467.0,,,,,,,,,0.0,0.0,0.0,-881476.0,1000.0,,,False,False,False,0.0,-881476.0,False,,,,False,,⚪ 不列入,未達標,0,0,0 張,無,無,無
3592,瑞鼎,TWSE,225.0,0.5,258399.0,58393725.0,,,,,,,,,1.0,8000.0,1.0,101987.0,0.0,,,False,False,False,8000.0,101987.0,False,,,,False,,⚪ 不列入,未達標,0,0,0 張,無,無,無
3060,銘異,TWSE,27.45,0.9,2096629.0,57990486.0,,,,,,,,,0.0,0.0,0.0,-20393.0,297.0,,,False,False,False,0.0,-20393.0,False,,,,False,,⚪ 不列入,未達標,0,0,0 張,無,無,無
6224,聚鼎,TWSE,81.2,-1.0,704380.0,56684186.0,,,,,,,,,0.0,0.0,1.0,112411.0,0.0,,,False,False,False,0.0,112411.0,False,,,,False,,⚪ 不列入,未達標,0,0,0 張,無,無,無
1714,和桐,TWSE,15.75,0.0,3601474.0,56635621.0,,,,,,,,,0.0,0.0,1.0,72944.0,5594.0,,,False,False,False,0.0,72944.0,False,,,,False,,⚪ 不列入,未達標,0,0,0 張,無,無,無
2646,星宇航空,TWSE,20.05,-0.15,2798512.0,56320172.0,,,,,,,,,1.0,2000.0,0.0,-1183899.0,26000.0,,,False,False,False,2000.0,-1183899.0,False,,,,False,,⚪ 不列入,未達標,0,0,0 張,無,無,無
2201,裕隆,TWSE,29.2,-0.05,1888734.0,55298446.0,,,,,,,,,0.0,0.0,0.0,-326914.0,1914.0,,,False,False,False,0.0,-326914.0,False,,,,False,,⚪ 不列入,未達標,0,0,0 張,無,無,無
8438,昶昕,TWSE,80.0,3.4,682528.0,55141134.0,,,,,,,,,0.0,0.0,1.0,159888.0,434.0,,,False,False,False,0.0,159888.0,False,,,,False,,⚪ 不列入,未達標,0,0,0 張,無,無,無
9958,世紀鋼,TWSE,92.1,-0.1,596425.0,55102640.0,,,,,,,,,0.0,0.0,1.0,198605.0,2985.0,,,False,False,False,0.0,198605.0,False,,,,False,,⚪ 不列入,未達標,0,0,0 張,無,無,無
6153,嘉聯益,TWSE,17.65,0.45,3119140.0,54822502.0,,,,,,,,,0.0,0.0,1.0,1073076.0,0.0,,,False,False,False,0.0,1073076.0,False,,,,False,,⚪ 不列入,未達標,0,0,0 張,無,無,無
1608,華榮,TWSE,35.2,-0.3,1543165.0,54726857.0,,,,,,,,,0.0,0.0,0.0,-848634.0,1787.0,,,False,False,False,0.0,-848634.0,False,,,,False,,⚪ 不列入,未達標,0,0,0 張,無,無,無
2897,王道銀行,TWSE,10.95,-0.1,4961924.0,54589766.0,,,,,,,,,0.0,0.0,0.0,-2213945.0,0.0,,,False,False,False,0.0,-2213945.0,False,,,,False,,⚪ 不列入,未達標,0,0,0 張,無,無,無
2614,東森,TWSE,18.85,0.6,2885213.0,54338852.0,,,,,,,,,0.0,0.0,1.0,1175337.0,0.0,,,False,False,False,0.0,1175337.0,False,,,,False,,⚪ 不列入,未達標,0,0,0 張,無,無,無
3013,晟銘電,TWSE,84.0,-0.5,637300.0,53778118.0,,,,,,,,,0.0,0.0,0.0,-46000.0,316.0,,,False,False,False,0.0,-46000.0,False,,,,False,,⚪ 不列入,未達標,0,0,0 張,無,無,無
3048,益登,TWSE,51.1,-0.8,1041856.0,53531887.0,,,,,,,,,0.0,0.0,0.0,-297000.0,0.0,,,False,False,False,0.0,-297000.0,False,,,,False,,⚪ 不列入,未達標,0,0,0 張,無,無,無
1718,中纖,TWSE,10.55,0.05,5005317.0,52860617.0,,,,,,,,,0.0,0.0,1.0,1388821.0,0.0,,,False,False,False,0.0,1388821.0,False,,,,False,,⚪ 不列入,未達標,0,0,0 張,無,無,無
2485,兆赫,TWSE,39.75,0.6,1310521.0,51951957.0,,,,,,,,,0.0,0.0,1.0,473960.0,343.0,,,False,False,False,0.0,473960.0,False,,,,False,,⚪ 不列入,未達標,0,0,0 張,無,無,無
1736,喬山,TWSE,128.0,0.5,398602.0,51922817.0,,,,,,,,,0.0,0.0,1.0,180084.0,335.0,,,False,False,False,0.0,180084.0,False,,,,False,,⚪ 不列入,未達標,0,0,0 張,無,無,無
2208,台船,TWSE,19.1,-0.3,2641807.0,50808906.0,,,,,,,,,0.0,0.0,0.0,-627561.0,0.0,,,False,False,False,0.0,-627561.0,False,,,,False,,⚪ 不列入,未達標,0,0,0 張,無,無,無
2329,華泰,TWSE,43.8,-0.6,1151596.0,50632583.0,,,,,,,,,0.0,0.0,0.0,-216011.0,9165.0,,,False,False,False,0.0,-216011.0,False,,,,False,,⚪ 不列入,未達標,0,0,0 張,無,無,無
2355,敬鵬,TWSE,41.6,-0.1,1204852.0,50284538.0,,,,,,,,,0.0,0.0,0.0,-1247.0,1106.0,,,False,False,False,0.0,-1247.0,False,,,,False,,⚪ 不列入,未達標,0,0,0 張,無,無,無
9939,宏全,TWSE,124.5,0.0,401073.0,50068126.0,,,,,,,,,0.0,0.0,0.0,-43953.0,0.0,,,False,False,False,0.0,-43953.0,False,,,,False,,⚪ 不列入,未達標,0,0,0 張,無,無,無
6189,豐藝,TWSE,50.2,1.0,997103.0,49771415.0,,,,,,,,,1.0,3000.0,1.0,586970.0,5898.0,,,False,False,False,3000.0,586970.0,False,,,,False,,⚪ 不列入,未達標,0,0,0 張,無,無,無
3504,揚明光,TWSE,79.5,1.0,627895.0,49700091.0,,,,,,,,,0.0,0.0,1.0,96000.0,6302.0,,,False,False,False,0.0,96000.0,False,,,,False,,⚪ 不列入,未達標,0,0,0 張,無,無,無
2515,中工,TWSE,11.8,-0.15,4178372.0,49586524.0,,,,,,,,,0.0,0.0,0.0,-1976114.0,15590.0,,,False,False,False,0.0,-1976114.0,False,,,,False,,⚪ 不列入,未達標,0,0,0 張,無,無,無
2820,華票,TWSE,16.85,-0.15,2931349.0,49471798.0,,,,,,,,,0.0,0.0,0.0,-95507.0,0.0,,,False,False,False,0.0,-95507.0,False,,,,False,,⚪ 不列入,未達標,0,0,0 張,無,無,無
9910,豐泰,TWSE,69.1,-0.3,691928.0,47991886.0,,,,,,,,,1.0,9000.0,1.0,25005.0,1007.0,,,False,False,False,9000.0,25005.0,False,,,,False,,⚪ 不列入,未達標,0,0,0 張,無,無,無
1563,巧新,TWSE,76.1,0.9,615079.0,47244099.0,,,,,,,,,0.0,0.0,1.0,41597.0,265.0,,,False,False,False,0.0,41597.0,False,,,,False,,⚪ 不列入,未達標,0,0,0 張,無,無,無
2501,國建,TWSE,21.15,0.05,2205717.0,46792956.0,,,,,,,,,0.0,0.0,1.0,473000.0,1531.0,,,False,False,False,0.0,473000.0,False,,,,False,,⚪ 不列入,未達標,0,0,0 張,無,無,無
1210,大成,TWSE,51.6,-0.3,901163.0,46593955.0,,,,,,,,,1.0,1000.0,0.0,-505056.0,0.0,,,False,False,False,1000.0,-505056.0,False,,,,False,,⚪ 不列入,未達標,0,0,0 張,無,無,無
1215,卜蜂,TWSE,105.5,0.0,438883.0,46244504.0,,,,,,,,,0.0,0.0,1.0,6604.0,0.0,,,False,False,False,0.0,6604.0,False,,,,False,,⚪ 不列入,未達標,0,0,0 張,無,無,無
3437,榮創,TWSE,22.4,0.4,2071802.0,46036038.0,,,,,,,,,0.0,0.0,1.0,222674.0,0.0,,,False,False,False,0.0,222674.0,False,,,,False,,⚪ 不列入,未達標,0,0,0 張,無,無,無
3704,合勤控,TWSE,40.25,-0.25,1130753.0,45486898.0,,,,,,,,,0.0,0.0,0.0,-29000.0,1563.0,,,False,False,False,0.0,-29000.0,False,,,,False,,⚪ 不列入,未達標,0,0,0 張,無,無,無
2323,中環,TWSE,10.7,-0.1,4169493.0,44836078.0,,,,,,,,,0.0,0.0,0.0,-2050123.0,14000.0,,,False,False,False,0.0,-2050123.0,False,,,,False,,⚪ 不列入,未達標,0,0,0 張,無,無,無
1723,中碳,TWSE,80.0,-0.5,536994.0,43513618.0,,,,,,,,,0.0,0.0,0.0,-223651.0,194.0,,,False,False,False,0.0,-223651.0,False,,,,False,,⚪ 不列入,未達標,0,0,0 張,無,無,無
3591,艾笛森,TWSE,26.4,1.75,1678493.0,43379967.0,,,,,,,,,0.0,0.0,1.0,436226.0,75000.0,,,False,False,False,0.0,436226.0,False,,,,False,,⚪ 不列入,未達標,0,0,0 張,無,無,無
3138,耀登,TWSE,98.1,-1.3,439498.0,43332852.0,,,,,,,,,0.0,0.0,0.0,-4900.0,553.0,,,False,False,False,0.0,-4900.0,False,,,,False,,⚪ 不列入,未達標,0,0,0 張,無,無,無
6962,奕力-KY,TWSE,31.85,0.4,1348910.0,43006838.0,,,,,,,,,1.0,10000.0,1.0,618000.0,3800.0,,,False,False,False,10000.0,618000.0,False,,,,False,,⚪ 不列入,未達標,0,0,0 張,無,無,無
5469,瀚宇博,TWSE,73.6,0.6,584373.0,42984788.0,,,,,,,,,0.0,0.0,1.0,218449.0,1000.0,,,False,False,False,0.0,218449.0,False,,,,False,,⚪ 不列入,未達標,0,0,0 張,無,無,無
6592,和潤企業,TWSE,56.9,-0.7,740809.0,42348689.0,,,,,,,,,0.0,0.0,0.0,-389391.0,386.0,,,False,False,False,0.0,-389391.0,False,,,,False,,⚪ 不列入,未達標,0,0,0 張,無,無,無
2468,華經,TWSE,46.05,-0.2,920536.0,42312201.0,,,,,,,,,0.0,0.0,1.0,47000.0,0.0,,,False,False,False,0.0,47000.0,False,,,,False,,⚪ 不列入,未達標,0,0,0 張,無,無,無
6225,天瀚,TWSE,55.4,5.0,800324.0,41988041.0,,,,,,,,,0.0,0.0,1.0,132000.0,0.0,,,False,False,False,0.0,132000.0,False,,,,False,,⚪ 不列入,未達標,0,0,0 張,無,無,無
4746,台耀,TWSE,47.7,-0.35,873374.0,41783822.0,,,,,,,,,0.0,-115000.0,1.0,390000.0,0.0,,,False,False,False,-115000.0,390000.0,False,,,,False,,⚪ 不列入,未達標,0,0,0 張,無,無,無
5607,遠雄港,TWSE,51.9,-0.3,796752.0,41377437.0,,,,,,,,,0.0,0.0,0.0,-91000.0,0.0,,,False,False,False,0.0,-91000.0,False,,,,False,,⚪ 不列入,未達標,0,0,0 張,無,無,無
3135,凌航,TWSE,156.5,0.0,262621.0,41180045.0,,,,,,,,,0.0,0.0,0.0,-19343.0,880.0,,,False,False,False,0.0,-19343.0,False,,,,False,,⚪ 不列入,未達標,0,0,0 張,無,無,無
5608,四維航,TWSE,16.7,-0.3,2452196.0,40918517.0,,,,,,,,,0.0,0.0,1.0,39665.0,0.0,,,False,False,False,0.0,39665.0,False,,,,False,,⚪ 不列入,未達標,0,0,0 張,無,無,無
6885,全福生技,TWSE,31.0,-0.15,1297844.0,40823309.0,,,,,,,,,0.0,0.0,1.0,153020.0,0.0,,,False,False,False,0.0,153020.0,False,,,,False,,⚪ 不列入,未達標,0,0,0 張,無,無,無
6112,邁達特,TWSE,47.35,-0.35,861750.0,40793953.0,,,,,,,,,0.0,0.0,1.0,221009.0,729.0,,,False,False,False,0.0,221009.0,False,,,,False,,⚪ 不列入,未達標,0,0,0 張,無,無,無
6202,盛群,TWSE,58.4,0.2,694313.0,40657969.0,,,,,,,,,1.0,10000.0,1.0,94455.0,5497.0,,,False,False,False,10000.0,94455.0,False,,,,False,,⚪ 不列入,未達標,0,0,0 張,無,無,無
1227,佳格,TWSE,28.0,-0.15,1445323.0,40516146.0,,,,,,,,,0.0,0.0,0.0,-469000.0,0.0,,,False,False,False,0.0,-469000.0,False,,,,False,,⚪ 不列入,未達標,0,0,0 張,無,無,無
1905,華紙,TWSE,12.85,-0.25,3133256.0,40502391.0,,,,,,,,,0.0,0.0,0.0,-1984152.0,55568.0,,,False,False,False,0.0,-1984152.0,False,,,,False,,⚪ 不列入,未達標,0,0,0 張,無,無,無
4526,東台,TWSE,32.15,0.4,1230357.0,39737004.0,,,,,,,,,0.0,0.0,1.0,403702.0,842.0,,,False,False,False,0.0,403702.0,False,,,,False,,⚪ 不列入,未達標,0,0,0 張,無,無,無
1440,南紡,TWSE,13.3,-0.2,2972551.0,39720676.0,,,,,,,,,0.0,0.0,0.0,-774333.0,0.0,,,False,False,False,0.0,-774333.0,False,,,,False,,⚪ 不列入,未達標,0,0,0 張,無,無,無
6742,澤米,TWSE,54.2,-0.5,723913.0,39175904.0,,,,,,,,,0.0,0.0,1.0,142064.0,0.0,,,False,False,False,0.0,142064.0,False,,,,False,,⚪ 不列入,未達標,0,0,0 張,無,無,無
2010,春源,TWSE,22.45,0.1,1729221.0,38975208.0,,,,,,,,,0.0,0.0,0.0,-173456.0,3000.0,,,False,False,False,0.0,-173456.0,False,,,,False,,⚪ 不列入,未達標,0,0,0 張,無,無,無
2520,冠德,TWSE,37.0,-0.3,1043424.0,38821832.0,,,,,,,,,0.0,0.0,0.0,-254544.0,292.0,,,False,False,False,0.0,-254544.0,False,,,,False,,⚪ 不列入,未達標,0,0,0 張,無,無,無
2101,南港,TWSE,29.8,-0.05,1292890.0,38667497.0,,,,,,,,,0.0,0.0,0.0,-145562.0,3447.0,,,False,False,False,0.0,-145562.0,False,,,,False,,⚪ 不列入,未達標,0,0,0 張,無,無,無
9907,統一實,TWSE,14.7,-0.15,2608962.0,38461525.0,,,,,,,,,1.0,46305.0,0.0,-1275860.0,0.0,,,False,False,False,46305.0,-1275860.0,False,,,,False,,⚪ 不列入,未達標,0,0,0 張,無,無,無
8114,振樺電,TWSE,179.0,1.5,213036.0,38220269.0,,,,,,,,,0.0,-2000.0,1.0,17990.0,0.0,,,False,False,False,-2000.0,17990.0,False,,,,False,,⚪ 不列入,未達標,0,0,0 張,無,無,無
4585,達明,TWSE,290.0,-3.0,130588.0,38048774.0,,,,,,,,,0.0,0.0,0.0,-2200.0,0.0,,,False,False,False,0.0,-2200.0,False,,,,False,,⚪ 不列入,未達標,0,0,0 張,無,無,無
4949,有成精密,TWSE,76.0,1.4,499018.0,37959058.0,,,,,,,,,0.0,0.0,1.0,124100.0,0.0,,,False,False,False,0.0,124100.0,False,,,,False,,⚪ 不列入,未達標,0,0,0 張,無,無,無
8131,福懋科,TWSE,61.6,0.2,607921.0,37379801.0,,,,,,,,,0.0,0.0,1.0,161762.0,188.0,,,False,False,False,0.0,161762.0,False,,,,False,,⚪ 不列入,未達標,0,0,0 張,無,無,無
6658,聯策,TWSE,181.0,2.0,206713.0,37301233.0,,,,,,,,,0.0,0.0,1.0,53678.0,951.0,,,False,False,False,0.0,53678.0,False,,,,False,,⚪ 不列入,未達標,0,0,0 張,無,無,無
3021,鴻名,TWSE,29.6,2.65,1253253.0,36997822.0,,,,,,,,,0.0,0.0,1.0,294000.0,0.0,,,False,False,False,0.0,294000.0,False,,,,False,,⚪ 不列入,未達標,0,0,0 張,無,無,無
1707,葡萄王,TWSE,85.9,-1.1,427733.0,36915481.0,,,,,,,,,1.0,2000.0,0.0,-247746.0,540.0,,,False,False,False,2000.0,-247746.0,False,,,,False,,⚪ 不列入,未達標,0,0,0 張,無,無,無
1907,永豐餘,TWSE,27.9,-0.35,1306075.0,36722180.0,,,,,,,,,1.0,3000.0,0.0,-243576.0,13000.0,,,False,False,False,3000.0,-243576.0,False,,,,False,,⚪ 不列入,未達標,0,0,0 張,無,無,無
2328,廣宇,TWSE,47.0,0.0,774116.0,36492986.0,,,,,,,,,0.0,0.0,1.0,117614.0,14000.0,,,False,False,False,0.0,117614.0,False,,,,False,,⚪ 不列入,未達標,0,0,0 張,無,無,無
2539,櫻花建,TWSE,34.0,-0.45,1069477.0,36448414.0,,,,,,,,,0.0,-26620.0,1.0,57890.0,0.0,,,False,False,False,-26620.0,57890.0,False,,,,False,,⚪ 不列入,未達標,0,0,0 張,無,無,無
7855,和運租車,TWSE,41.5,-0.35,867500.0,36064747.0,,,,,,,,,0.0,0.0,0.0,-107000.0,0.0,,,False,False,False,0.0,-107000.0,False,,,,False,,⚪ 不列入,未達標,0,0,0 張,無,無,無
9917,中保科,TWSE,105.5,-0.5,337338.0,35706390.0,,,,,,,,,1.0,1000.0,0.0,-88695.0,0.0,,,False,False,False,1000.0,-88695.0,False,,,,False,,⚪ 不列入,未達標,0,0,0 張,無,無,無
7740,熙特爾-創,TWSE,102.0,-7.5,337585.0,35231409.0,,,,,,,,,0.0,0.0,1.0,31000.0,543.0,,,False,False,False,0.0,31000.0,False,,,,False,,⚪ 不列入,未達標,0,0,0 張,無,無,無
1304,台聚,TWSE,12.3,-0.2,2772924.0,34736934.0,,,,,,,,,0.0,0.0,0.0,-618309.0,115044.0,,,False,False,False,0.0,-618309.0,False,,,,False,,⚪ 不列入,未達標,0,0,0 張,無,無,無
7768,頌勝科技,TWSE,304.0,-0.5,114668.0,34617956.0,,,,,,,,,0.0,0.0,0.0,-30000.0,0.0,,,False,False,False,0.0,-30000.0,False,,,,False,,⚪ 不列入,未達標,0,0,0 張,無,無,無
2495,普安,TWSE,38.95,-0.1,882955.0,34591157.0,,,,,,,,,0.0,0.0,1.0,297137.0,2000.0,,,False,False,False,0.0,297137.0,False,,,,False,,⚪ 不列入,未達標,0,0,0 張,無,無,無
2072,世紀風電,TWSE,131.5,4.5,261627.0,34262601.0,,,,,,,,,0.0,0.0,1.0,59231.0,3314.0,,,False,False,False,0.0,59231.0,False,,,,False,,⚪ 不列入,未達標,0,0,0 張,無,無,無
6120,達運,TWSE,13.05,0.3,2603544.0,34076367.0,,,,,,,,,0.0,0.0,1.0,1232411.0,643.0,,,False,False,False,0.0,1232411.0,False,,,,False,,⚪ 不列入,未達標,0,0,0 張,無,無,無
3028,增你強,TWSE,62.7,0.2,536354.0,33759917.0,,,,,,,,,1.0,6100.0,0.0,-109884.0,5333.0,,,False,False,False,6100.0,-109884.0,False,,,,False,,⚪ 不列入,未達標,0,0,0 張,無,無,無
8215,明基材,TWSE,28.0,0.1,1185197.0,33269449.0,,,,,,,,,0.0,0.0,1.0,234711.0,14.0,,,False,False,False,0.0,234711.0,False,,,,False,,⚪ 不列入,未達標,0,0,0 張,無,無,無
8070,長華*,TWSE,49.7,0.0,667296.0,33166257.0,,,,,,,,,0.0,0.0,1.0,1001.0,84.0,,,False,False,False,0.0,1001.0,False,,,,False,,⚪ 不列入,未達標,0,0,0 張,無,無,無
2723,美食-KY,TWSE,76.6,-1.9,423602.0,32741936.0,,,,,,,,,0.0,0.0,0.0,-4000.0,0.0,,,False,False,False,0.0,-4000.0,False,,,,False,,⚪ 不列入,未達標,0,0,0 張,無,無,無
6412,群電,TWSE,74.1,-0.5,437674.0,32570237.0,,,,,,,,,0.0,0.0,0.0,-28000.0,21621.0,,,False,False,False,0.0,-28000.0,False,,,,False,,⚪ 不列入,未達標,0,0,0 張,無,無,無
4912,聯德控股-KY,TWSE,96.8,0.0,336807.0,32504818.0,,,,,,,,,0.0,0.0,1.0,14000.0,0.0,,,False,False,False,0.0,14000.0,False,,,,False,,⚪ 不列入,未達標,0,0,0 張,無,無,無
2419,仲琦,TWSE,29.0,0.35,1112751.0,32396364.0,,,,,,,,,0.0,0.0,0.0,-100771.0,2000.0,,,False,False,False,0.0,-100771.0,False,,,,False,,⚪ 不列入,未達標,0,0,0 張,無,無,無
3312,弘憶股,TWSE,50.9,0.4,629455.0,32288614.0,,,,,,,,,0.0,0.0,1.0,217130.0,0.0,,,False,False,False,0.0,217130.0,False,,,,False,,⚪ 不列入,未達標,0,0,0 張,無,無,無
3515,華擎,TWSE,211.0,0.0,152206.0,32207558.0,,,,,,,,,0.0,0.0,0.0,-1000.0,627.0,,,False,False,False,0.0,-1000.0,False,,,,False,,⚪ 不列入,未達標,0,0,0 張,無,無,無
6869,雲豹能源,TWSE,70.9,1.4,457988.0,32131783.0,,,,,,,,,0.0,0.0,1.0,155873.0,5999.0,,,False,False,False,0.0,155873.0,False,,,,False,,⚪ 不列入,未達標,0,0,0 張,無,無,無
6416,瑞祺電通,TWSE,116.0,-0.5,276356.0,32100416.0,,,,,,,,,0.0,0.0,0.0,-4994.0,0.0,,,False,False,False,0.0,-4994.0,False,,,,False,,⚪ 不列入,未達標,0,0,0 張,無,無,無
3209,全科,TWSE,45.5,-0.3,691172.0,31500679.0,,,,,,,,,0.0,0.0,0.0,-337894.0,169.0,,,False,False,False,0.0,-337894.0,False,,,,False,,⚪ 不列入,未達標,0,0,0 張,無,無,無
9927,泰銘,TWSE,69.9,-0.3,448407.0,31320660.0,,,,,,,,,0.0,0.0,0.0,-185035.0,0.0,,,False,False,False,0.0,-185035.0,False,,,,False,,⚪ 不列入,未達標,0,0,0 張,無,無,無
2527,宏璟,TWSE,48.35,0.4,634439.0,31000995.0,,,,,,,,,0.0,0.0,1.0,252054.0,107.0,,,False,False,False,0.0,252054.0,False,,,,False,,⚪ 不列入,未達標,0,0,0 張,無,無,無
6108,競國,TWSE,24.4,0.0,1269830.0,30885325.0,,,,,,,,,0.0,0.0,1.0,83800.0,0.0,,,False,False,False,0.0,83800.0,False,,,,False,,⚪ 不列入,未達標,0,0,0 張,無,無,無
6782,視陽,TWSE,234.5,1.0,129912.0,30394691.0,,,,,,,,,0.0,0.0,0.0,-1581.0,767.0,,,False,False,False,0.0,-1581.0,False,,,,False,,⚪ 不列入,未達標,0,0,0 張,無,無,無
3708,上緯投控,TWSE,97.6,-2.1,306892.0,30215909.0,,,,,,,,,0.0,0.0,0.0,-169410.0,19.0,,,False,False,False,0.0,-169410.0,False,,,,False,,⚪ 不列入,未達標,0,0,0 張,無,無,無
1617,榮星,TWSE,21.9,1.95,1391792.0,30212470.0,,,,,,,,,0.0,0.0,1.0,407000.0,0.0,,,False,False,False,0.0,407000.0,False,,,,False,,⚪ 不列入,未達標,0,0,0 張,無,無,無
6177,達麗,TWSE,46.25,0.05,620878.0,28726454.0,,,,,,,,,1.0,22804.0,0.0,-136897.0,0.0,,,False,False,False,22804.0,-136897.0,False,,,,False,,⚪ 不列入,未達標,0,0,0 張,無,無,無
3059,華晶科,TWSE,37.85,0.0,754485.0,28662124.0,,,,,,,,,0.0,0.0,1.0,97000.0,531.0,,,False,False,False,0.0,97000.0,False,,,,False,,⚪ 不列入,未達標,0,0,0 張,無,無,無
2444,兆勁,TWSE,15.05,0.25,1916012.0,28622724.0,,,,,,,,,0.0,0.0,1.0,304526.0,0.0,,,False,False,False,0.0,304526.0,False,,,,False,,⚪ 不列入,未達標,0,0,0 張,無,無,無
3049,精金,TWSE,12.15,-0.1,2310163.0,28266336.0,,,,,,,,,0.0,0.0,1.0,369000.0,18086.0,,,False,False,False,0.0,369000.0,False,,,,False,,⚪ 不列入,未達標,0,0,0 張,無,無,無
2543,皇昌,TWSE,38.15,0.0,724402.0,27885910.0,,,,,,,,,0.0,0.0,1.0,253071.0,61.0,,,False,False,False,0.0,253071.0,False,,,,False,,⚪ 不列入,未達標,0,0,0 張,無,無,無
2707,晶華,TWSE,175.0,-1.5,158264.0,27842160.0,,,,,,,,,0.0,0.0,0.0,-94975.0,0.0,,,False,False,False,0.0,-94975.0,False,,,,False,,⚪ 不列入,未達標,0,0,0 張,無,無,無
6550,北極星藥業-KY,TWSE,17.4,0.0,1596103.0,27840159.0,,,,,,,,,0.0,0.0,0.0,-657374.0,0.0,,,False,False,False,0.0,-657374.0,False,,,,False,,⚪ 不列入,未達標,0,0,0 張,無,無,無
2434,統懋,TWSE,64.8,-0.4,423909.0,27670324.0,,,,,,,,,0.0,0.0,0.0,-26722.0,0.0,,,False,False,False,0.0,-26722.0,False,,,,False,,⚪ 不列入,未達標,0,0,0 張,無,無,無
2025,千興,TWSE,13.35,0.25,2029531.0,27580551.0,,,,,,,,,0.0,0.0,0.0,-124073.0,0.0,,,False,False,False,0.0,-124073.0,False,,,,False,,⚪ 不列入,未達標,0,0,0 張,無,無,無
5471,松翰,TWSE,52.7,1.0,521664.0,27395799.0,,,,,,,,,0.0,0.0,1.0,190150.0,2000.0,,,False,False,False,0.0,190150.0,False,,,,False,,⚪ 不列入,未達標,0,0,0 張,無,無,無
6753,龍德造船,TWSE,132.5,0.0,206011.0,27333726.0,,,,,,,,,0.0,0.0,0.0,-74975.0,12780.0,,,False,False,False,0.0,-74975.0,False,,,,False,,⚪ 不列入,未達標,0,0,0 張,無,無,無
4536,拓凱,TWSE,161.5,-3.5,167097.0,27167065.0,,,,,,,,,0.0,0.0,0.0,-36989.0,0.0,,,False,False,False,0.0,-36989.0,False,,,,False,,⚪ 不列入,未達標,0,0,0 張,無,無,無
8162,微矽電子-創,TWSE,65.4,0.3,412662.0,27013375.0,,,,,,,,,0.0,0.0,0.0,-72946.0,321.0,,,False,False,False,0.0,-72946.0,False,,,,False,,⚪ 不列入,未達標,0,0,0 張,無,無,無
7765,中華資安,TWSE,237.0,-4.0,111626.0,26442483.0,,,,,,,,,0.0,0.0,0.0,-18000.0,0.0,,,False,False,False,0.0,-18000.0,False,,,,False,,⚪ 不列入,未達標,0,0,0 張,無,無,無
3545,敦泰,TWSE,51.9,0.9,503191.0,26075493.0,,,,,,,,,1.0,10000.0,1.0,74325.0,20.0,,,False,False,False,10000.0,74325.0,False,,,,False,,⚪ 不列入,未達標,0,0,0 張,無,無,無
4766,南寶,TWSE,341.0,-2.5,75315.0,25775148.0,,,,,,,,,0.0,0.0,1.0,5994.0,244.0,,,False,False,False,0.0,5994.0,False,,,,False,,⚪ 不列入,未達標,0,0,0 張,無,無,無
2206,三陽工業,TWSE,62.5,-0.4,409880.0,25740367.0,,,,,,,,,1.0,2000.0,0.0,-182234.0,0.0,,,False,False,False,2000.0,-182234.0,False,,,,False,,⚪ 不列入,未達標,0,0,0 張,無,無,無
2362,藍天,TWSE,46.7,-0.9,544757.0,25658225.0,,,,,,,,,0.0,0.0,0.0,-268774.0,198.0,,,False,False,False,0.0,-268774.0,False,,,,False,,⚪ 不列入,未達標,0,0,0 張,無,無,無
1810,和成,TWSE,23.7,-0.25,1046015.0,24972261.0,,,,,,,,,0.0,0.0,1.0,91473.0,243.0,,,False,False,False,0.0,91473.0,False,,,,False,,⚪ 不列入,未達標,0,0,0 張,無,無,無
2903,遠百,TWSE,21.9,-0.2,1122713.0,24714752.0,,,,,,,,,0.0,0.0,0.0,-703734.0,0.0,,,False,False,False,0.0,-703734.0,False,,,,False,,⚪ 不列入,未達標,0,0,0 張,無,無,無
4968,立積,TWSE,92.8,0.3,264713.0,24665207.0,,,,,,,,,1.0,20000.0,1.0,67950.0,1376.0,,,False,False,False,20000.0,67950.0,False,,,,False,,⚪ 不列入,未達標,0,0,0 張,無,無,無
2480,敦陽科,TWSE,159.5,-1.5,153315.0,24518014.0,,,,,,,,,0.0,0.0,0.0,-36286.0,0.0,,,False,False,False,0.0,-36286.0,False,,,,False,,⚪ 不列入,未達標,0,0,0 張,無,無,無
6605,帝寶,TWSE,138.0,-0.5,177541.0,24467960.0,,,,,,,,,0.0,0.0,1.0,72035.0,497.0,,,False,False,False,0.0,72035.0,False,,,,False,,⚪ 不列入,未達標,0,0,0 張,無,無,無
1434,福懋,TWSE,18.0,0.05,1341588.0,24176827.0,,,,,,,,,0.0,0.0,0.0,-65771.0,0.0,,,False,False,False,0.0,-65771.0,False,,,,False,,⚪ 不列入,未達標,0,0,0 張,無,無,無
9802,鈺齊-KY,TWSE,64.7,1.0,372962.0,24047727.0,,,,,,,,,0.0,0.0,1.0,203416.0,0.0,,,False,False,False,0.0,203416.0,False,,,,False,,⚪ 不列入,未達標,0,0,0 張,無,無,無
2612,中航,TWSE,60.8,-1.4,388561.0,23761265.0,,,,,,,,,0.0,0.0,0.0,-45594.0,244.0,,,False,False,False,0.0,-45594.0,False,,,,False,,⚪ 不列入,未達標,0,0,0 張,無,無,無
1313,聯成,TWSE,12.05,-0.1,1943110.0,23693365.0,,,,,,,,,0.0,0.0,0.0,-575244.0,4210.0,,,False,False,False,0.0,-575244.0,False,,,,False,,⚪ 不列入,未達標,0,0,0 張,無,無,無
1309,台達化,TWSE,13.65,-0.15,1682322.0,23368548.0,,,,,,,,,0.0,0.0,0.0,-218225.0,2843.0,,,False,False,False,0.0,-218225.0,False,,,,False,,⚪ 不列入,未達標,0,0,0 張,無,無,無
3701,大眾控,TWSE,41.75,0.5,552964.0,23301309.0,,,,,,,,,0.0,0.0,1.0,52250.0,189.0,,,False,False,False,0.0,52250.0,False,,,,False,,⚪ 不列入,未達標,0,0,0 張,無,無,無
1712,興農,TWSE,39.6,-0.25,586602.0,23299589.0,,,,,,,,,1.0,16996.0,0.0,-446948.0,0.0,,,False,False,False,16996.0,-446948.0,False,,,,False,,⚪ 不列入,未達標,0,0,0 張,無,無,無
3062,建漢,TWSE,22.0,0.05,1045142.0,23053993.0,,,,,,,,,0.0,0.0,1.0,14513.0,877.0,,,False,False,False,0.0,14513.0,False,,,,False,,⚪ 不列入,未達標,0,0,0 張,無,無,無
4755,三福化,TWSE,118.0,2.5,196326.0,23036350.0,,,,,,,,,0.0,0.0,1.0,80494.0,0.0,,,False,False,False,0.0,80494.0,False,,,,False,,⚪ 不列入,未達標,0,0,0 張,無,無,無
9925,新保,TWSE,39.45,-0.2,581438.0,22999974.0,,,,,,,,,0.0,0.0,0.0,-140000.0,297.0,,,False,False,False,0.0,-140000.0,False,,,,False,,⚪ 不列入,未達標,0,0,0 張,無,無,無
3032,偉訓,TWSE,77.9,-1.1,294028.0,22889639.0,,,,,,,,,0.0,0.0,0.0,-47940.0,0.0,,,False,False,False,0.0,-47940.0,False,,,,False,,⚪ 不列入,未達標,0,0,0 張,無,無,無
5522,遠雄,TWSE,60.7,0.0,371905.0,22611290.0,,,,,,,,,1.0,9519.0,0.0,-67422.0,0.0,,,False,False,False,9519.0,-67422.0,False,,,,False,,⚪ 不列入,未達標,0,0,0 張,無,無,無
2905,三商,TWSE,18.0,-0.3,1238085.0,22559431.0,,,,,,,,,0.0,0.0,1.0,273533.0,0.0,,,False,False,False,0.0,273533.0,False,,,,False,,⚪ 不列入,未達標,0,0,0 張,無,無,無
2836,高雄銀,TWSE,12.0,-0.15,1866824.0,22527384.0,,,,,,,,,0.0,0.0,0.0,-1171490.0,0.0,,,False,False,False,0.0,-1171490.0,False,,,,False,,⚪ 不列入,未達標,0,0,0 張,無,無,無
1536,和大,TWSE,46.55,-0.45,478397.0,22327273.0,,,,,,,,,0.0,0.0,0.0,-82080.0,94.0,,,False,False,False,0.0,-82080.0,False,,,,False,,⚪ 不列入,未達標,0,0,0 張,無,無,無
2540,愛山林,TWSE,47.6,-1.4,462170.0,22314028.0,,,,,,,,,0.0,0.0,0.0,-53780.0,0.0,,,False,False,False,0.0,-53780.0,False,,,,False,,⚪ 不列入,未達標,0,0,0 張,無,無,無
1568,倉佑,TWSE,32.4,1.5,688490.0,22157872.0,,,,,,,,,0.0,0.0,1.0,27886.0,263.0,,,False,False,False,0.0,27886.0,False,,,,False,,⚪ 不列入,未達標,0,0,0 張,無,無,無
1308,亞聚,TWSE,14.1,-0.2,1556217.0,22146140.0,,,,,,,,,0.0,0.0,0.0,-449485.0,1327.0,,,False,False,False,0.0,-449485.0,False,,,,False,,⚪ 不列入,未達標,0,0,0 張,無,無,無
3703,欣陸,TWSE,19.5,-0.25,1119772.0,21984960.0,,,,,,,,,0.0,0.0,0.0,-701000.0,0.0,,,False,False,False,0.0,-701000.0,False,,,,False,,⚪ 不列入,未達標,0,0,0 張,無,無,無
2731,雄獅,TWSE,143.0,-1.0,152724.0,21968224.0,,,,,,,,,0.0,0.0,1.0,21014.0,0.0,,,False,False,False,0.0,21014.0,False,,,,False,,⚪ 不列入,未達標,0,0,0 張,無,無,無
1310,台苯,TWSE,8.9,0.0,2438328.0,21942631.0,,,,,,,,,0.0,0.0,0.0,-389867.0,0.0,,,False,False,False,0.0,-389867.0,False,,,,False,,⚪ 不列入,未達標,0,0,0 張,無,無,無
6743,安普新,TWSE,31.1,0.5,692999.0,21874960.0,,,,,,,,,1.0,3633.0,1.0,154547.0,0.0,,,False,False,False,3633.0,154547.0,False,,,,False,,⚪ 不列入,未達標,0,0,0 張,無,無,無
2630,亞航,TWSE,46.3,0.0,464796.0,21670615.0,,,,,,,,,0.0,0.0,0.0,-40599.0,23050.0,,,False,False,False,0.0,-40599.0,False,,,,False,,⚪ 不列入,未達標,0,0,0 張,無,無,無
6541,泰福-KY,TWSE,29.95,-0.35,711417.0,21413112.0,,,,,,,,,0.0,0.0,0.0,-102256.0,0.0,,,False,False,False,0.0,-102256.0,False,,,,False,,⚪ 不列入,未達標,0,0,0 張,無,無,無
2204,中華,TWSE,52.0,-0.5,399395.0,20883831.0,,,,,,,,,1.0,18598.0,0.0,-164049.0,193.0,,,False,False,False,18598.0,-164049.0,False,,,,False,,⚪ 不列入,未達標,0,0,0 張,無,無,無
2607,榮運,TWSE,53.1,-0.6,391612.0,20867629.0,,,,,,,,,0.0,0.0,0.0,-138339.0,293.0,,,False,False,False,0.0,-138339.0,False,,,,False,,⚪ 不列入,未達標,0,0,0 張,無,無,無
6918,愛派司,TWSE,74.0,-0.2,277687.0,20805563.0,,,,,,,,,0.0,0.0,0.0,-1000.0,0.0,,,False,False,False,0.0,-1000.0,False,,,,False,,⚪ 不列入,未達標,0,0,0 張,無,無,無
1307,三芳,TWSE,30.85,0.15,666273.0,20717079.0,,,,,,,,,1.0,5000.0,1.0,178538.0,12000.0,,,False,False,False,5000.0,178538.0,False,,,,False,,⚪ 不列入,未達標,0,0,0 張,無,無,無
2348,海悅,TWSE,70.5,-1.5,278973.0,19774647.0,,,,,,,,,0.0,0.0,0.0,-54000.0,6361.0,,,False,False,False,0.0,-54000.0,False,,,,False,,⚪ 不列入,未達標,0,0,0 張,無,無,無
4142,國光生,TWSE,18.1,0.2,1093940.0,19755966.0,,,,,,,,,0.0,0.0,1.0,450360.0,557.0,,,False,False,False,0.0,450360.0,False,,,,False,,⚪ 不列入,未達標,0,0,0 張,無,無,無
1582,信錦,TWSE,70.1,0.1,281706.0,19707243.0,,,,,,,,,0.0,0.0,1.0,116840.0,242.0,,,False,False,False,0.0,116840.0,False,,,,False,,⚪ 不列入,未達標,0,0,0 張,無,無,無
9938,百和,TWSE,38.2,0.15,511066.0,19482815.0,,,,,,,,,1.0,20535.0,1.0,119000.0,36.0,,,False,False,False,20535.0,119000.0,False,,,,False,,⚪ 不列入,未達標,0,0,0 張,無,無,無
2753,八方雲集,TWSE,179.0,-1.0,108662.0,19441406.0,,,,,,,,,1.0,2007.0,0.0,-39325.0,0.0,,,False,False,False,2007.0,-39325.0,False,,,,False,,⚪ 不列入,未達標,0,0,0 張,無,無,無
1558,伸興,TWSE,114.0,2.0,171197.0,19350984.0,,,,,,,,,0.0,0.0,1.0,75234.0,0.0,,,False,False,False,0.0,75234.0,False,,,,False,,⚪ 不列入,未達標,0,0,0 張,無,無,無
5288,豐祥-KY,TWSE,186.5,-1.0,103079.0,19247237.0,,,,,,,,,0.0,-10000.0,1.0,23813.0,0.0,,,False,False,False,-10000.0,23813.0,False,,,,False,,⚪ 不列入,未達標,0,0,0 張,無,無,無
6558,興能高,TWSE,25.4,0.9,761437.0,19228561.0,,,,,,,,,0.0,0.0,0.0,-307870.0,0.0,,,False,False,False,0.0,-307870.0,False,,,,False,,⚪ 不列入,未達標,0,0,0 張,無,無,無
1612,宏泰,TWSE,35.35,0.3,535101.0,18873434.0,,,,,,,,,1.0,4000.0,1.0,249894.0,435.0,,,False,False,False,4000.0,249894.0,False,,,,False,,⚪ 不列入,未達標,0,0,0 張,無,無,無
2457,飛宏,TWSE,21.75,-0.2,848756.0,18605271.0,,,,,,,,,0.0,0.0,0.0,-154805.0,348.0,,,False,False,False,0.0,-154805.0,False,,,,False,,⚪ 不列入,未達標,0,0,0 張,無,無,無
6024,群益期,TWSE,60.2,-0.6,304599.0,18360658.0,,,,,,,,,0.0,0.0,0.0,-46000.0,0.0,,,False,False,False,0.0,-46000.0,False,,,,False,,⚪ 不列入,未達標,0,0,0 張,無,無,無
2491,吉祥全,TWSE,40.2,0.65,455070.0,18360105.0,,,,,,,,,0.0,0.0,1.0,267999.0,0.0,,,False,False,False,0.0,267999.0,False,,,,False,,⚪ 不列入,未達標,0,0,0 張,無,無,無
3015,全漢,TWSE,53.7,0.4,341596.0,18324141.0,,,,,,,,,0.0,0.0,0.0,-33500.0,0.0,,,False,False,False,0.0,-33500.0,False,,,,False,,⚪ 不列入,未達標,0,0,0 張,無,無,無
6589,台康生技,TWSE,51.6,0.2,355887.0,18279902.0,,,,,,,,,0.0,0.0,1.0,115363.0,16.0,,,False,False,False,0.0,115363.0,False,,,,False,,⚪ 不列入,未達標,0,0,0 張,無,無,無
2029,盛餘,TWSE,22.15,0.6,824545.0,18147147.0,,,,,,,,,0.0,0.0,1.0,199455.0,0.0,,,False,False,False,0.0,199455.0,False,,,,False,,⚪ 不列入,未達標,0,0,0 張,無,無,無
4736,泰博,TWSE,128.5,-1.0,140135.0,18129177.0,,,,,,,,,0.0,0.0,0.0,-26810.0,0.0,,,False,False,False,0.0,-26810.0,False,,,,False,,⚪ 不列入,未達標,0,0,0 張,無,無,無
1110,東泥,TWSE,14.35,-0.4,1203041.0,17598476.0,,,,,,,,,0.0,0.0,0.0,-14960.0,0.0,,,False,False,False,0.0,-14960.0,False,,,,False,,⚪ 不列入,未達標,0,0,0 張,無,無,無
1442,名軒,TWSE,26.9,-0.8,645434.0,17495053.0,,,,,,,,,0.0,0.0,1.0,17300.0,0.0,,,False,False,False,0.0,17300.0,False,,,,False,,⚪ 不列入,未達標,0,0,0 張,無,無,無
6215,和椿,TWSE,97.2,0.4,178676.0,17426551.0,,,,,,,,,0.0,0.0,1.0,25109.0,648.0,,,False,False,False,0.0,25109.0,False,,,,False,,⚪ 不列入,未達標,0,0,0 張,無,無,無
8213,志超,TWSE,32.8,-0.3,529799.0,17417309.0,,,,,,,,,0.0,0.0,0.0,-105000.0,305.0,,,False,False,False,0.0,-105000.0,False,,,,False,,⚪ 不列入,未達標,0,0,0 張,無,無,無
3346,麗清,TWSE,23.8,0.2,722827.0,17238002.0,,,,,,,,,0.0,0.0,1.0,17437.0,0.0,,,False,False,False,0.0,17437.0,False,,,,False,,⚪ 不列入,未達標,0,0,0 張,無,無,無
2015,豐興,TWSE,63.1,-1.4,269986.0,17150004.0,,,,,,,,,0.0,0.0,0.0,-157913.0,1000.0,,,False,False,False,0.0,-157913.0,False,,,,False,,⚪ 不列入,未達標,0,0,0 張,無,無,無
3003,健和興,TWSE,59.7,-0.4,286357.0,17134954.0,,,,,,,,,0.0,0.0,0.0,-4783.0,1.0,,,False,False,False,0.0,-4783.0,False,,,,False,,⚪ 不列入,未達標,0,0,0 張,無,無,無
5222,全訊,TWSE,104.5,-0.5,159423.0,16820763.0,,,,,,,,,0.0,0.0,0.0,-35002.0,677.0,,,False,False,False,0.0,-35002.0,False,,,,False,,⚪ 不列入,未達標,0,0,0 張,無,無,無
4583,台灣精銳,TWSE,429.0,0.0,38563.0,16647564.0,,,,,,,,,0.0,0.0,0.0,-7000.0,1000.0,,,False,False,False,0.0,-7000.0,False,,,,False,,⚪ 不列入,未達標,0,0,0 張,無,無,無
2038,海光,TWSE,12.65,0.1,1265575.0,16346971.0,,,,,,,,,0.0,0.0,0.0,-160926.0,0.0,,,False,False,False,0.0,-160926.0,False,,,,False,,⚪ 不列入,未達標,0,0,0 張,無,無,無
4771,望隼,TWSE,211.5,-0.5,76634.0,16307317.0,,,,,,,,,0.0,0.0,1.0,14043.0,1.0,,,False,False,False,0.0,14043.0,False,,,,False,,⚪ 不列入,未達標,0,0,0 張,無,無,無
2365,昆盈,TWSE,28.1,-0.1,572445.0,16231333.0,,,,,,,,,0.0,0.0,1.0,191000.0,0.0,,,False,False,False,0.0,191000.0,False,,,,False,,⚪ 不列入,未達標,0,0,0 張,無,無,無
4976,佳凌,TWSE,35.5,0.3,455830.0,16157133.0,,,,,,,,,0.0,0.0,1.0,108000.0,172.0,,,False,False,False,0.0,108000.0,False,,,,False,,⚪ 不列入,未達標,0,0,0 張,無,無,無
9911,櫻花,TWSE,81.6,0.2,196240.0,16014568.0,,,,,,,,,0.0,0.0,1.0,56026.0,0.0,,,False,False,False,0.0,56026.0,False,,,,False,,⚪ 不列入,未達標,0,0,0 張,無,無,無
2023,燁輝,TWSE,13.55,-0.1,1159080.0,15799448.0,,,,,,,,,1.0,2000.0,0.0,-592471.0,0.0,,,False,False,False,2000.0,-592471.0,False,,,,False,,⚪ 不列入,未達標,0,0,0 張,無,無,無
2636,台驊控股,TWSE,70.4,-1.5,222241.0,15733061.0,,,,,,,,,0.0,0.0,0.0,-100000.0,0.0,,,False,False,False,0.0,-100000.0,False,,,,False,,⚪ 不列入,未達標,0,0,0 張,無,無,無
2546,根基,TWSE,106.0,-0.5,140126.0,15002319.0,,,,,,,,,0.0,0.0,0.0,-28097.0,0.0,,,False,False,False,0.0,-28097.0,False,,,,False,,⚪ 不列入,未達標,0,0,0 張,無,無,無
8249,菱光,TWSE,39.05,-0.3,384513.0,14906930.0,,,,,,,,,0.0,0.0,1.0,138891.0,0.0,,,False,False,False,0.0,138891.0,False,,,,False,,⚪ 不列入,未達標,0,0,0 張,無,無,無
8105,凌巨,TWSE,14.9,0.05,988490.0,14713786.0,,,,,,,,,0.0,0.0,1.0,591770.0,184.0,,,False,False,False,0.0,591770.0,False,,,,False,,⚪ 不列入,未達標,0,0,0 張,無,無,無
2597,潤弘,TWSE,167.0,-0.5,87871.0,14711982.0,,,,,,,,,1.0,1000.0,1.0,16942.0,714.0,,,False,False,False,1000.0,16942.0,False,,,,False,,⚪ 不列入,未達標,0,0,0 張,無,無,無
4164,承業醫,TWSE,26.9,0.5,541103.0,14649628.0,,,,,,,,,0.0,0.0,1.0,100190.0,0.0,,,False,False,False,0.0,100190.0,False,,,,False,,⚪ 不列入,未達標,0,0,0 張,無,無,無
2258,鴻華先進-創,TWSE,30.95,0.45,469300.0,14579071.0,,,,,,,,,0.0,0.0,1.0,124944.0,4003.0,,,False,False,False,0.0,124944.0,False,,,,False,,⚪ 不列入,未達標,0,0,0 張,無,無,無
6243,迅杰,TWSE,39.0,-0.5,362425.0,14234719.0,,,,,,,,,0.0,0.0,0.0,-18667.0,286.0,,,False,False,False,0.0,-18667.0,False,,,,False,,⚪ 不列入,未達標,0,0,0 張,無,無,無
3338,泰碩,TWSE,67.9,0.3,208716.0,14148143.0,,,,,,,,,0.0,0.0,1.0,8314.0,0.0,,,False,False,False,0.0,8314.0,False,,,,False,,⚪ 不列入,未達標,0,0,0 張,無,無,無
1305,華夏,TWSE,12.1,0.0,1147533.0,13990096.0,,,,,,,,,0.0,0.0,1.0,257109.0,0.0,,,False,False,False,0.0,257109.0,False,,,,False,,⚪ 不列入,未達標,0,0,0 張,無,無,無
7722,LINEPAY,TWSE,258.0,-2.0,53965.0,13935869.0,,,,,,,,,0.0,0.0,0.0,-25183.0,0.0,,,False,False,False,0.0,-25183.0,False,,,,False,,⚪ 不列入,未達標,0,0,0 張,無,無,無
1909,榮成,TWSE,10.05,-0.05,1358907.0,13720538.0,,,,,,,,,0.0,0.0,0.0,-497586.0,0.0,,,False,False,False,0.0,-497586.0,False,,,,False,,⚪ 不列入,未達標,0,0,0 張,無,無,無
3024,憶聲,TWSE,14.2,-0.4,944848.0,13444294.0,,,,,,,,,0.0,0.0,0.0,-240709.0,0.0,,,False,False,False,0.0,-240709.0,False,,,,False,,⚪ 不列入,未達標,0,0,0 張,無,無,無
4532,瑞智,TWSE,25.05,-0.15,535748.0,13435304.0,,,,,,,,,1.0,11242.0,0.0,-14693.0,0.0,,,False,False,False,11242.0,-14693.0,False,,,,False,,⚪ 不列入,未達標,0,0,0 張,無,無,無
5515,建國,TWSE,52.7,0.0,253867.0,13361248.0,,,,,,,,,0.0,0.0,0.0,-20975.0,3000.0,,,False,False,False,0.0,-20975.0,False,,,,False,,⚪ 不列入,未達標,0,0,0 張,無,無,無
9942,茂順,TWSE,113.0,-1.0,115960.0,13264022.0,,,,,,,,,0.0,0.0,0.0,-29000.0,0.0,,,False,False,False,0.0,-29000.0,False,,,,False,,⚪ 不列入,未達標,0,0,0 張,無,無,無
8104,錸寶,TWSE,31.4,0.35,414116.0,13023141.0,,,,,,,,,0.0,0.0,1.0,215456.0,0.0,,,False,False,False,0.0,215456.0,False,,,,False,,⚪ 不列入,未達標,0,0,0 張,無,無,無
2108,南帝,TWSE,28.2,-0.5,458121.0,13022281.0,,,,,,,,,0.0,0.0,0.0,-181760.0,3564.0,,,False,False,False,0.0,-181760.0,False,,,,False,,⚪ 不列入,未達標,0,0,0 張,無,無,無
7786,東方風能,TWSE,118.5,0.5,110073.0,12986655.0,,,,,,,,,0.0,0.0,1.0,20000.0,0.0,,,False,False,False,0.0,20000.0,False,,,,False,,⚪ 不列入,未達標,0,0,0 張,無,無,無
2397,友通,TWSE,63.0,0.8,205189.0,12978097.0,,,,,,,,,0.0,0.0,1.0,89160.0,0.0,,,False,False,False,0.0,89160.0,False,,,,False,,⚪ 不列入,未達標,0,0,0 張,無,無,無
2231,為升,TWSE,92.0,1.7,141046.0,12964388.0,,,,,,,,,0.0,0.0,1.0,15011.0,6498.0,,,False,False,False,0.0,15011.0,False,,,,False,,⚪ 不列入,未達標,0,0,0 張,無,無,無
3356,奇偶,TWSE,65.6,0.4,195733.0,12907271.0,,,,,,,,,0.0,0.0,0.0,-16820.0,0.0,,,False,False,False,0.0,-16820.0,False,,,,False,,⚪ 不列入,未達標,0,0,0 張,無,無,無
6890,來億-KY,TWSE,147.0,0.5,86198.0,12748627.0,,,,,,,,,0.0,0.0,0.0,-2000.0,165.0,,,False,False,False,0.0,-2000.0,False,,,,False,,⚪ 不列入,未達標,0,0,0 張,無,無,無
4195,基米-創,TWSE,15.8,1.4,816104.0,12662859.0,,,,,,,,,0.0,0.0,0.0,-61000.0,862.0,,,False,False,False,0.0,-61000.0,False,,,,False,,⚪ 不列入,未達標,0,0,0 張,無,無,無
4306,炎洲,TWSE,14.65,0.15,863069.0,12558030.0,,,,,,,,,0.0,0.0,0.0,-103983.0,0.0,,,False,False,False,0.0,-103983.0,False,,,,False,,⚪ 不列入,未達標,0,0,0 張,無,無,無
2106,建大,TWSE,16.45,-0.2,749249.0,12420266.0,,,,,,,,,0.0,0.0,0.0,-360000.0,417.0,,,False,False,False,0.0,-360000.0,False,,,,False,,⚪ 不列入,未達標,0,0,0 張,無,無,無
2816,旺旺保,TWSE,39.85,-0.3,309191.0,12404714.0,,,,,,,,,0.0,0.0,0.0,-59820.0,0.0,,,False,False,False,0.0,-59820.0,False,,,,False,,⚪ 不列入,未達標,0,0,0 張,無,無,無
8201,無敵,TWSE,14.6,1.3,843746.0,12317382.0,,,,,,,,,0.0,0.0,1.0,46000.0,0.0,,,False,False,False,0.0,46000.0,False,,,,False,,⚪ 不列入,未達標,0,0,0 張,無,無,無
3694,海華,TWSE,50.4,0.1,239881.0,12098987.0,,,,,,,,,0.0,0.0,1.0,81000.0,1.0,,,False,False,False,0.0,81000.0,False,,,,False,,⚪ 不列入,未達標,0,0,0 張,無,無,無
2349,錸德,TWSE,10.4,0.05,1158181.0,12021860.0,,,,,,,,,0.0,0.0,0.0,-218550.0,0.0,,,False,False,False,0.0,-218550.0,False,,,,False,,⚪ 不列入,未達標,0,0,0 張,無,無,無
2425,承啟,TWSE,37.45,0.5,320575.0,11968858.0,,,,,,,,,0.0,0.0,0.0,-9919.0,0.0,,,False,False,False,0.0,-9919.0,False,,,,False,,⚪ 不列入,未達標,0,0,0 張,無,無,無
1104,環泥,TWSE,26.55,-0.1,447642.0,11905411.0,,,,,,,,,1.0,1000.0,0.0,-303305.0,0.0,,,False,False,False,1000.0,-303305.0,False,,,,False,,⚪ 不列入,未達標,0,0,0 張,無,無,無
4441,振大環球,TWSE,170.0,-1.0,68339.0,11648865.0,,,,,,,,,0.0,0.0,0.0,-1960.0,0.0,,,False,False,False,0.0,-1960.0,False,,,,False,,⚪ 不列入,未達標,0,0,0 張,無,無,無
2536,宏普,TWSE,19.15,-0.05,608246.0,11648690.0,,,,,,,,,0.0,0.0,1.0,87000.0,0.0,,,False,False,False,0.0,87000.0,False,,,,False,,⚪ 不列入,未達標,0,0,0 張,無,無,無
2832,台產,TWSE,56.8,-0.7,203771.0,11615312.0,,,,,,,,,1.0,4377.0,0.0,-99080.0,433.0,,,False,False,False,4377.0,-99080.0,False,,,,False,,⚪ 不列入,未達標,0,0,0 張,無,無,無
8163,達方,TWSE,30.15,0.1,385982.0,11608164.0,,,,,,,,,0.0,0.0,1.0,180016.0,23.0,,,False,False,False,0.0,180016.0,False,,,,False,,⚪ 不列入,未達標,0,0,0 張,無,無,無
7730,暉盛-創,TWSE,174.5,2.5,66534.0,11602379.0,,,,,,,,,0.0,0.0,1.0,48000.0,114.0,,,False,False,False,0.0,48000.0,False,,,,False,,⚪ 不列入,未達標,0,0,0 張,無,無,無
3311,閎暉,TWSE,38.15,0.1,303974.0,11579652.0,,,,,,,,,0.0,0.0,1.0,12534.0,0.0,,,False,False,False,0.0,12534.0,False,,,,False,,⚪ 不列入,未達標,0,0,0 張,無,無,無
4545,銘鈺,TWSE,35.55,2.45,326852.0,11409399.0,,,,,,,,,0.0,0.0,1.0,64000.0,0.0,,,False,False,False,0.0,64000.0,False,,,,False,,⚪ 不列入,未達標,0,0,0 張,無,無,無
8473,山林水,TWSE,39.5,0.1,286371.0,11330904.0,,,,,,,,,0.0,0.0,1.0,1087.0,0.0,,,False,False,False,0.0,1087.0,False,,,,False,,⚪ 不列入,未達標,0,0,0 張,無,無,無
1231,聯華食,TWSE,79.6,0.0,141891.0,11311229.0,,,,,,,,,0.0,0.0,1.0,9013.0,0.0,,,False,False,False,0.0,9013.0,False,,,,False,,⚪ 不列入,未達標,0,0,0 張,無,無,無
2417,圓剛,TWSE,38.7,-0.35,289907.0,11292300.0,,,,,,,,,0.0,0.0,1.0,33000.0,0.0,,,False,False,False,0.0,33000.0,False,,,,False,,⚪ 不列入,未達標,0,0,0 張,無,無,無
3528,安馳,TWSE,84.7,-0.3,130611.0,11104261.0,,,,,,,,,0.0,0.0,1.0,1799.0,0.0,,,False,False,False,0.0,1799.0,False,,,,False,,⚪ 不列入,未達標,0,0,0 張,無,無,無
6909,創控,TWSE,41.95,0.45,261738.0,11077282.0,,,,,,,,,0.0,0.0,1.0,125000.0,0.0,,,False,False,False,0.0,125000.0,False,,,,False,,⚪ 不列入,未達標,0,0,0 張,無,無,無
2405,輔信,TWSE,15.15,0.1,728911.0,11053324.0,,,,,,,,,0.0,0.0,1.0,164186.0,0.0,,,False,False,False,0.0,164186.0,False,,,,False,,⚪ 不列入,未達標,0,0,0 張,無,無,無
6277,宏正,TWSE,76.7,-1.1,132823.0,10289354.0,,,,,,,,,0.0,0.0,0.0,-8000.0,0.0,,,False,False,False,0.0,-8000.0,False,,,,False,,⚪ 不列入,未達標,0,0,0 張,無,無,無
2331,精英,TWSE,18.7,-0.15,541430.0,10196996.0,,,,,,,,,0.0,0.0,0.0,-223000.0,0.0,,,False,False,False,0.0,-223000.0,False,,,,False,,⚪ 不列入,未達標,0,0,0 張,無,無,無
2535,達欣工,TWSE,89.1,-0.7,113837.0,10176039.0,,,,,,,,,0.0,0.0,1.0,27507.0,0.0,,,False,False,False,0.0,27507.0,False,,,,False,,⚪ 不列入,未達標,0,0,0 張,無,無,無
3004,豐達科,TWSE,117.5,0.5,85163.0,10022505.0,,,,,,,,,0.0,0.0,0.0,-7604.0,123.0,,,False,False,False,0.0,-7604.0,False,,,,False,,⚪ 不列入,未達標,0,0,0 張,無,無,無
6947,台鎔科技,TWSE,67.2,0.0,147551.0,10021524.0,,,,,,,,,0.0,0.0,1.0,10085.0,0.0,,,False,False,False,0.0,10085.0,False,,,,False,,⚪ 不列入,未達標,0,0,0 張,無,無,無
4590,富田-創,TWSE,88.5,-1.2,112776.0,9999939.0,,,,,,,,,0.0,0.0,0.0,-69950.0,140.0,,,False,False,False,0.0,-69950.0,False,,,,False,,⚪ 不列入,未達標,0,0,0 張,無,無,無
9919,康那香,TWSE,13.7,-0.15,725134.0,9891033.0,,,,,,,,,0.0,0.0,1.0,87000.0,0.0,,,False,False,False,0.0,87000.0,False,,,,False,,⚪ 不列入,未達標,0,0,0 張,無,無,無
4104,佳醫,TWSE,72.1,0.2,135872.0,9807854.0,,,,,,,,,0.0,0.0,1.0,17612.0,0.0,,,False,False,False,0.0,17612.0,False,,,,False,,⚪ 不列入,未達標,0,0,0 張,無,無,無
1515,力山,TWSE,29.3,-0.15,332858.0,9765276.0,,,,,,,,,0.0,0.0,1.0,13900.0,92.0,,,False,False,False,0.0,13900.0,False,,,,False,,⚪ 不列入,未達標,0,0,0 張,無,無,無
4169,泰宗,TWSE,148.5,0.0,65399.0,9722124.0,,,,,,,,,0.0,0.0,0.0,-1000.0,0.0,,,False,False,False,0.0,-1000.0,False,,,,False,,⚪ 不列入,未達標,0,0,0 張,無,無,無
1201,味全,TWSE,11.5,-0.1,839007.0,9681825.0,,,,,,,,,0.0,0.0,0.0,-194000.0,0.0,,,False,False,False,0.0,-194000.0,False,,,,False,,⚪ 不列入,未達標,0,0,0 張,無,無,無
2471,資通,TWSE,51.3,-0.1,187884.0,9658813.0,,,,,,,,,0.0,0.0,1.0,28001.0,0.0,,,False,False,False,0.0,28001.0,False,,,,False,,⚪ 不列入,未達標,0,0,0 張,無,無,無
6117,迎廣,TWSE,61.7,0.0,154228.0,9546741.0,,,,,,,,,0.0,0.0,1.0,42000.0,0.0,,,False,False,False,0.0,42000.0,False,,,,False,,⚪ 不列入,未達標,0,0,0 張,無,無,無
1618,合機,TWSE,38.35,-0.3,241741.0,9326822.0,,,,,,,,,0.0,0.0,0.0,-43000.0,536.0,,,False,False,False,0.0,-43000.0,False,,,,False,,⚪ 不列入,未達標,0,0,0 張,無,無,無
2423,固緯,TWSE,72.0,-0.3,128162.0,9252809.0,,,,,,,,,0.0,0.0,0.0,-32701.0,0.0,,,False,False,False,0.0,-32701.0,False,,,,False,,⚪ 不列入,未達標,0,0,0 張,無,無,無
1522,堤維西,TWSE,26.55,-0.1,346508.0,9241489.0,,,,,,,,,0.0,0.0,1.0,139194.0,781.0,,,False,False,False,0.0,139194.0,False,,,,False,,⚪ 不列入,未達標,0,0,0 張,無,無,無
2852,第一保,TWSE,27.7,-0.25,331084.0,9210771.0,,,,,,,,,0.0,0.0,0.0,-96000.0,0.0,,,False,False,False,0.0,-96000.0,False,,,,False,,⚪ 不列入,未達標,0,0,0 張,無,無,無
1527,鑽全,TWSE,32.6,-0.05,280870.0,9197712.0,,,,,,,,,0.0,0.0,1.0,120000.0,0.0,,,False,False,False,0.0,120000.0,False,,,,False,,⚪ 不列入,未達標,0,0,0 張,無,無,無
2420,新巨,TWSE,53.9,0.0,168026.0,9059958.0,,,,,,,,,0.0,0.0,1.0,17001.0,1403.0,,,False,False,False,0.0,17001.0,False,,,,False,,⚪ 不列入,未達標,0,0,0 張,無,無,無
6873,泓德能源,TWSE,67.9,0.0,133311.0,9036662.0,,,,,,,,,0.0,0.0,0.0,-33072.0,1000.0,,,False,False,False,0.0,-33072.0,False,,,,False,重電／綠能,⚪ 不列入,未達標,0,0,0 張,無,無,無
6235,華孚,TWSE,38.85,0.15,229677.0,8938273.0,,,,,,,,,0.0,0.0,1.0,90093.0,1724.0,,,False,False,False,0.0,90093.0,False,,,,False,,⚪ 不列入,未達標,0,0,0 張,無,無,無
1447,力鵬,TWSE,6.5,0.11,1370015.0,8915950.0,,,,,,,,,0.0,0.0,1.0,103858.0,0.0,,,False,False,False,0.0,103858.0,False,,,,False,,⚪ 不列入,未達標,0,0,0 張,無,無,無
3712,永崴投控,TWSE,20.65,-0.05,426421.0,8848550.0,,,,,,,,,0.0,0.0,1.0,26000.0,0.0,,,False,False,False,0.0,26000.0,False,,,,False,,⚪ 不列入,未達標,0,0,0 張,無,無,無
5203,訊連,TWSE,58.6,0.3,147899.0,8788474.0,,,,,,,,,0.0,0.0,1.0,56398.0,0.0,,,False,False,False,0.0,56398.0,False,,,,False,,⚪ 不列入,未達標,0,0,0 張,無,無,無
8462,柏文,TWSE,157.0,-1.0,55925.0,8784294.0,,,,,,,,,0.0,0.0,0.0,-23082.0,0.0,,,False,False,False,0.0,-23082.0,False,,,,False,,⚪ 不列入,未達標,0,0,0 張,無,無,無
6152,百一,TWSE,15.1,0.1,588881.0,8776167.0,,,,,,,,,0.0,0.0,1.0,112096.0,0.0,,,False,False,False,0.0,112096.0,False,,,,False,,⚪ 不列入,未達標,0,0,0 張,無,無,無
6192,巨路,TWSE,109.5,-1.0,78523.0,8628270.0,,,,,,,,,0.0,0.0,0.0,-43000.0,0.0,,,False,False,False,0.0,-43000.0,False,,,,False,,⚪ 不列入,未達標,0,0,0 張,無,無,無
2442,新美齊,TWSE,14.35,0.05,599670.0,8612708.0,,,,,,,,,0.0,0.0,0.0,-10380.0,0.0,,,False,False,False,0.0,-10380.0,False,,,,False,,⚪ 不列入,未達標,0,0,0 張,無,無,無
9955,佳龍,TWSE,22.7,-0.3,378978.0,8586818.0,,,,,,,,,0.0,0.0,0.0,-42000.0,0.0,,,False,False,False,0.0,-42000.0,False,,,,False,,⚪ 不列入,未達標,0,0,0 張,無,無,無
6625,必應,TWSE,73.9,-0.1,115776.0,8536195.0,,,,,,,,,0.0,0.0,1.0,30000.0,0.0,,,False,False,False,0.0,30000.0,False,,,,False,,⚪ 不列入,未達標,0,0,0 張,無,無,無
6689,伊雲谷,TWSE,64.4,0.5,131757.0,8484887.0,,,,,,,,,0.0,0.0,1.0,30022.0,0.0,,,False,False,False,0.0,30022.0,False,,,,False,,⚪ 不列入,未達標,0,0,0 張,無,無,無
9940,信義,TWSE,19.9,-0.15,417812.0,8362676.0,,,,,,,,,0.0,0.0,1.0,47000.0,4139.0,,,False,False,False,0.0,47000.0,False,,,,False,,⚪ 不列入,未達標,0,0,0 張,無,無,無
3130,一零四,TWSE,209.0,0.5,39946.0,8334202.0,,,,,,,,,0.0,0.0,0.0,-31000.0,0.0,,,False,False,False,0.0,-31000.0,False,,,,False,,⚪ 不列入,未達標,0,0,0 張,無,無,無
6585,鼎基,TWSE,103.5,-2.0,79882.0,8299660.0,,,,,,,,,0.0,0.0,0.0,-1000.0,0.0,,,False,False,False,0.0,-1000.0,False,,,,False,,⚪ 不列入,未達標,0,0,0 張,無,無,無
1537,廣隆,TWSE,115.5,0.5,71880.0,8252972.0,,,,,,,,,0.0,0.0,0.0,-3984.0,0.0,,,False,False,False,0.0,-3984.0,False,,,,False,,⚪ 不列入,未達標,0,0,0 張,無,無,無
1444,力麗,TWSE,6.94,0.08,1187457.0,8231894.0,,,,,,,,,0.0,0.0,1.0,357888.0,0.0,,,False,False,False,0.0,357888.0,False,,,,False,,⚪ 不列入,未達標,0,0,0 張,無,無,無
3041,揚智,TWSE,23.6,0.4,343091.0,8091140.0,,,,,,,,,0.0,0.0,1.0,106819.0,0.0,,,False,False,False,0.0,106819.0,False,,,,False,,⚪ 不列入,未達標,0,0,0 張,無,無,無
6854,錼創科技-KY創,TWSE,91.0,-0.4,88099.0,8062862.0,,,,,,,,,0.0,0.0,1.0,5000.0,3758.0,,,False,False,False,0.0,5000.0,False,,,,False,,⚪ 不列入,未達標,0,0,0 張,無,無,無
2913,農林,TWSE,11.0,-0.05,729074.0,8037527.0,,,,,,,,,0.0,0.0,1.0,152800.0,0.0,,,False,False,False,0.0,152800.0,False,,,,False,,⚪ 不列入,未達標,0,0,0 張,無,無,無
8374,羅昇,TWSE,76.0,0.7,105764.0,8037497.0,,,,,,,,,0.0,0.0,0.0,-16000.0,1045.0,,,False,False,False,0.0,-16000.0,False,,,,False,,⚪ 不列入,未達標,0,0,0 張,無,無,無
1232,大統益,TWSE,154.0,-0.5,52006.0,8022710.0,,,,,,,,,0.0,0.0,0.0,-16988.0,0.0,,,False,False,False,0.0,-16988.0,False,,,,False,,⚪ 不列入,未達標,0,0,0 張,無,無,無
5292,華懋,TWSE,218.5,1.0,36861.0,8016183.0,,,,,,,,,0.0,0.0,1.0,1120.0,9.0,,,False,False,False,0.0,1120.0,False,,,,False,,⚪ 不列入,未達標,0,0,0 張,無,無,無
2530,華建,TWSE,20.1,-0.05,399870.0,8013685.0,,,,,,,,,1.0,25321.0,1.0,14540.0,0.0,,,False,False,False,25321.0,14540.0,False,,,,False,,⚪ 不列入,未達標,0,0,0 張,無,無,無
1733,五鼎,TWSE,29.45,-0.85,269231.0,7979624.0,,,,,,,,,0.0,0.0,0.0,-69001.0,0.0,,,False,False,False,0.0,-69001.0,False,,,,False,,⚪ 不列入,未達標,0,0,0 張,無,無,無
6994,富威電力,TWSE,26.6,-0.2,299424.0,7900644.0,,,,,,,,,0.0,0.0,1.0,62000.0,0.0,,,False,False,False,0.0,62000.0,False,,,,False,,⚪ 不列入,未達標,0,0,0 張,無,無,無
6477,安集,TWSE,34.1,0.1,230701.0,7878974.0,,,,,,,,,0.0,0.0,0.0,-17948.0,0.0,,,False,False,False,0.0,-17948.0,False,,,,False,,⚪ 不列入,未達標,0,0,0 張,無,無,無
6756,威鋒電子,TWSE,98.8,1.3,79769.0,7849900.0,,,,,,,,,0.0,0.0,1.0,15000.0,0.0,,,False,False,False,0.0,15000.0,False,,,,False,,⚪ 不列入,未達標,0,0,0 張,無,無,無
6698,旭暉應材,TWSE,33.9,2.2,241170.0,7834138.0,,,,,,,,,0.0,0.0,1.0,59000.0,0.0,,,False,False,False,0.0,59000.0,False,,,,False,,⚪ 不列入,未達標,0,0,0 張,無,無,無
2453,凌群,TWSE,53.5,0.0,146093.0,7794446.0,,,,,,,,,0.0,0.0,1.0,28000.0,0.0,,,False,False,False,0.0,28000.0,False,,,,False,,⚪ 不列入,未達標,0,0,0 張,無,無,無
1532,勤美,TWSE,22.1,-0.2,344891.0,7656006.0,,,,,,,,,0.0,0.0,0.0,-84951.0,0.0,,,False,False,False,0.0,-84951.0,False,,,,False,,⚪ 不列入,未達標,0,0,0 張,無,無,無
2547,日勝生,TWSE,9.85,0.03,774661.0,7627515.0,,,,,,,,,1.0,44080.0,1.0,77000.0,0.0,,,False,False,False,44080.0,77000.0,False,,,,False,,⚪ 不列入,未達標,0,0,0 張,無,無,無
3051,力特,TWSE,22.65,0.35,336487.0,7612594.0,,,,,,,,,0.0,0.0,1.0,139001.0,0.0,,,False,False,False,0.0,139001.0,False,,,,False,,⚪ 不列入,未達標,0,0,0 張,無,無,無
8341,日友,TWSE,74.3,-0.2,101431.0,7553639.0,,,,,,,,,0.0,0.0,0.0,-24000.0,0.0,,,False,False,False,0.0,-24000.0,False,,,,False,,⚪ 不列入,未達標,0,0,0 張,無,無,無
2247,汎德永業,TWSE,223.0,-6.0,32877.0,7420180.0,,,,,,,,,1.0,972.0,0.0,-13000.0,0.0,,,False,False,False,972.0,-13000.0,False,,,,False,,⚪ 不列入,未達標,0,0,0 張,無,無,無
4720,德淵,TWSE,19.15,0.1,383913.0,7408027.0,,,,,,,,,0.0,0.0,1.0,241101.0,0.0,,,False,False,False,0.0,241101.0,False,,,,False,,⚪ 不列入,未達標,0,0,0 張,無,無,無
1316,上曜,TWSE,10.45,0.0,699804.0,7335646.0,,,,,,,,,0.0,0.0,0.0,-162683.0,0.0,,,False,False,False,0.0,-162683.0,False,,,,False,,⚪ 不列入,未達標,0,0,0 張,無,無,無
3257,虹冠電,TWSE,49.3,0.6,147570.0,7321169.0,,,,,,,,,0.0,0.0,1.0,40109.0,0.0,,,False,False,False,0.0,40109.0,False,,,,False,,⚪ 不列入,未達標,0,0,0 張,無,無,無
1342,八貫,TWSE,101.0,0.0,72695.0,7308339.0,,,,,,,,,0.0,0.0,0.0,-2352.0,1182.0,,,False,False,False,0.0,-2352.0,False,,,,False,,⚪ 不列入,未達標,0,0,0 張,無,無,無
4564,元翎,TWSE,16.2,0.15,447952.0,7243338.0,,,,,,,,,0.0,0.0,1.0,167240.0,27.0,,,False,False,False,0.0,167240.0,False,,,,False,,⚪ 不列入,未達標,0,0,0 張,無,無,無
7780,大研生醫*,TWSE,16.05,0.0,450257.0,7235257.0,,,,,,,,,0.0,0.0,1.0,10000.0,1467.0,,,False,False,False,0.0,10000.0,False,,,,False,,⚪ 不列入,未達標,0,0,0 張,無,無,無
3047,訊舟,TWSE,14.55,0.0,493787.0,7189558.0,,,,,,,,,0.0,0.0,1.0,82000.0,0.0,,,False,False,False,0.0,82000.0,False,,,,False,,⚪ 不列入,未達標,0,0,0 張,無,無,無
3588,通嘉,TWSE,53.7,1.3,133618.0,7164284.0,,,,,,,,,0.0,0.0,1.0,36110.0,131.0,,,False,False,False,0.0,36110.0,False,,,,False,,⚪ 不列入,未達標,0,0,0 張,無,無,無
4571,鈞興-KY,TWSE,152.5,0.0,46746.0,7142624.0,,,,,,,,,0.0,0.0,1.0,5185.0,5000.0,,,False,False,False,0.0,5185.0,False,,,,False,,⚪ 不列入,未達標,0,0,0 張,無,無,無
6908,宏碁遊戲-創,TWSE,27.05,-2.95,262835.0,7125603.0,,,,,,,,,0.0,0.0,0.0,-4000.0,1660.0,,,False,False,False,0.0,-4000.0,False,,,,False,,⚪ 不列入,未達標,0,0,0 張,無,無,無
6838,台新藥,TWSE,25.65,0.15,274766.0,7102683.0,,,,,,,,,0.0,0.0,0.0,-48000.0,0.0,,,False,False,False,0.0,-48000.0,False,,,,False,,⚪ 不列入,未達標,0,0,0 張,無,無,無
1720,生達,TWSE,56.1,-0.1,125048.0,7018132.0,,,,,,,,,0.0,0.0,0.0,-49764.0,0.0,,,False,False,False,0.0,-49764.0,False,,,,False,,⚪ 不列入,未達標,0,0,0 張,無,無,無
3705,永信,TWSE,55.9,-0.1,125154.0,6998865.0,,,,,,,,,0.0,0.0,1.0,2447.0,0.0,,,False,False,False,0.0,2447.0,False,,,,False,,⚪ 不列入,未達標,0,0,0 張,無,無,無
0061,元大寶滬深,TWSE,23.34,-0.76,300497.0,6997188.0,,,,,,,,,0.0,0.0,0.0,-171000.0,66875.0,,,False,False,False,0.0,-171000.0,False,,,,False,,⚪ 不列入,未達標,0,0,0 張,無,無,無
8478,東哥遊艇,TWSE,139.0,-0.5,48714.0,6790715.0,,,,,,,,,0.0,0.0,1.0,3783.0,0.0,,,False,False,False,0.0,3783.0,False,,,,False,,⚪ 不列入,未達標,0,0,0 張,無,無,無
2483,百容,TWSE,32.5,-0.05,208005.0,6779537.0,,,,,,,,,0.0,0.0,1.0,32000.0,0.0,,,False,False,False,0.0,32000.0,False,,,,False,,⚪ 不列入,未達標,0,0,0 張,無,無,無
5236,凌陽創新,TWSE,135.5,0.0,48510.0,6593246.0,,,,,,,,,1.0,10000.0,0.0,-8049.0,0.0,,,False,False,False,10000.0,-8049.0,False,,,,False,,⚪ 不列入,未達標,0,0,0 張,無,無,無
5225,東科-KY,TWSE,55.3,-0.9,116342.0,6436567.0,,,,,,,,,0.0,0.0,0.0,-36000.0,0.0,,,False,False,False,0.0,-36000.0,False,,,,False,,⚪ 不列入,未達標,0,0,0 張,無,無,無
7821,神數,TWSE,36.1,-0.65,176922.0,6405979.0,,,,,,,,,0.0,0.0,0.0,-4000.0,0.0,,,False,False,False,0.0,-4000.0,False,,,,False,,⚪ 不列入,未達標,0,0,0 張,無,無,無
6768,志強-KY,TWSE,62.5,-0.3,101164.0,6341606.0,,,,,,,,,1.0,3000.0,0.0,-47000.0,26.0,,,False,False,False,3000.0,-47000.0,False,,,,False,,⚪ 不列入,未達標,0,0,0 張,無,無,無
1529,樂事綠能,TWSE,15.45,0.0,409818.0,6341102.0,,,,,,,,,0.0,0.0,0.0,-24534.0,0.0,,,False,False,False,0.0,-24534.0,False,,,,False,,⚪ 不列入,未達標,0,0,0 張,無,無,無
5521,工信,TWSE,10.5,0.0,601362.0,6290945.0,,,,,,,,,0.0,0.0,0.0,-90000.0,0.0,,,False,False,False,0.0,-90000.0,False,,,,False,,⚪ 不列入,未達標,0,0,0 張,無,無,無
4119,旭富,TWSE,55.4,-1.3,112376.0,6279671.0,,,,,,,,,0.0,0.0,0.0,-19546.0,125.0,,,False,False,False,0.0,-19546.0,False,,,,False,,⚪ 不列入,未達標,0,0,0 張,無,無,無
2427,三商電,TWSE,23.25,-0.15,268772.0,6268704.0,,,,,,,,,0.0,0.0,1.0,21324.0,0.0,,,False,False,False,0.0,21324.0,False,,,,False,,⚪ 不列入,未達標,0,0,0 張,無,無,無
2908,特力,TWSE,21.7,-0.45,286050.0,6237659.0,,,,,,,,,0.0,0.0,0.0,-189651.0,0.0,,,False,False,False,0.0,-189651.0,False,,,,False,,⚪ 不列入,未達標,0,0,0 張,無,無,無
2608,嘉里大榮,TWSE,28.55,-0.15,215391.0,6168086.0,,,,,,,,,0.0,0.0,0.0,-37000.0,440.0,,,False,False,False,0.0,-37000.0,False,,,,False,,⚪ 不列入,未達標,0,0,0 張,無,無,無
2364,倫飛,TWSE,64.9,-0.8,94006.0,6143358.0,,,,,,,,,0.0,0.0,0.0,-2784.0,0.0,,,False,False,False,0.0,-2784.0,False,,,,False,,⚪ 不列入,未達標,0,0,0 張,無,無,無
2528,皇普,TWSE,19.3,-0.25,315990.0,6124312.0,,,,,,,,,1.0,10268.0,0.0,-130000.0,0.0,,,False,False,False,10268.0,-130000.0,False,,,,False,,⚪ 不列入,未達標,0,0,0 張,無,無,無
1217,愛之味,TWSE,9.9,-0.05,615207.0,6092761.0,,,,,,,,,0.0,0.0,1.0,29000.0,0.0,,,False,False,False,0.0,29000.0,False,,,,False,,⚪ 不列入,未達標,0,0,0 張,無,無,無
2243,宏旭-KY,TWSE,50.5,0.3,120258.0,6074874.0,,,,,,,,,0.0,0.0,0.0,-40999.0,0.0,,,False,False,False,0.0,-40999.0,False,,,,False,,⚪ 不列入,未達標,0,0,0 張,無,無,無
1436,華友聯,TWSE,35.5,-0.65,169161.0,6058804.0,,,,,,,,,0.0,0.0,0.0,-108000.0,0.0,,,False,False,False,0.0,-108000.0,False,,,,False,,⚪ 不列入,未達標,0,0,0 張,無,無,無
2537,聯上發,TWSE,11.25,-0.15,537977.0,6056775.0,,,,,,,,,0.0,0.0,0.0,-159062.0,0.0,,,False,False,False,0.0,-159062.0,False,,,,False,,⚪ 不列入,未達標,0,0,0 張,無,無,無
2387,精元,TWSE,36.25,-0.4,164403.0,5980514.0,,,,,,,,,1.0,7795.0,0.0,-84000.0,0.0,,,False,False,False,7795.0,-84000.0,False,,,,False,,⚪ 不列入,未達標,0,0,0 張,無,無,無
6674,鋐寶科技,TWSE,18.25,-0.1,327304.0,5977853.0,,,,,,,,,0.0,0.0,0.0,0.0,0.0,,,False,False,False,0.0,0.0,False,,,,False,,⚪ 不列入,未達標,0,0,0 張,無,無,無
3056,富華新,TWSE,13.85,-0.2,425780.0,5919992.0,,,,,,,,,0.0,0.0,0.0,-97000.0,0.0,,,False,False,False,0.0,-97000.0,False,,,,False,,⚪ 不列入,未達標,0,0,0 張,無,無,無
4137,麗豐-KY,TWSE,76.5,0.3,76356.0,5848056.0,,,,,,,,,1.0,2031.0,1.0,23763.0,0.0,,,False,False,False,2031.0,23763.0,False,,,,False,,⚪ 不列入,未達標,0,0,0 張,無,無,無
1737,臺鹽,TWSE,29.95,-0.1,192863.0,5790599.0,,,,,,,,,0.0,0.0,0.0,-101123.0,0.0,,,False,False,False,0.0,-101123.0,False,,,,False,,⚪ 不列入,未達標,0,0,0 張,無,無,無
4952,凌通,TWSE,49.2,0.25,115759.0,5726261.0,,,,,,,,,0.0,0.0,1.0,55010.0,248.0,,,False,False,False,0.0,55010.0,False,,,,False,,⚪ 不列入,未達標,0,0,0 張,無,無,無
3501,維熹,TWSE,37.5,-0.4,151396.0,5702315.0,,,,,,,,,0.0,0.0,0.0,-83000.0,0.0,,,False,False,False,0.0,-83000.0,False,,,,False,,⚪ 不列入,未達標,0,0,0 張,無,無,無
3419,譁裕,TWSE,11.8,1.05,488427.0,5690406.0,,,,,,,,,0.0,0.0,1.0,129000.0,0.0,,,False,False,False,0.0,129000.0,False,,,,False,,⚪ 不列入,未達標,0,0,0 張,無,無,無
6862,三集瑞-KY,TWSE,138.0,-1.0,40327.0,5582899.0,,,,,,,,,0.0,0.0,0.0,-805.0,0.0,,,False,False,False,0.0,-805.0,False,,,,False,,⚪ 不列入,未達標,0,0,0 張,無,無,無
1623,大東電,TWSE,198.0,0.5,27900.0,5529287.0,,,,,,,,,0.0,0.0,0.0,-14010.0,0.0,,,False,False,False,0.0,-14010.0,False,,,,False,,⚪ 不列入,未達標,0,0,0 張,無,無,無
6165,浪凡,TWSE,48.85,-0.1,113250.0,5528289.0,,,,,,,,,0.0,0.0,0.0,-3000.0,0.0,,,False,False,False,0.0,-3000.0,False,,,,False,,⚪ 不列入,未達標,0,0,0 張,無,無,無
6965,中傑-KY,TWSE,64.8,-2.3,84456.0,5521646.0,,,,,,,,,0.0,0.0,0.0,-13000.0,0.0,,,False,False,False,0.0,-13000.0,False,,,,False,,⚪ 不列入,未達標,0,0,0 張,無,無,無
3054,立萬利,TWSE,58.8,0.4,92619.0,5459238.0,,,,,,,,,0.0,0.0,1.0,28000.0,0.0,,,False,False,False,0.0,28000.0,False,,,,False,,⚪ 不列入,未達標,0,0,0 張,無,無,無
3040,遠見,TWSE,33.85,-1.25,159639.0,5446487.0,,,,,,,,,0.0,0.0,0.0,-59000.0,0.0,,,False,False,False,0.0,-59000.0,False,,,,False,,⚪ 不列入,未達標,0,0,0 張,無,無,無
2704,國賓,TWSE,45.0,-0.05,121193.0,5434887.0,,,,,,,,,0.0,0.0,0.0,-86000.0,0.0,,,False,False,False,0.0,-86000.0,False,,,,False,,⚪ 不列入,未達標,0,0,0 張,無,無,無
4569,六方科-KY,TWSE,154.0,-1.0,35115.0,5423706.0,,,,,,,,,0.0,0.0,0.0,-3000.0,0.0,,,False,False,False,0.0,-3000.0,False,,,,False,,⚪ 不列入,未達標,0,0,0 張,無,無,無
6914,阜爾運通,TWSE,119.5,-1.0,43637.0,5231422.0,,,,,,,,,0.0,0.0,1.0,2000.0,0.0,,,False,False,False,0.0,2000.0,False,,,,False,,⚪ 不列入,未達標,0,0,0 張,無,無,無
2460,建通,TWSE,29.85,-0.35,175462.0,5201905.0,,,,,,,,,0.0,0.0,1.0,5000.0,0.0,,,False,False,False,0.0,5000.0,False,,,,False,,⚪ 不列入,未達標,0,0,0 張,無,無,無
2107,厚生,TWSE,26.8,-0.15,192914.0,5192615.0,,,,,,,,,0.0,0.0,0.0,-68338.0,0.0,,,False,False,False,0.0,-68338.0,False,,,,False,,⚪ 不列入,未達標,0,0,0 張,無,無,無
1760,寶齡富錦,TWSE,53.9,0.2,95411.0,5168533.0,,,,,,,,,0.0,0.0,0.0,-11620.0,0.0,,,False,False,False,0.0,-11620.0,False,,,,False,,⚪ 不列入,未達標,0,0,0 張,無,無,無
2505,國揚,TWSE,16.95,-0.2,303325.0,5160491.0,,,,,,,,,0.0,0.0,0.0,-191643.0,0.0,,,False,False,False,0.0,-191643.0,False,,,,False,,⚪ 不列入,未達標,0,0,0 張,無,無,無
2511,太子,TWSE,8.32,-0.07,617420.0,5149289.0,,,,,,,,,0.0,0.0,1.0,2000.0,0.0,,,False,False,False,0.0,2000.0,False,,,,False,,⚪ 不列入,未達標,0,0,0 張,無,無,無
1713,國化,TWSE,41.8,0.3,123591.0,5146930.0,,,,,,,,,0.0,0.0,0.0,-36000.0,0.0,,,False,False,False,0.0,-36000.0,False,,,,False,,⚪ 不列入,未達標,0,0,0 張,無,無,無
3308,聯德,TWSE,22.2,0.65,228442.0,5127729.0,,,,,,,,,0.0,0.0,0.0,-11000.0,0.0,,,False,False,False,0.0,-11000.0,False,,,,False,,⚪ 不列入,未達標,0,0,0 張,無,無,無
8411,福貞-KY,TWSE,11.9,-0.2,435221.0,5120773.0,,,,,,,,,0.0,0.0,0.0,-26000.0,0.0,,,False,False,False,0.0,-26000.0,False,,,,False,,⚪ 不列入,未達標,0,0,0 張,無,無,無
1256,鮮活果汁-KY,TWSE,168.5,2.0,30384.0,5118885.0,,,,,,,,,0.0,0.0,0.0,-9573.0,0.0,,,False,False,False,0.0,-9573.0,False,,,,False,,⚪ 不列入,未達標,0,0,0 張,無,無,無
2429,銘旺科,TWSE,30.65,0.15,166022.0,5108784.0,,,,,,,,,0.0,0.0,1.0,81000.0,0.0,,,False,False,False,0.0,81000.0,False,,,,False,,⚪ 不列入,未達標,0,0,0 張,無,無,無
1455,集盛,TWSE,9.68,0.0,520420.0,5048995.0,,,,,,,,,0.0,0.0,0.0,-191000.0,21.0,,,False,False,False,0.0,-191000.0,False,,,,False,,⚪ 不列入,未達標,0,0,0 張,無,無,無
8404,百和興業-KY,TWSE,13.15,-0.4,378530.0,5038741.0,,,,,,,,,0.0,0.0,0.0,-187000.0,0.0,,,False,False,False,0.0,-187000.0,False,,,,False,,⚪ 不列入,未達標,0,0,0 張,無,無,無
6969,成信實業*-創,TWSE,31.65,1.0,163053.0,5035127.0,,,,,,,,,0.0,0.0,0.0,-75000.0,720.0,,,False,False,False,0.0,-75000.0,False,,,,False,,⚪ 不列入,未達標,0,0,0 張,無,無,無
2414,精技,TWSE,53.1,0.2,94978.0,5033416.0,,,,,,,,,0.0,0.0,1.0,27495.0,0.0,,,False,False,False,0.0,27495.0,False,,,,False,,⚪ 不列入,未達標,0,0,0 張,無,無,無
6115,鎰勝,TWSE,44.0,-0.05,113334.0,4995571.0,,,,,,,,,0.0,0.0,0.0,-20000.0,0.0,,,False,False,False,0.0,-20000.0,False,,,,False,,⚪ 不列入,未達標,0,0,0 張,無,無,無
3622,洋華,TWSE,44.65,0.45,112007.0,4985865.0,,,,,,,,,0.0,0.0,1.0,47000.0,95.0,,,False,False,False,0.0,47000.0,False,,,,False,,⚪ 不列入,未達標,0,0,0 張,無,無,無
8476,台境*,TWSE,19.85,0.35,247315.0,4941849.0,,,,,,,,,0.0,0.0,1.0,81240.0,0.0,,,False,False,False,0.0,81240.0,False,,,,False,,⚪ 不列入,未達標,0,0,0 張,無,無,無
6790,永豐實,TWSE,37.6,-0.1,128761.0,4843755.0,,,,,,,,,1.0,3000.0,0.0,-25000.0,302.0,,,False,False,False,3000.0,-25000.0,False,,,,False,,⚪ 不列入,未達標,0,0,0 張,無,無,無
1611,中電,TWSE,11.35,-0.05,415734.0,4715711.0,,,,,,,,,0.0,0.0,0.0,-169000.0,0.0,,,False,False,False,0.0,-169000.0,False,,,,False,,⚪ 不列入,未達標,0,0,0 張,無,無,無
2102,泰豐,TWSE,16.3,-0.05,287960.0,4696208.0,,,,,,,,,0.0,0.0,0.0,-53063.0,0.0,,,False,False,False,0.0,-53063.0,False,,,,False,,⚪ 不列入,未達標,0,0,0 張,無,無,無
5258,虹堡,TWSE,41.2,-0.2,113462.0,4693398.0,,,,,,,,,0.0,0.0,1.0,5000.0,0.0,,,False,False,False,0.0,5000.0,False,,,,False,,⚪ 不列入,未達標,0,0,0 張,無,無,無
1603,華電,TWSE,30.05,-0.2,155153.0,4662073.0,,,,,,,,,0.0,0.0,1.0,55000.0,0.0,,,False,False,False,0.0,55000.0,False,,,,False,,⚪ 不列入,未達標,0,0,0 張,無,無,無
5531,鄉林,TWSE,6.85,-0.13,677557.0,4660481.0,,,,,,,,,0.0,0.0,0.0,-374000.0,0.0,,,False,False,False,0.0,-374000.0,False,,,,False,,⚪ 不列入,未達標,0,0,0 張,無,無,無
1218,泰山,TWSE,14.45,0.05,321550.0,4628224.0,,,,,,,,,0.0,0.0,1.0,78000.0,0.0,,,False,False,False,0.0,78000.0,False,,,,False,,⚪ 不列入,未達標,0,0,0 張,無,無,無
8045,達運光電,TWSE,53.4,0.1,85861.0,4619873.0,,,,,,,,,0.0,0.0,1.0,3000.0,0.0,,,False,False,False,0.0,3000.0,False,,,,False,,⚪ 不列入,未達標,0,0,0 張,無,無,無
2461,光群雷,TWSE,17.4,-0.4,260253.0,4574650.0,,,,,,,,,0.0,0.0,0.0,-122033.0,0.0,,,False,False,False,0.0,-122033.0,False,,,,False,,⚪ 不列入,未達標,0,0,0 張,無,無,無
3716,中化控股,TWSE,33.9,-0.05,134468.0,4562381.0,,,,,,,,,0.0,0.0,1.0,8000.0,0.0,,,False,False,False,0.0,8000.0,False,,,,False,,⚪ 不列入,未達標,0,0,0 張,無,無,無
2109,華豐,TWSE,14.35,0.0,311170.0,4514177.0,,,,,,,,,0.0,0.0,0.0,-71000.0,0.0,,,False,False,False,0.0,-71000.0,False,,,,False,,⚪ 不列入,未達標,0,0,0 張,無,無,無
7812,稜研科技*-創,TWSE,69.4,-0.4,64523.0,4503505.0,,,,,,,,,0.0,0.0,0.0,-10000.0,0.0,,,False,False,False,0.0,-10000.0,False,,,,False,,⚪ 不列入,未達標,0,0,0 張,無,無,無
6230,尼得科超眾,TWSE,111.5,-1.5,39395.0,4462727.0,,,,,,,,,0.0,0.0,0.0,-11000.0,0.0,,,False,False,False,0.0,-11000.0,False,,,,False,,⚪ 不列入,未達標,0,0,0 張,無,無,無
1464,得力,TWSE,9.94,-0.03,445668.0,4437801.0,,,,,,,,,0.0,0.0,0.0,-85000.0,0.0,,,False,False,False,0.0,-85000.0,False,,,,False,,⚪ 不列入,未達標,0,0,0 張,無,無,無
1702,南僑,TWSE,32.95,-0.05,134137.0,4429333.0,,,,,,,,,0.0,0.0,1.0,48501.0,0.0,,,False,False,False,0.0,48501.0,False,,,,False,,⚪ 不列入,未達標,0,0,0 張,無,無,無
8499,鼎炫-KY,TWSE,257.0,2.5,17191.0,4401388.0,,,,,,,,,0.0,0.0,1.0,9000.0,0.0,,,False,False,False,0.0,9000.0,False,,,,False,,⚪ 不列入,未達標,0,0,0 張,無,無,無
5306,桂盟,TWSE,88.6,-0.1,49248.0,4372765.0,,,,,,,,,0.0,0.0,0.0,-20000.0,0.0,,,False,False,False,0.0,-20000.0,False,,,,False,,⚪ 不列入,未達標,0,0,0 張,無,無,無
1234,黑松,TWSE,32.9,-0.15,131420.0,4335029.0,,,,,,,,,0.0,0.0,0.0,-70000.0,462.0,,,False,False,False,0.0,-70000.0,False,,,,False,,⚪ 不列入,未達標,0,0,0 張,無,無,無
6923,中台,TWSE,74.8,-1.1,57356.0,4315846.0,,,,,,,,,0.0,0.0,0.0,-37000.0,0.0,,,False,False,False,0.0,-37000.0,False,,,,False,,⚪ 不列入,未達標,0,0,0 張,無,無,無
7689,大鵬科CLMX,TWSE,158.5,0.0,26406.0,4213379.0,,,,,,,,,0.0,0.0,1.0,8198.0,0.0,,,False,False,False,0.0,8198.0,False,,,,False,,⚪ 不列入,未達標,0,0,0 張,無,無,無
8072,陞泰,TWSE,27.8,-0.55,148699.0,4139351.0,,,,,,,,,0.0,0.0,0.0,-64000.0,0.0,,,False,False,False,0.0,-64000.0,False,,,,False,,⚪ 不列入,未達標,0,0,0 張,無,無,無
2538,基泰,TWSE,8.71,0.0,475327.0,4106099.0,,,,,,,,,0.0,0.0,0.0,-69000.0,0.0,,,False,False,False,0.0,-69000.0,False,,,,False,,⚪ 不列入,未達標,0,0,0 張,無,無,無
1734,杏輝,TWSE,32.1,0.0,128119.0,4092221.0,,,,,,,,,0.0,0.0,0.0,-45629.0,0.0,,,False,False,False,0.0,-45629.0,False,,,,False,,⚪ 不列入,未達標,0,0,0 張,無,無,無
4560,強信-KY,TWSE,29.35,-0.2,139100.0,4081200.0,,,,,,,,,0.0,0.0,0.0,-6000.0,0.0,,,False,False,False,0.0,-6000.0,False,,,,False,,⚪ 不列入,未達標,0,0,0 張,無,無,無
9943,好樂迪,TWSE,50.2,-0.3,80614.0,4047246.0,,,,,,,,,0.0,0.0,0.0,-2000.0,0.0,,,False,False,False,0.0,-2000.0,False,,,,False,,⚪ 不列入,未達標,0,0,0 張,無,無,無
2516,新建,TWSE,14.9,-0.55,264706.0,4028383.0,,,,,,,,,0.0,0.0,0.0,-16000.0,0.0,,,False,False,False,0.0,-16000.0,False,,,,False,,⚪ 不列入,未達標,0,0,0 張,無,無,無
1615,大山,TWSE,42.6,-0.1,92718.0,3972637.0,,,,,,,,,0.0,0.0,0.0,-47000.0,0.0,,,False,False,False,0.0,-47000.0,False,,,,False,,⚪ 不列入,未達標,0,0,0 張,無,無,無
2545,皇翔,TWSE,33.9,-0.3,116282.0,3962888.0,,,,,,,,,0.0,0.0,1.0,3000.0,0.0,,,False,False,False,0.0,3000.0,False,,,,False,,⚪ 不列入,未達標,0,0,0 張,無,無,無
1786,科妍,TWSE,42.65,0.0,92188.0,3935638.0,,,,,,,,,0.0,0.0,1.0,27000.0,0.0,,,False,False,False,0.0,27000.0,False,,,,False,,⚪ 不列入,未達標,0,0,0 張,無,無,無
9946,三發地產,TWSE,16.85,-0.25,232370.0,3927454.0,,,,,,,,,0.0,0.0,0.0,-25000.0,0.0,,,False,False,False,0.0,-25000.0,False,,,,False,,⚪ 不列入,未達標,0,0,0 張,無,無,無
1604,聲寶,TWSE,23.3,-0.15,166022.0,3877684.0,,,,,,,,,0.0,0.0,0.0,-45928.0,0.0,,,False,False,False,0.0,-45928.0,False,,,,False,,⚪ 不列入,未達標,0,0,0 張,無,無,無
2497,怡利電,TWSE,43.6,-0.2,87631.0,3825163.0,,,,,,,,,0.0,0.0,0.0,-25438.0,130.0,,,False,False,False,0.0,-25438.0,False,,,,False,,⚪ 不列入,未達標,0,0,0 張,無,無,無
9935,慶豐富,TWSE,18.2,-0.05,209319.0,3810413.0,,,,,,,,,1.0,4183.0,0.0,-78612.0,0.0,,,False,False,False,4183.0,-78612.0,False,,,,False,,⚪ 不列入,未達標,0,0,0 張,無,無,無
6184,大豐電,TWSE,40.1,-0.2,94428.0,3787305.0,,,,,,,,,0.0,0.0,0.0,-10000.0,0.0,,,False,False,False,0.0,-10000.0,False,,,,False,,⚪ 不列入,未達標,0,0,0 張,無,無,無
1524,耿鼎,TWSE,25.85,-0.15,146061.0,3785551.0,,,,,,,,,0.0,0.0,0.0,-23944.0,0.0,,,False,False,False,0.0,-23944.0,False,,,,False,,⚪ 不列入,未達標,0,0,0 張,無,無,無
1419,新紡,TWSE,65.6,-0.4,56925.0,3739530.0,,,,,,,,,0.0,0.0,0.0,-33000.0,0.0,,,False,False,False,0.0,-33000.0,False,,,,False,,⚪ 不列入,未達標,0,0,0 張,無,無,無
2028,威致,TWSE,16.6,0.2,224787.0,3732704.0,,,,,,,,,0.0,0.0,1.0,2000.0,0.0,,,False,False,False,0.0,2000.0,False,,,,False,,⚪ 不列入,未達標,0,0,0 張,無,無,無
5519,隆大,TWSE,25.0,-0.05,147353.0,3690706.0,,,,,,,,,0.0,0.0,0.0,-46350.0,0.0,,,False,False,False,0.0,-46350.0,False,,,,False,,⚪ 不列入,未達標,0,0,0 張,無,無,無
3025,星通,TWSE,52.4,0.0,70091.0,3686884.0,,,,,,,,,0.0,0.0,1.0,16000.0,0.0,,,False,False,False,0.0,16000.0,False,,,,False,,⚪ 不列入,未達標,0,0,0 張,無,無,無
1321,大洋,TWSE,32.35,-0.1,114000.0,3674100.0,,,,,,,,,0.0,0.0,0.0,-25000.0,0.0,,,False,False,False,0.0,-25000.0,False,,,,False,,⚪ 不列入,未達標,0,0,0 張,無,無,無
6776,展碁國際,TWSE,51.9,-0.3,70436.0,3660223.0,,,,,,,,,0.0,0.0,1.0,28000.0,0.0,,,False,False,False,0.0,28000.0,False,,,,False,,⚪ 不列入,未達標,0,0,0 張,無,無,無
3050,鈺德,TWSE,11.65,0.15,316070.0,3645546.0,,,,,,,,,0.0,0.0,1.0,39020.0,0.0,,,False,False,False,0.0,39020.0,False,,,,False,,⚪ 不列入,未達標,0,0,0 張,無,無,無
2415,錩新,TWSE,27.25,0.25,133360.0,3645036.0,,,,,,,,,0.0,0.0,1.0,46000.0,0.0,,,False,False,False,0.0,46000.0,False,,,,False,,⚪ 不列入,未達標,0,0,0 張,無,無,無
1614,三洋電,TWSE,31.05,-0.1,116382.0,3619981.0,,,,,,,,,0.0,0.0,0.0,-23000.0,0.0,,,False,False,False,0.0,-23000.0,False,,,,False,,⚪ 不列入,未達標,0,0,0 張,無,無,無
2534,宏盛,TWSE,16.9,0.2,214610.0,3604109.0,,,,,,,,,0.0,0.0,1.0,73000.0,0.0,,,False,False,False,0.0,73000.0,False,,,,False,,⚪ 不列入,未達標,0,0,0 張,無,無,無
8222,寶一,TWSE,35.3,0.15,101144.0,3580160.0,,,,,,,,,0.0,0.0,0.0,-3710.0,0.0,,,False,False,False,0.0,-3710.0,False,,,,False,,⚪ 不列入,未達標,0,0,0 張,無,無,無
6272,驊陞,TWSE,25.4,0.1,140022.0,3538597.0,,,,,,,,,0.0,0.0,1.0,11000.0,0.0,,,False,False,False,0.0,11000.0,False,,,,False,,⚪ 不列入,未達標,0,0,0 張,無,無,無
3046,建碁,TWSE,53.6,-0.2,65074.0,3498036.0,,,,,,,,,0.0,0.0,0.0,-14122.0,0.0,,,False,False,False,0.0,-14122.0,False,,,,False,,⚪ 不列入,未達標,0,0,0 張,無,無,無
9934,成霖,TWSE,9.85,0.01,352758.0,3479017.0,,,,,,,,,0.0,0.0,0.0,-120843.0,0.0,,,False,False,False,0.0,-120843.0,False,,,,False,,⚪ 不列入,未達標,0,0,0 張,無,無,無
6863,永道-KY,TWSE,96.2,-1.1,35979.0,3466943.0,,,,,,,,,0.0,0.0,0.0,-15000.0,0.0,,,False,False,False,0.0,-15000.0,False,,,,False,,⚪ 不列入,未達標,0,0,0 張,無,無,無
2477,美隆電,TWSE,23.1,0.05,148490.0,3416216.0,,,,,,,,,1.0,3400.0,0.0,-18376.0,0.0,,,False,False,False,3400.0,-18376.0,False,,,,False,,⚪ 不列入,未達標,0,0,0 張,無,無,無
3092,鴻碩,TWSE,22.75,0.0,148779.0,3406568.0,,,,,,,,,0.0,0.0,1.0,45000.0,0.0,,,False,False,False,0.0,45000.0,False,,,,False,,⚪ 不列入,未達標,0,0,0 張,無,無,無
1325,恆大,TWSE,25.55,-0.15,132148.0,3387645.0,,,,,,,,,0.0,0.0,0.0,-43023.0,0.0,,,False,False,False,0.0,-43023.0,False,,,,False,,⚪ 不列入,未達標,0,0,0 張,無,無,無
1339,昭輝,TWSE,42.3,-0.1,80100.0,3382578.0,,,,,,,,,0.0,0.0,0.0,-12000.0,0.0,,,False,False,False,0.0,-12000.0,False,,,,False,,⚪ 不列入,未達標,0,0,0 張,無,無,無
1587,吉茂,TWSE,23.85,0.35,140304.0,3367460.0,,,,,,,,,0.0,0.0,0.0,-16000.0,0.0,,,False,False,False,0.0,-16000.0,False,,,,False,,⚪ 不列入,未達標,0,0,0 張,無,無,無
2440,太空梭,TWSE,14.15,-0.2,237635.0,3360007.0,,,,,,,,,0.0,0.0,0.0,-14000.0,0.0,,,False,False,False,0.0,-14000.0,False,,,,False,,⚪ 不列入,未達標,0,0,0 張,無,無,無
2017,官田鋼,TWSE,8.92,-0.07,372566.0,3356808.0,,,,,,,,,0.0,0.0,1.0,77277.0,0.0,,,False,False,False,0.0,77277.0,False,,,,False,,⚪ 不列入,未達標,0,0,0 張,無,無,無
1598,岱宇,TWSE,20.3,-0.05,163357.0,3344129.0,,,,,,,,,0.0,0.0,1.0,17627.0,0.0,,,False,False,False,0.0,17627.0,False,,,,False,,⚪ 不列入,未達標,0,0,0 張,無,無,無
1789,神隆,TWSE,18.55,-0.05,178229.0,3322409.0,,,,,,,,,0.0,0.0,0.0,-62177.0,78.0,,,False,False,False,0.0,-62177.0,False,,,,False,,⚪ 不列入,未達標,0,0,0 張,無,無,無
6136,富爾特,TWSE,24.95,0.05,130621.0,3260265.0,,,,,,,,,0.0,0.0,0.0,-9065.0,0.0,,,False,False,False,0.0,-9065.0,False,,,,False,,⚪ 不列入,未達標,0,0,0 張,無,無,無
7818,溢泰實業,TWSE,59.9,0.0,54677.0,3259486.0,,,,,,,,,0.0,0.0,0.0,-5000.0,0.0,,,False,False,False,0.0,-5000.0,False,,,,False,,⚪ 不列入,未達標,0,0,0 張,無,無,無
1103,嘉泥,TWSE,13.0,-0.05,249926.0,3256394.0,,,,,,,,,0.0,0.0,0.0,-157000.0,0.0,,,False,False,False,0.0,-157000.0,False,,,,False,,⚪ 不列入,未達標,0,0,0 張,無,無,無
3296,勝德,TWSE,27.8,-0.15,113130.0,3195954.0,,,,,,,,,0.0,0.0,0.0,-13140.0,0.0,,,False,False,False,0.0,-13140.0,False,,,,False,,⚪ 不列入,未達標,0,0,0 張,無,無,無
7823,奧義賽博-KY創,TWSE,80.0,-1.0,39162.0,3169393.0,,,,,,,,,0.0,0.0,0.0,-8000.0,3000.0,,,False,False,False,0.0,-8000.0,False,,,,False,,⚪ 不列入,未達標,0,0,0 張,無,無,無
2611,志信,TWSE,14.05,0.0,225756.0,3167987.0,,,,,,,,,0.0,0.0,0.0,-41541.0,0.0,,,False,False,False,0.0,-41541.0,False,,,,False,,⚪ 不列入,未達標,0,0,0 張,無,無,無
6164,華興,TWSE,12.4,0.15,254364.0,3151551.0,,,,,,,,,0.0,0.0,1.0,81000.0,0.0,,,False,False,False,0.0,81000.0,False,,,,False,,⚪ 不列入,未達標,0,0,0 張,無,無,無
6934,心誠鎂,TWSE,76.1,0.6,42232.0,3142435.0,,,,,,,,,0.0,0.0,1.0,1000.0,0.0,,,False,False,False,0.0,1000.0,False,,,,False,,⚪ 不列入,未達標,0,0,0 張,無,無,無
4562,穎漢,TWSE,30.0,0.0,103878.0,3119344.0,,,,,,,,,0.0,0.0,1.0,54000.0,0.0,,,False,False,False,0.0,54000.0,False,,,,False,,⚪ 不列入,未達標,0,0,0 張,無,無,無
9908,大台北,TWSE,28.9,-0.05,105882.0,3063945.0,,,,,,,,,0.0,0.0,0.0,-43000.0,0.0,,,False,False,False,0.0,-43000.0,False,,,,False,,⚪ 不列入,未達標,0,0,0 張,無,無,無
1235,興泰,TWSE,32.85,-2.65,89039.0,3053158.0,,,,,,,,,0.0,0.0,0.0,-25000.0,0.0,,,False,False,False,0.0,-25000.0,False,,,,False,,⚪ 不列入,未達標,0,0,0 張,無,無,無
9136,巨騰-DR,TWSE,9.13,-0.06,331515.0,3018547.0,,,,,,,,,0.0,0.0,0.0,-206000.0,0.0,,,False,False,False,0.0,-206000.0,False,,,,False,,⚪ 不列入,未達標,0,0,0 張,無,無,無
5706,鳳凰,TWSE,43.9,0.0,67556.0,2964812.0,,,,,,,,,0.0,0.0,1.0,18000.0,0.0,,,False,False,False,0.0,18000.0,False,,,,False,,⚪ 不列入,未達標,0,0,0 張,無,無,無
5484,慧友,TWSE,39.25,-0.2,74494.0,2930074.0,,,,,,,,,0.0,0.0,1.0,11000.0,0.0,,,False,False,False,0.0,11000.0,False,,,,False,,⚪ 不列入,未達標,0,0,0 張,無,無,無
1903,士紙,TWSE,47.0,-0.1,61723.0,2914811.0,,,,,,,,,0.0,0.0,1.0,6005.0,0.0,,,False,False,False,0.0,6005.0,False,,,,False,,⚪ 不列入,未達標,0,0,0 張,無,無,無
4555,氣立,TWSE,41.6,-0.05,69189.0,2890702.0,,,,,,,,,0.0,0.0,1.0,22000.0,0.0,,,False,False,False,0.0,22000.0,False,,,,False,,⚪ 不列入,未達標,0,0,0 張,無,無,無
5244,弘凱,TWSE,35.5,-0.25,81001.0,2881185.0,,,,,,,,,0.0,0.0,1.0,10000.0,0.0,,,False,False,False,0.0,10000.0,False,,,,False,,⚪ 不列入,未達標,0,0,0 張,無,無,無
3038,全台,TWSE,20.3,0.0,140660.0,2865582.0,,,,,,,,,0.0,0.0,0.0,-17000.0,0.0,,,False,False,False,0.0,-17000.0,False,,,,False,,⚪ 不列入,未達標,0,0,0 張,無,無,無
1416,廣豐,TWSE,11.35,-0.1,249389.0,2846454.0,,,,,,,,,0.0,0.0,0.0,-67000.0,0.0,,,False,False,False,0.0,-67000.0,False,,,,False,,⚪ 不列入,未達標,0,0,0 張,無,無,無
2923,鼎固-KY,TWSE,23.9,-0.4,116429.0,2806425.0,,,,,,,,,0.0,0.0,0.0,-57990.0,0.0,,,False,False,False,0.0,-57990.0,False,,,,False,,⚪ 不列入,未達標,0,0,0 張,無,無,無
6591,動力-KY,TWSE,43.2,-1.0,64009.0,2784450.0,,,,,,,,,0.0,0.0,0.0,-20000.0,0.0,,,False,False,False,0.0,-20000.0,False,,,,False,,⚪ 不列入,未達標,0,0,0 張,無,無,無
1466,聚隆,TWSE,14.85,0.1,188257.0,2768070.0,,,,,,,,,0.0,0.0,1.0,43000.0,0.0,,,False,False,False,0.0,43000.0,False,,,,False,,⚪ 不列入,未達標,0,0,0 張,無,無,無
7631,聚賢研發-創,TWSE,137.5,0.0,20037.0,2765360.0,,,,,,,,,0.0,0.0,0.0,-1611.0,251.0,,,False,False,False,0.0,-1611.0,False,,,,False,,⚪ 不列入,未達標,0,0,0 張,無,無,無
4934,太極,TWSE,14.15,0.0,192772.0,2732667.0,,,,,,,,,0.0,0.0,1.0,39850.0,0.0,,,False,False,False,0.0,39850.0,False,,,,False,,⚪ 不列入,未達標,0,0,0 張,無,無,無
1731,美吾華,TWSE,20.85,-0.05,131235.0,2728163.0,,,,,,,,,0.0,0.0,1.0,3000.0,0.0,,,False,False,False,0.0,3000.0,False,,,,False,,⚪ 不列入,未達標,0,0,0 張,無,無,無
2062,橋椿,TWSE,18.0,-0.1,150971.0,2721419.0,,,,,,,,,0.0,0.0,0.0,-39253.0,0.0,,,False,False,False,0.0,-39253.0,False,,,,False,,⚪ 不列入,未達標,0,0,0 張,無,無,無
2390,云辰,TWSE,10.2,0.1,264078.0,2701694.0,,,,,,,,,0.0,0.0,0.0,-44000.0,0.0,,,False,False,False,0.0,-44000.0,False,,,,False,,⚪ 不列入,未達標,0,0,0 張,無,無,無
8011,台通,TWSE,15.8,-0.1,169654.0,2686268.0,,,,,,,,,0.0,0.0,1.0,8000.0,0.0,,,False,False,False,0.0,8000.0,False,,,,False,,⚪ 不列入,未達標,0,0,0 張,無,無,無
2228,劍麟,TWSE,75.0,0.0,34896.0,2620396.0,,,,,,,,,0.0,0.0,1.0,6000.0,0.0,,,False,False,False,0.0,6000.0,False,,,,False,,⚪ 不列入,未達標,0,0,0 張,無,無,無
9103,美德醫療-DR,TWSE,4.96,-0.01,524463.0,2613871.0,,,,,,,,,0.0,0.0,0.0,-58000.0,320.0,,,False,False,False,0.0,-58000.0,False,,,,False,,⚪ 不列入,未達標,0,0,0 張,無,無,無
3002,歐格,TWSE,18.9,0.0,138621.0,2601583.0,,,,,,,,,0.0,0.0,0.0,-27000.0,114.0,,,False,False,False,0.0,-27000.0,False,,,,False,,⚪ 不列入,未達標,0,0,0 張,無,無,無
6794,向榮生技,TWSE,71.8,-1.1,36010.0,2575540.0,,,,,,,,,0.0,0.0,1.0,5000.0,0.0,,,False,False,False,0.0,5000.0,False,,,,False,,⚪ 不列入,未達標,0,0,0 張,無,無,無
1506,正道,TWSE,9.57,-0.07,264142.0,2534477.0,,,,,,,,,0.0,0.0,0.0,-111000.0,0.0,,,False,False,False,0.0,-111000.0,False,,,,False,,⚪ 不列入,未達標,0,0,0 張,無,無,無
6657,華安,TWSE,32.45,-0.35,76576.0,2502123.0,,,,,,,,,0.0,0.0,0.0,-5001.0,0.0,,,False,False,False,0.0,-5001.0,False,,,,False,,⚪ 不列入,未達標,0,0,0 張,無,無,無
3321,同泰,TWSE,18.15,-0.05,139227.0,2499987.0,,,,,,,,,0.0,0.0,1.0,1000.0,0.0,,,False,False,False,0.0,1000.0,False,,,,False,,⚪ 不列入,未達標,0,0,0 張,無,無,無
1449,佳和,TWSE,12.35,-0.1,200913.0,2480097.0,,,,,,,,,0.0,0.0,0.0,-57285.0,2.0,,,False,False,False,0.0,-57285.0,False,,,,False,,⚪ 不列入,未達標,0,0,0 張,無,無,無
6281,全國電,TWSE,51.2,0.2,48633.0,2478403.0,,,,,,,,,0.0,0.0,0.0,-7000.0,0.0,,,False,False,False,0.0,-7000.0,False,,,,False,,⚪ 不列入,未達標,0,0,0 張,無,無,無
1315,達新,TWSE,68.1,-0.2,35564.0,2435384.0,,,,,,,,,0.0,0.0,0.0,-8000.0,0.0,,,False,False,False,0.0,-8000.0,False,,,,False,,⚪ 不列入,未達標,0,0,0 張,無,無,無
2613,中櫃,TWSE,21.95,-0.25,110543.0,2433154.0,,,,,,,,,0.0,0.0,1.0,14000.0,0.0,,,False,False,False,0.0,14000.0,False,,,,False,,⚪ 不列入,未達標,0,0,0 張,無,無,無
3027,盛達,TWSE,18.4,-0.15,130399.0,2418380.0,,,,,,,,,0.0,0.0,1.0,20000.0,0.0,,,False,False,False,0.0,20000.0,False,,,,False,,⚪ 不列入,未達標,0,0,0 張,無,無,無
6142,友勁,TWSE,9.06,0.0,262971.0,2398333.0,,,,,,,,,0.0,0.0,0.0,-32000.0,0.0,,,False,False,False,0.0,-32000.0,False,,,,False,,⚪ 不列入,未達標,0,0,0 張,無,無,無
6598,ABC-KY,TWSE,27.2,-0.1,87846.0,2396811.0,,,,,,,,,0.0,0.0,0.0,-43000.0,0.0,,,False,False,False,0.0,-43000.0,False,,,,False,,⚪ 不列入,未達標,0,0,0 張,無,無,無
2462,良得電,TWSE,19.85,-0.5,118354.0,2364906.0,,,,,,,,,0.0,0.0,0.0,-57000.0,0.0,,,False,False,False,0.0,-57000.0,False,,,,False,,⚪ 不列入,未達標,0,0,0 張,無,無,無
5007,三星,TWSE,55.4,-0.2,42297.0,2355063.0,,,,,,,,,0.0,0.0,0.0,-15000.0,0.0,,,False,False,False,0.0,-15000.0,False,,,,False,,⚪ 不列入,未達標,0,0,0 張,無,無,無
1219,福壽,TWSE,11.35,-0.1,207054.0,2354448.0,,,,,,,,,0.0,0.0,1.0,7459.0,0.0,,,False,False,False,0.0,7459.0,False,,,,False,,⚪ 不列入,未達標,0,0,0 張,無,無,無
2849,安泰銀,TWSE,15.5,-0.15,150507.0,2346542.0,,,,,,,,,0.0,0.0,0.0,-83000.0,0.0,,,False,False,False,0.0,-83000.0,False,,,,False,,⚪ 不列入,未達標,0,0,0 張,無,無,無
3530,晶相光,TWSE,58.4,0.1,39475.0,2322039.0,,,,,,,,,0.0,0.0,1.0,6004.0,0.0,,,False,False,False,0.0,6004.0,False,,,,False,,⚪ 不列入,未達標,0,0,0 張,無,無,無
7791,皇家可口,TWSE,55.4,-0.4,41945.0,2314044.0,,,,,,,,,0.0,0.0,1.0,14000.0,0.0,,,False,False,False,0.0,14000.0,False,,,,False,,⚪ 不列入,未達標,0,0,0 張,無,無,無
3058,立德,TWSE,8.15,-0.07,282792.0,2312722.0,,,,,,,,,0.0,0.0,1.0,52000.0,0.0,,,False,False,False,0.0,52000.0,False,,,,False,,⚪ 不列入,未達標,0,0,0 張,無,無,無
6582,申豐,TWSE,30.8,-0.2,74462.0,2307913.0,,,,,,,,,0.0,0.0,0.0,-45000.0,0.0,,,False,False,False,0.0,-45000.0,False,,,,False,,⚪ 不列入,未達標,0,0,0 張,無,無,無
2506,太設,TWSE,8.41,0.0,273693.0,2291230.0,,,,,,,,,0.0,0.0,0.0,-236000.0,0.0,,,False,False,False,0.0,-236000.0,False,,,,False,,⚪ 不列入,未達標,0,0,0 張,無,無,無
6906,現觀科,TWSE,83.7,0.7,27331.0,2273802.0,,,,,,,,,0.0,0.0,1.0,1000.0,0.0,,,False,False,False,0.0,1000.0,False,,,,False,,⚪ 不列入,未達標,0,0,0 張,無,無,無
1437,勤益控,TWSE,31.85,-0.65,71000.0,2262301.0,,,,,,,,,0.0,0.0,0.0,-15000.0,0.0,,,False,False,False,0.0,-15000.0,False,,,,False,,⚪ 不列入,未達標,0,0,0 張,無,無,無
1472,三洋實業,TWSE,88.1,0.1,25130.0,2217942.0,,,,,,,,,0.0,0.0,1.0,5000.0,0.0,,,False,False,False,0.0,5000.0,False,,,,False,,⚪ 不列入,未達標,0,0,0 張,無,無,無
4155,訊映,TWSE,14.6,-0.25,150826.0,2212932.0,,,,,,,,,0.0,0.0,0.0,-71000.0,0.0,,,False,False,False,0.0,-71000.0,False,,,,False,,⚪ 不列入,未達標,0,0,0 張,無,無,無
9906,欣巴巴,TWSE,39.3,-0.3,54943.0,2208469.0,,,,,,,,,0.0,0.0,0.0,-18000.0,0.0,,,False,False,False,0.0,-18000.0,False,,,,False,,⚪ 不列入,未達標,0,0,0 張,無,無,無
2509,全坤建,TWSE,14.05,-0.3,156579.0,2207764.0,,,,,,,,,0.0,0.0,0.0,-63000.0,0.0,,,False,False,False,0.0,-63000.0,False,,,,False,,⚪ 不列入,未達標,0,0,0 張,無,無,無
4572,駐龍,TWSE,139.0,-0.5,15872.0,2206649.0,,,,,,,,,0.0,0.0,1.0,2000.0,0.0,,,False,False,False,0.0,2000.0,False,,,,False,,⚪ 不列入,未達標,0,0,0 張,無,無,無
4588,玖鼎電力,TWSE,55.3,0.5,40000.0,2205900.0,,,,,,,,,0.0,0.0,0.0,-7000.0,0.0,,,False,False,False,0.0,-7000.0,False,,,,False,機器人／智慧自動化,⚪ 不列入,未達標,0,0,0 張,無,無,無
2022,聚亨,TWSE,7.3,0.14,301203.0,2197540.0,,,,,,,,,0.0,0.0,0.0,-4509.0,0.0,,,False,False,False,0.0,-4509.0,False,,,,False,,⚪ 不列入,未達標,0,0,0 張,無,無,無
6201,亞弘電,TWSE,44.2,-0.5,47983.0,2130600.0,,,,,,,,,0.0,0.0,0.0,0.0,0.0,,,False,False,False,0.0,0.0,False,,,,False,,⚪ 不列入,未達標,0,0,0 張,無,無,無
8463,潤泰材,TWSE,20.95,-0.25,101166.0,2122104.0,,,,,,,,,0.0,0.0,0.0,-5000.0,0.0,,,False,False,False,0.0,-5000.0,False,,,,False,,⚪ 不列入,未達標,0,0,0 張,無,無,無
1446,宏和,TWSE,13.35,-0.25,157652.0,2117304.0,,,,,,,,,0.0,0.0,0.0,-34000.0,0.0,,,False,False,False,0.0,-34000.0,False,,,,False,,⚪ 不列入,未達標,0,0,0 張,無,無,無
1108,幸福,TWSE,11.0,-0.05,188302.0,2078523.0,,,,,,,,,0.0,0.0,0.0,-10000.0,0.0,,,False,False,False,0.0,-10000.0,False,,,,False,,⚪ 不列入,未達標,0,0,0 張,無,無,無
7721,微程式,TWSE,61.8,0.1,33463.0,2071606.0,,,,,,,,,0.0,0.0,1.0,16000.0,0.0,,,False,False,False,0.0,16000.0,False,,,,False,,⚪ 不列入,未達標,0,0,0 張,無,無,無
2450,神腦,TWSE,28.2,-0.05,72438.0,2044009.0,,,,,,,,,0.0,0.0,0.0,-15000.0,0.0,,,False,False,False,0.0,-15000.0,False,,,,False,,⚪ 不列入,未達標,0,0,0 張,無,無,無
2013,中鋼構,TWSE,41.2,0.1,49044.0,2024861.0,,,,,,,,,0.0,0.0,0.0,-3000.0,0.0,,,False,False,False,0.0,-3000.0,False,,,,False,,⚪ 不列入,未達標,0,0,0 張,無,無,無
2114,鑫永銓,TWSE,89.7,-0.2,22383.0,2007921.0,,,,,,,,,0.0,0.0,0.0,-2000.0,0.0,,,False,False,False,0.0,-2000.0,False,,,,False,,⚪ 不列入,未達標,0,0,0 張,無,無,無
1451,年興,TWSE,16.9,-0.2,117464.0,1988960.0,,,,,,,,,0.0,0.0,0.0,-33000.0,0.0,,,False,False,False,0.0,-33000.0,False,,,,False,,⚪ 不列入,未達標,0,0,0 張,無,無,無
2007,燁興,TWSE,6.9,0.01,283063.0,1972425.0,,,,,,,,,0.0,0.0,1.0,6000.0,0.0,,,False,False,False,0.0,6000.0,False,,,,False,,⚪ 不列入,未達標,0,0,0 張,無,無,無
3043,科風,TWSE,20.1,-0.5,97293.0,1963180.0,,,,,,,,,0.0,0.0,0.0,-42000.0,0.0,,,False,False,False,0.0,-42000.0,False,,,,False,,⚪ 不列入,未達標,0,0,0 張,無,無,無
4552,力達-KY,TWSE,15.35,-0.25,126861.0,1957547.0,,,,,,,,,0.0,0.0,0.0,-34000.0,0.0,,,False,False,False,0.0,-34000.0,False,,,,False,,⚪ 不列入,未達標,0,0,0 張,無,無,無
9924,福興,TWSE,37.75,-0.05,51682.0,1955830.0,,,,,,,,,0.0,0.0,0.0,-5000.0,0.0,,,False,False,False,0.0,-5000.0,False,,,,False,,⚪ 不列入,未達標,0,0,0 張,無,無,無
6951,青新-創,TWSE,69.1,-0.1,28225.0,1954230.0,,,,,,,,,0.0,0.0,0.0,-3000.0,0.0,,,False,False,False,0.0,-3000.0,False,,,,False,,⚪ 不列入,未達標,0,0,0 張,無,無,無
4935,茂林-KY,TWSE,32.65,-0.3,59283.0,1946559.0,,,,,,,,,0.0,0.0,0.0,-7000.0,0.0,,,False,False,False,0.0,-7000.0,False,,,,False,,⚪ 不列入,未達標,0,0,0 張,無,無,無
2237,華德動能-創,TWSE,26.9,0.0,71800.0,1941700.0,,,,,,,,,0.0,0.0,0.0,-21000.0,0.0,,,False,False,False,0.0,-21000.0,False,,,,False,,⚪ 不列入,未達標,0,0,0 張,無,無,無
2524,京城,TWSE,34.25,-0.6,56370.0,1941568.0,,,,,,,,,0.0,0.0,0.0,-31000.0,0.0,,,False,False,False,0.0,-31000.0,False,,,,False,,⚪ 不列入,未達標,0,0,0 張,無,無,無
6606,建德工業,TWSE,24.75,-0.35,77626.0,1941444.0,,,,,,,,,0.0,0.0,0.0,-11000.0,0.0,,,False,False,False,0.0,-11000.0,False,,,,False,,⚪ 不列入,未達標,0,0,0 張,無,無,無
1805,寶徠,TWSE,10.05,-0.05,192799.0,1934926.0,,,,,,,,,0.0,0.0,0.0,-40000.0,0.0,,,False,False,False,0.0,-40000.0,False,,,,False,,⚪ 不列入,未達標,0,0,0 張,無,無,無
1616,億泰,TWSE,18.3,0.0,105222.0,1928745.0,,,,,,,,,0.0,0.0,0.0,-10000.0,0.0,,,False,False,False,0.0,-10000.0,False,,,,False,,⚪ 不列入,未達標,0,0,0 張,無,無,無
1817,凱撒衛,TWSE,39.85,-0.3,48076.0,1920693.0,,,,,,,,,0.0,0.0,0.0,-3000.0,1947.0,,,False,False,False,0.0,-3000.0,False,,,,False,,⚪ 不列入,未達標,0,0,0 張,無,無,無
1414,東和,TWSE,17.5,0.05,109892.0,1914453.0,,,,,,,,,0.0,0.0,1.0,15554.0,0.0,,,False,False,False,0.0,15554.0,False,,,,False,,⚪ 不列入,未達標,0,0,0 張,無,無,無
5283,禾聯碩,TWSE,52.6,-0.4,36234.0,1908761.0,,,,,,,,,0.0,0.0,0.0,-10000.0,0.0,,,False,False,False,0.0,-10000.0,False,,,,False,,⚪ 不列入,未達標,0,0,0 張,無,無,無
4148,全宇生技-KY,TWSE,31.95,-0.45,58415.0,1862630.0,,,,,,,,,0.0,0.0,0.0,-1000.0,0.0,,,False,False,False,0.0,-1000.0,False,,,,False,,⚪ 不列入,未達標,0,0,0 張,無,無,無
7736,虎山,TWSE,68.2,-0.5,27095.0,1850636.0,,,,,,,,,0.0,0.0,0.0,0.0,0.0,,,False,False,False,0.0,0.0,False,,,,False,,⚪ 不列入,未達標,0,0,0 張,無,無,無
2459,敦吉,TWSE,64.9,-0.3,28055.0,1823142.0,,,,,,,,,0.0,0.0,0.0,-13000.0,0.0,,,False,False,False,0.0,-13000.0,False,,,,False,,⚪ 不列入,未達標,0,0,0 張,無,無,無
6921,嘉雨思-創,TWSE,67.0,3.1,27012.0,1797740.0,,,,,,,,,0.0,0.0,1.0,3000.0,0.0,,,False,False,False,0.0,3000.0,False,,,,False,,⚪ 不列入,未達標,0,0,0 張,無,無,無
6931,青松健康,TWSE,38.75,0.0,45371.0,1764904.0,,,,,,,,,0.0,0.0,0.0,-18000.0,0.0,,,False,False,False,0.0,-18000.0,False,,,,False,,⚪ 不列入,未達標,0,0,0 張,無,無,無
1540,喬福,TWSE,19.35,-0.15,90124.0,1752349.0,,,,,,,,,0.0,0.0,0.0,-29900.0,0.0,,,False,False,False,0.0,-29900.0,False,,,,False,,⚪ 不列入,未達標,0,0,0 張,無,無,無
8442,威宏-KY,TWSE,44.8,0.35,39185.0,1742602.0,,,,,,,,,1.0,1184.0,0.0,-6000.0,0.0,,,False,False,False,1184.0,-6000.0,False,,,,False,,⚪ 不列入,未達標,0,0,0 張,無,無,無
4557,永新-KY,TWSE,50.1,0.3,34834.0,1740890.0,,,,,,,,,0.0,0.0,1.0,13000.0,0.0,,,False,False,False,0.0,13000.0,False,,,,False,,⚪ 不列入,未達標,0,0,0 張,無,無,無
3011,今皓,TWSE,9.9,-0.1,174436.0,1737224.0,,,,,,,,,0.0,0.0,1.0,31000.0,0.0,,,False,False,False,0.0,31000.0,False,,,,False,,⚪ 不列入,未達標,0,0,0 張,無,無,無
4807,日成-KY,TWSE,29.15,-0.15,59195.0,1734120.0,,,,,,,,,0.0,0.0,1.0,12000.0,0.0,,,False,False,False,0.0,12000.0,False,,,,False,,⚪ 不列入,未達標,0,0,0 張,無,無,無
1438,三地開發,TWSE,21.15,-0.35,80755.0,1733114.0,,,,,,,,,0.0,0.0,0.0,-13000.0,0.0,,,False,False,False,0.0,-13000.0,False,,,,False,,⚪ 不列入,未達標,0,0,0 張,無,無,無
2482,連宇,TWSE,16.35,0.1,104643.0,1714528.0,,,,,,,,,0.0,0.0,0.0,-5000.0,0.0,,,False,False,False,0.0,-5000.0,False,,,,False,,⚪ 不列入,未達標,0,0,0 張,無,無,無
2762,世界健身-KY,TWSE,79.0,0.0,21525.0,1705965.0,,,,,,,,,0.0,0.0,0.0,-9979.0,0.0,,,False,False,False,0.0,-9979.0,False,,,,False,,⚪ 不列入,未達標,0,0,0 張,無,無,無
3164,景岳,TWSE,16.6,0.3,102558.0,1701264.0,,,,,,,,,0.0,0.0,1.0,31000.0,0.0,,,False,False,False,0.0,31000.0,False,,,,False,,⚪ 不列入,未達標,0,0,0 張,無,無,無
9937,全國,TWSE,54.1,-0.1,30473.0,1649904.0,,,,,,,,,0.0,0.0,0.0,-15000.0,0.0,,,False,False,False,0.0,-15000.0,False,,,,False,,⚪ 不列入,未達標,0,0,0 張,無,無,無
6988,威力暘-創,TWSE,11.5,-0.2,143000.0,1643300.0,,,,,,,,,0.0,0.0,0.0,-66000.0,2000.0,,,False,False,False,0.0,-66000.0,False,,,,False,,⚪ 不列入,未達標,0,0,0 張,無,無,無
2488,漢平,TWSE,48.7,-0.15,33167.0,1622418.0,,,,,,,,,0.0,0.0,0.0,-2000.0,0.0,,,False,False,False,0.0,-2000.0,False,,,,False,,⚪ 不列入,未達標,0,0,0 張,無,無,無
1417,嘉裕,TWSE,8.04,-0.06,199029.0,1610883.0,,,,,,,,,0.0,0.0,0.0,-130000.0,0.0,,,False,False,False,0.0,-130000.0,False,,,,False,,⚪ 不列入,未達標,0,0,0 張,無,無,無
3669,圓展,TWSE,32.45,0.2,49381.0,1597546.0,,,,,,,,,0.0,0.0,0.0,-4000.0,0.0,,,False,False,False,0.0,-4000.0,False,,,,False,,⚪ 不列入,未達標,0,0,0 張,無,無,無
1459,聯發,TWSE,16.0,0.05,98990.0,1584981.0,,,,,,,,,0.0,0.0,0.0,-18000.0,0.0,,,False,False,False,0.0,-18000.0,False,,,,False,,⚪ 不列入,未達標,0,0,0 張,無,無,無
6924,榮惠-KY創,TWSE,135.0,1.0,11462.0,1550251.0,,,,,,,,,0.0,0.0,1.0,150.0,7.0,,,False,False,False,0.0,150.0,False,,,,False,,⚪ 不列入,未達標,0,0,0 張,無,無,無
3652,精聯,TWSE,33.85,-0.25,45323.0,1536341.0,,,,,,,,,0.0,0.0,1.0,18000.0,0.0,,,False,False,False,0.0,18000.0,False,,,,False,,⚪ 不列入,未達標,0,0,0 張,無,無,無
4108,懷特,TWSE,11.35,-0.1,133476.0,1532663.0,,,,,,,,,0.0,0.0,0.0,-35000.0,0.0,,,False,False,False,0.0,-35000.0,False,,,,False,,⚪ 不列入,未達標,0,0,0 張,無,無,無
1533,車王電,TWSE,30.4,0.1,50241.0,1528263.0,,,,,,,,,0.0,0.0,1.0,12000.0,0.0,,,False,False,False,0.0,12000.0,False,,,,False,,⚪ 不列入,未達標,0,0,0 張,無,無,無
4178,永笙-KY,TWSE,16.55,0.05,90603.0,1502057.0,,,,,,,,,0.0,0.0,1.0,7000.0,0.0,,,False,False,False,0.0,7000.0,False,,,,False,,⚪ 不列入,未達標,0,0,0 張,無,無,無
6552,易華電,TWSE,24.8,0.15,59443.0,1478849.0,,,,,,,,,0.0,0.0,1.0,18000.0,0.0,,,False,False,False,0.0,18000.0,False,,,,False,,⚪ 不列入,未達標,0,0,0 張,無,無,無
6464,台數科,TWSE,75.8,-1.2,19400.0,1478017.0,,,,,,,,,0.0,0.0,0.0,-5000.0,0.0,,,False,False,False,0.0,-5000.0,False,,,,False,,⚪ 不列入,未達標,0,0,0 張,無,無,無
3447,展達,TWSE,27.15,-0.15,54033.0,1476209.0,,,,,,,,,0.0,0.0,1.0,7000.0,0.0,,,False,False,False,0.0,7000.0,False,,,,False,,⚪ 不列入,未達標,0,0,0 張,無,無,無
1732,毛寶,TWSE,25.95,-0.15,56322.0,1461341.0,,,,,,,,,0.0,0.0,0.0,-4000.0,0.0,,,False,False,False,0.0,-4000.0,False,,,,False,,⚪ 不列入,未達標,0,0,0 張,無,無,無
4942,嘉彰,TWSE,31.95,0.3,45000.0,1438050.0,,,,,,,,,0.0,0.0,0.0,-15000.0,0.0,,,False,False,False,0.0,-15000.0,False,,,,False,,⚪ 不列入,未達標,0,0,0 張,無,無,無
2373,震旦行,TWSE,52.5,-0.3,27189.0,1428668.0,,,,,,,,,0.0,0.0,0.0,-6000.0,0.0,,,False,False,False,0.0,-6000.0,False,,,,False,,⚪ 不列入,未達標,0,0,0 張,無,無,無
1762,中化生,TWSE,33.7,0.0,41752.0,1408249.0,,,,,,,,,0.0,0.0,0.0,-18000.0,0.0,,,False,False,False,0.0,-18000.0,False,,,,False,,⚪ 不列入,未達標,0,0,0 張,無,無,無
9902,台火,TWSE,13.05,-0.15,106715.0,1404661.0,,,,,,,,,0.0,0.0,0.0,-8000.0,0.0,,,False,False,False,0.0,-8000.0,False,,,,False,,⚪ 不列入,未達標,0,0,0 張,無,無,無
1726,永記,TWSE,76.2,-0.1,18289.0,1395550.0,,,,,,,,,0.0,0.0,0.0,-9000.0,0.0,,,False,False,False,0.0,-9000.0,False,,,,False,,⚪ 不列入,未達標,0,0,0 張,無,無,無
1456,怡華,TWSE,14.6,-0.1,95229.0,1384754.0,,,,,,,,,0.0,0.0,0.0,-3039.0,0.0,,,False,False,False,0.0,-3039.0,False,,,,False,,⚪ 不列入,未達標,0,0,0 張,無,無,無
3052,夆典,TWSE,10.35,-0.05,132344.0,1375869.0,,,,,,,,,0.0,0.0,0.0,-13000.0,0.0,,,False,False,False,0.0,-13000.0,False,,,,False,,⚪ 不列入,未達標,0,0,0 張,無,無,無
3057,喬鼎,TWSE,16.25,0.45,85796.0,1370048.0,,,,,,,,,0.0,0.0,1.0,18000.0,0.0,,,False,False,False,0.0,18000.0,False,,,,False,,⚪ 不列入,未達標,0,0,0 張,無,無,無
6928,攸泰科技,TWSE,45.5,0.1,29926.0,1368333.0,,,,,,,,,0.0,0.0,1.0,1000.0,0.0,,,False,False,False,0.0,1000.0,False,,,,False,,⚪ 不列入,未達標,0,0,0 張,無,無,無
6796,晉弘,TWSE,51.7,0.3,26423.0,1367600.0,,,,,,,,,0.0,0.0,0.0,-52.0,0.0,,,False,False,False,0.0,-52.0,False,,,,False,,⚪ 不列入,未達標,0,0,0 張,無,無,無
1725,元禎,TWSE,34.0,0.1,40001.0,1362632.0,,,,,,,,,0.0,0.0,0.0,-9000.0,0.0,,,False,False,False,0.0,-9000.0,False,,,,False,,⚪ 不列入,未達標,0,0,0 張,無,無,無
4439,冠星-KY,TWSE,96.5,0.1,14109.0,1352157.0,,,,,,,,,0.0,0.0,0.0,0.0,0.0,,,False,False,False,0.0,0.0,False,,,,False,,⚪ 不列入,未達標,0,0,0 張,無,無,無
1203,味王,TWSE,43.3,0.0,31195.0,1349980.0,,,,,,,,,0.0,0.0,0.0,-13000.0,0.0,,,False,False,False,0.0,-13000.0,False,,,,False,,⚪ 不列入,未達標,0,0,0 張,無,無,無
2227,裕日車,TWSE,44.75,-0.25,29865.0,1339048.0,,,,,,,,,0.0,0.0,0.0,-17086.0,0.0,,,False,False,False,0.0,-17086.0,False,,,,False,,⚪ 不列入,未達標,0,0,0 張,無,無,無
6614,資拓宏宇,TWSE,35.15,-0.45,37754.0,1329731.0,,,,,,,,,0.0,0.0,0.0,-5000.0,0.0,,,False,False,False,0.0,-5000.0,False,,,,False,,⚪ 不列入,未達標,0,0,0 張,無,無,無
1517,利奇,TWSE,10.35,0.05,128242.0,1328071.0,,,,,,,,,0.0,0.0,1.0,1000.0,0.0,,,False,False,False,0.0,1000.0,False,,,,False,,⚪ 不列入,未達標,0,0,0 張,無,無,無
9905,大華,TWSE,21.2,0.0,62421.0,1324554.0,,,,,,,,,0.0,0.0,0.0,-39000.0,0.0,,,False,False,False,0.0,-39000.0,False,,,,False,,⚪ 不列入,未達標,0,0,0 張,無,無,無
1109,信大,TWSE,13.3,0.0,95288.0,1269279.0,,,,,,,,,0.0,0.0,0.0,-20000.0,0.0,,,False,False,False,0.0,-20000.0,False,,,,False,,⚪ 不列入,未達標,0,0,0 張,無,無,無
1525,江申,TWSE,63.7,-0.7,19739.0,1257445.0,,,,,,,,,0.0,0.0,1.0,3000.0,0.0,,,False,False,False,0.0,3000.0,False,,,,False,,⚪ 不列入,未達標,0,0,0 張,無,無,無
1471,首利,TWSE,9.3,-0.1,134939.0,1255319.0,,,,,,,,,0.0,0.0,0.0,-1000.0,0.0,,,False,False,False,0.0,-1000.0,False,,,,False,,⚪ 不列入,未達標,0,0,0 張,無,無,無
6792,詠業,TWSE,58.9,0.1,21104.0,1245304.0,,,,,,,,,0.0,0.0,1.0,4000.0,0.0,,,False,False,False,0.0,4000.0,False,,,,False,,⚪ 不列入,未達標,0,0,0 張,無,無,無
6581,鋼聯,TWSE,108.0,-0.5,11296.0,1222172.0,,,,,,,,,0.0,0.0,0.0,-2000.0,0.0,,,False,False,False,0.0,-2000.0,False,,,,False,,⚪ 不列入,未達標,0,0,0 張,無,無,無
6573,虹揚-KY,TWSE,15.9,0.0,77020.0,1220728.0,,,,,,,,,0.0,0.0,0.0,-4000.0,0.0,,,False,False,False,0.0,-4000.0,False,,,,False,,⚪ 不列入,未達標,0,0,0 張,無,無,無
2901,欣欣,TWSE,23.8,0.45,50924.0,1202664.0,,,,,,,,,0.0,0.0,1.0,21010.0,0.0,,,False,False,False,0.0,21010.0,False,,,,False,,⚪ 不列入,未達標,0,0,0 張,無,無,無
1432,大魯閣,TWSE,14.95,-0.1,80105.0,1201178.0,,,,,,,,,0.0,0.0,0.0,0.0,0.0,,,False,False,False,0.0,0.0,False,,,,False,,⚪ 不列入,未達標,0,0,0 張,無,無,無
6534,正瀚-創,TWSE,89.8,-0.7,13284.0,1197226.0,,,,,,,,,0.0,0.0,0.0,-7000.0,7.0,,,False,False,False,0.0,-7000.0,False,,,,False,,⚪ 不列入,未達標,0,0,0 張,無,無,無
4737,華廣,TWSE,55.6,-0.7,21141.0,1182979.0,,,,,,,,,0.0,0.0,0.0,-6000.0,0.0,,,False,False,False,0.0,-6000.0,False,,,,False,,⚪ 不列入,未達標,0,0,0 張,無,無,無
7705,三商餐飲,TWSE,29.75,-0.15,39583.0,1178303.0,,,,,,,,,0.0,0.0,0.0,-7000.0,0.0,,,False,False,False,0.0,-7000.0,False,,,,False,,⚪ 不列入,未達標,0,0,0 張,無,無,無
5525,順天,TWSE,21.95,-0.05,53695.0,1177017.0,,,,,,,,,0.0,0.0,0.0,-23000.0,0.0,,,False,False,False,0.0,-23000.0,False,,,,False,,⚪ 不列入,未達標,0,0,0 張,無,無,無
2722,夏都,TWSE,21.2,0.1,55123.0,1174617.0,,,,,,,,,0.0,0.0,0.0,-8000.0,0.0,,,False,False,False,0.0,-8000.0,False,,,,False,,⚪ 不列入,未達標,0,0,0 張,無,無,無
5215,科嘉-KY,TWSE,37.3,-0.65,30159.0,1140603.0,,,,,,,,,0.0,0.0,0.0,-14000.0,0.0,,,False,False,False,0.0,-14000.0,False,,,,False,,⚪ 不列入,未達標,0,0,0 張,無,無,無
6283,淳安,TWSE,18.8,-0.05,60120.0,1139049.0,,,,,,,,,0.0,0.0,1.0,9000.0,0.0,,,False,False,False,0.0,9000.0,False,,,,False,,⚪ 不列入,未達標,0,0,0 張,無,無,無
4414,如興,TWSE,8.11,-0.1,139371.0,1137294.0,,,,,,,,,0.0,0.0,0.0,0.0,0.0,,,False,False,False,0.0,0.0,False,,,,False,,⚪ 不列入,未達標,0,0,0 張,無,無,無
2314,台揚,TWSE,11.05,0.1,102554.0,1129641.0,,,,,,,,,0.0,0.0,0.0,-1000.0,0.0,,,False,False,False,0.0,-1000.0,False,,,,False,,⚪ 不列入,未達標,0,0,0 張,無,無,無
2706,第一店,TWSE,12.1,0.0,93277.0,1129624.0,,,,,,,,,0.0,0.0,0.0,-29000.0,0.0,,,False,False,False,0.0,-29000.0,False,,,,False,,⚪ 不列入,未達標,0,0,0 張,無,無,無
4106,雃博,TWSE,24.25,0.05,46364.0,1122084.0,,,,,,,,,0.0,0.0,0.0,-10000.0,0.0,,,False,False,False,0.0,-10000.0,False,,,,False,,⚪ 不列入,未達標,0,0,0 張,無,無,無
9928,中視,TWSE,17.8,0.25,62990.0,1120943.0,,,,,,,,,0.0,0.0,,0.0,,,,False,False,False,0.0,0.0,False,,,,False,,⚪ 不列入,未達標,0,0,0 張,無,無,無
2012,春雨,TWSE,14.15,-0.05,77143.0,1104175.0,,,,,,,,,0.0,0.0,0.0,-41000.0,0.0,,,False,False,False,0.0,-41000.0,False,,,,False,,⚪ 不列入,未達標,0,0,0 張,無,無,無
1730,花仙子,TWSE,51.2,0.0,21368.0,1094386.0,,,,,,,,,0.0,0.0,0.0,-6000.0,0.0,,,False,False,False,0.0,-6000.0,False,,,,False,,⚪ 不列入,未達標,0,0,0 張,無,無,無
1457,宜進,TWSE,14.3,-0.05,75983.0,1090375.0,,,,,,,,,0.0,0.0,0.0,-29000.0,0.0,,,False,False,False,0.0,-29000.0,False,,,,False,,⚪ 不列入,未達標,0,0,0 張,無,無,無
2739,寒舍,TWSE,36.25,-0.15,29683.0,1079810.0,,,,,,,,,0.0,0.0,0.0,-13050.0,0.0,,,False,False,False,0.0,-13050.0,False,,,,False,,⚪ 不列入,未達標,0,0,0 張,無,無,無
1323,永裕,TWSE,21.2,-0.2,49535.0,1057933.0,,,,,,,,,0.0,0.0,0.0,-9000.0,0.0,,,False,False,False,0.0,-9000.0,False,,,,False,,⚪ 不列入,未達標,0,0,0 張,無,無,無
8487,愛爾達-創,TWSE,70.4,-0.7,15023.0,1054713.0,,,,,,,,,0.0,0.0,0.0,-3000.0,41.0,,,False,False,False,0.0,-3000.0,False,,,,False,,⚪ 不列入,未達標,0,0,0 張,無,無,無
2239,英利-KY,TWSE,18.8,-0.15,54101.0,1020862.0,,,,,,,,,0.0,0.0,0.0,-18000.0,0.0,,,False,False,False,0.0,-18000.0,False,,,,False,,⚪ 不列入,未達標,0,0,0 張,無,無,無
2939,永邑-KY,TWSE,20.25,0.65,51000.0,1020650.0,,,,,,,,,0.0,0.0,1.0,8000.0,0.0,,,False,False,False,0.0,8000.0,False,,,,False,,⚪ 不列入,未達標,0,0,0 張,無,無,無
1441,大東,TWSE,10.15,0.0,101129.0,1015164.0,,,,,,,,,0.0,0.0,1.0,4.0,0.0,,,False,False,False,0.0,4.0,False,,,,False,,⚪ 不列入,未達標,0,0,0 張,無,無,無
2945,三商家購,TWSE,39.8,-0.1,25135.0,998440.0,,,,,,,,,0.0,0.0,0.0,-10000.0,0.0,,,False,False,False,0.0,-10000.0,False,,,,False,,⚪ 不列入,未達標,0,0,0 張,無,無,無
3679,新至陞,TWSE,108.5,-0.5,9180.0,994978.0,,,,,,,,,1.0,949.0,1.0,1000.0,0.0,,,False,False,False,949.0,1000.0,False,,,,False,,⚪ 不列入,未達標,0,0,0 張,無,無,無
2748,雲品,TWSE,38.7,-0.1,25097.0,972105.0,,,,,,,,,0.0,0.0,0.0,-1000.0,0.0,,,False,False,False,0.0,-1000.0,False,,,,False,,⚪ 不列入,未達標,0,0,0 張,無,無,無
6216,居易,TWSE,19.5,-0.05,49833.0,971681.0,,,,,,,,,0.0,0.0,0.0,-4000.0,0.0,,,False,False,False,0.0,-4000.0,False,,,,False,,⚪ 不列入,未達標,0,0,0 張,無,無,無
4438,廣越,TWSE,56.7,-0.3,16880.0,958727.0,,,,,,,,,0.0,0.0,0.0,-1000.0,0.0,,,False,False,False,0.0,-1000.0,False,,,,False,,⚪ 不列入,未達標,0,0,0 張,無,無,無
4133,亞諾法,TWSE,20.45,0.1,46762.0,957764.0,,,,,,,,,0.0,0.0,0.0,-13000.0,0.0,,,False,False,False,0.0,-13000.0,False,,,,False,,⚪ 不列入,未達標,0,0,0 張,無,無,無
1752,南光,TWSE,31.35,0.0,30284.0,950102.0,,,,,,,,,0.0,0.0,0.0,-5000.0,0.0,,,False,False,False,0.0,-5000.0,False,,,,False,,⚪ 不列入,未達標,0,0,0 張,無,無,無
1783,和康生,TWSE,36.65,-0.05,25800.0,948601.0,,,,,,,,,0.0,0.0,0.0,-3000.0,0.0,,,False,False,False,0.0,-3000.0,False,,,,False,,⚪ 不列入,未達標,0,0,0 張,無,無,無
5538,東明-KY,TWSE,35.4,0.1,26710.0,946764.0,,,,,,,,,0.0,0.0,0.0,-12000.0,0.0,,,False,False,False,0.0,-12000.0,False,,,,False,,⚪ 不列入,未達標,0,0,0 張,無,無,無
8481,政伸,TWSE,40.7,-0.25,23000.0,936600.0,,,,,,,,,0.0,0.0,0.0,-3000.0,0.0,,,False,False,False,0.0,-3000.0,False,,,,False,,⚪ 不列入,未達標,0,0,0 張,無,無,無
2115,六暉-KY,TWSE,23.7,0.0,39315.0,932985.0,,,,,,,,,0.0,0.0,0.0,-13000.0,0.0,,,False,False,False,0.0,-13000.0,False,,,,False,,⚪ 不列入,未達標,0,0,0 張,無,無,無
7803,雲象科技-創,TWSE,17.75,-0.25,52156.0,929008.0,,,,,,,,,0.0,0.0,0.0,-7000.0,844.0,,,False,False,False,0.0,-7000.0,False,,,,False,,⚪ 不列入,未達標,0,0,0 張,無,無,無
6666,羅麗芬-KY,TWSE,45.65,0.8,20185.0,917503.0,,,,,,,,,0.0,0.0,0.0,-2000.0,0.0,,,False,False,False,0.0,-2000.0,False,,,,False,,⚪ 不列入,未達標,0,0,0 張,無,無,無
1535,中宇,TWSE,45.55,-0.05,20045.0,911207.0,,,,,,,,,0.0,0.0,0.0,-5000.0,0.0,,,False,False,False,0.0,-5000.0,False,,,,False,,⚪ 不列入,未達標,0,0,0 張,無,無,無
1460,宏遠,TWSE,6.24,-0.01,144069.0,905268.0,,,,,,,,,0.0,0.0,0.0,-64236.0,0.0,,,False,False,False,0.0,-64236.0,False,,,,False,,⚪ 不列入,未達標,0,0,0 張,無,無,無
2906,高林,TWSE,13.3,-0.2,67157.0,898884.0,,,,,,,,,0.0,0.0,0.0,-14000.0,268.0,,,False,False,False,0.0,-14000.0,False,,,,False,,⚪ 不列入,未達標,0,0,0 張,無,無,無
2433,互盛電,TWSE,40.0,-0.1,22405.0,897060.0,,,,,,,,,0.0,0.0,0.0,-5000.0,0.0,,,False,False,False,0.0,-5000.0,False,,,,False,,⚪ 不列入,未達標,0,0,0 張,無,無,無
2380,虹光,TWSE,16.55,-0.25,53213.0,888559.0,,,,,,,,,0.0,0.0,0.0,-8000.0,0.0,,,False,False,False,0.0,-8000.0,False,,,,False,,⚪ 不列入,未達標,0,0,0 張,無,無,無
7835,永悅健康-創,TWSE,20.0,0.0,44054.0,880021.0,,,,,,,,,0.0,0.0,1.0,11000.0,5000.0,,,False,False,False,0.0,11000.0,False,,,,False,,⚪ 不列入,未達標,0,0,0 張,無,無,無
8429,金麗-KY,TWSE,5.85,-0.04,149803.0,877053.0,,,,,,,,,0.0,0.0,0.0,-2000.0,0.0,,,False,False,False,0.0,-2000.0,False,,,,False,,⚪ 不列入,未達標,0,0,0 張,無,無,無
1465,偉全,TWSE,11.55,-0.05,73543.0,849902.0,,,,,,,,,0.0,0.0,0.0,-12000.0,0.0,,,False,False,False,0.0,-12000.0,False,,,,False,,⚪ 不列入,未達標,0,0,0 張,無,無,無
1410,南染,TWSE,24.1,0.1,35201.0,847999.0,,,,,,,,,0.0,0.0,0.0,-7000.0,0.0,,,False,False,False,0.0,-7000.0,False,,,,False,,⚪ 不列入,未達標,0,0,0 張,無,無,無
2705,六福,TWSE,15.05,-0.1,56174.0,846368.0,,,,,,,,,0.0,0.0,0.0,-14000.0,0.0,,,False,False,False,0.0,-14000.0,False,,,,False,,⚪ 不列入,未達標,0,0,0 張,無,無,無
2430,燦坤,TWSE,18.1,-0.15,46687.0,843902.0,,,,,,,,,0.0,0.0,0.0,-9000.0,0.0,,,False,False,False,0.0,-9000.0,False,,,,False,,⚪ 不列入,未達標,0,0,0 張,無,無,無
2438,翔耀,TWSE,19.7,0.2,42204.0,819755.0,,,,,,,,,0.0,0.0,1.0,11000.0,0.0,,,False,False,False,0.0,11000.0,False,,,,False,,⚪ 不列入,未達標,0,0,0 張,無,無,無
2431,聯昌,TWSE,10.0,-0.05,81012.0,811188.0,,,,,,,,,0.0,0.0,0.0,-6000.0,0.0,,,False,False,False,0.0,-6000.0,False,,,,False,,⚪ 不列入,未達標,0,0,0 張,無,無,無
1338,廣華-KY,TWSE,14.75,0.0,52801.0,775587.0,,,,,,,,,0.0,0.0,0.0,-12989.0,0.0,,,False,False,False,0.0,-12989.0,False,,,,False,,⚪ 不列入,未達標,0,0,0 張,無,無,無
2250,IKKA-KY,TWSE,56.8,-0.8,13600.0,771610.0,,,,,,,,,0.0,0.0,1.0,4000.0,0.0,,,False,False,False,0.0,4000.0,False,,,,False,,⚪ 不列入,未達標,0,0,0 張,無,無,無
9931,欣高,TWSE,33.7,-0.1,22798.0,769996.0,,,,,,,,,0.0,0.0,0.0,-8000.0,0.0,,,False,False,False,0.0,-8000.0,False,,,,False,,⚪ 不列入,未達標,0,0,0 張,無,無,無
1468,昶和,TWSE,13.15,-0.05,59000.0,768250.0,,,,,,,,,0.0,0.0,0.0,-10000.0,0.0,,,False,False,False,0.0,-10000.0,False,,,,False,,⚪ 不列入,未達標,0,0,0 張,無,無,無
1220,台榮,TWSE,10.75,0.0,70951.0,765418.0,,,,,,,,,0.0,0.0,0.0,-12135.0,0.0,,,False,False,False,0.0,-12135.0,False,,,,False,,⚪ 不列入,未達標,0,0,0 張,無,無,無
7732,金興精密,TWSE,33.5,0.0,23025.0,759637.0,,,,,,,,,0.0,0.0,0.0,-2000.0,0.0,,,False,False,False,0.0,-2000.0,False,,,,False,,⚪ 不列入,未達標,0,0,0 張,無,無,無
6952,大武山,TWSE,38.8,0.3,19852.0,757903.0,,,,,,,,,0.0,0.0,0.0,-4000.0,0.0,,,False,False,False,0.0,-4000.0,False,,,,False,,⚪ 不列入,未達標,0,0,0 張,無,無,無
3607,谷崧,TWSE,13.7,-0.05,55129.0,756214.0,,,,,,,,,0.0,0.0,1.0,1000.0,0.0,,,False,False,False,0.0,1000.0,False,,,,False,,⚪ 不列入,未達標,0,0,0 張,無,無,無
2911,麗嬰房,TWSE,6.03,-0.07,124868.0,755655.0,,,,,,,,,0.0,0.0,0.0,-17000.0,0.0,,,False,False,False,0.0,-17000.0,False,,,,False,,⚪ 不列入,未達標,0,0,0 張,無,無,無
2616,山隆,TWSE,13.2,0.0,55544.0,733770.0,,,,,,,,,0.0,0.0,0.0,-15000.0,0.0,,,False,False,False,0.0,-15000.0,False,,,,False,,⚪ 不列入,未達標,0,0,0 張,無,無,無
4994,傳奇,TWSE,82.3,-0.2,8694.0,711423.0,,,,,,,,,0.0,0.0,0.0,-1000.0,0.0,,,False,False,False,0.0,-1000.0,False,,,,False,,⚪ 不列入,未達標,0,0,0 張,無,無,無
1225,福懋油,TWSE,24.4,-0.05,28996.0,708880.0,,,,,,,,,0.0,0.0,0.0,-3000.0,0.0,,,False,False,False,0.0,-3000.0,False,,,,False,,⚪ 不列入,未達標,0,0,0 張,無,無,無
1463,強盛新,TWSE,17.55,-0.2,40209.0,705207.0,,,,,,,,,0.0,0.0,0.0,-11000.0,0.0,,,False,False,False,0.0,-11000.0,False,,,,False,,⚪ 不列入,未達標,0,0,0 張,無,無,無
3557,嘉威,TWSE,22.8,-0.05,30567.0,697497.0,,,,,,,,,0.0,0.0,1.0,4199.0,0.0,,,False,False,False,0.0,4199.0,False,,,,False,,⚪ 不列入,未達標,0,0,0 張,無,無,無
1531,高林股,TWSE,11.6,-0.05,59839.0,696374.0,,,,,,,,,0.0,0.0,0.0,-15000.0,0.0,,,False,False,False,0.0,-15000.0,False,,,,False,,⚪ 不列入,未達標,0,0,0 張,無,無,無
6916,華凌,TWSE,18.45,0.15,36717.0,687991.0,,,,,,,,,0.0,0.0,0.0,-20000.0,0.0,,,False,False,False,0.0,-20000.0,False,,,,False,,⚪ 不列入,未達標,0,0,0 張,無,無,無
6431,光麗-KY,TWSE,17.55,0.4,40001.0,683967.0,,,,,,,,,0.0,0.0,1.0,2000.0,0.0,,,False,False,False,0.0,2000.0,False,,,,False,,⚪ 不列入,未達標,0,0,0 張,無,無,無
6128,上福,TWSE,19.1,-0.15,35311.0,675693.0,,,,,,,,,0.0,0.0,0.0,-13000.0,0.0,,,False,False,False,0.0,-13000.0,False,,,,False,,⚪ 不列入,未達標,0,0,0 張,無,無,無
4999,鑫禾,TWSE,17.7,-0.25,37859.0,674765.0,,,,,,,,,0.0,0.0,0.0,-13000.0,0.0,,,False,False,False,0.0,-13000.0,False,,,,False,,⚪ 不列入,未達標,0,0,0 張,無,無,無
6645,金萬林-創,TWSE,12.5,0.0,53051.0,657517.0,,,,,,,,,0.0,0.0,0.0,-25000.0,0.0,,,False,False,False,0.0,-25000.0,False,,,,False,,⚪ 不列入,未達標,0,0,0 張,無,無,無
1474,弘裕,TWSE,10.05,0.05,65447.0,656355.0,,,,,,,,,0.0,0.0,0.0,-5000.0,0.0,,,False,False,False,0.0,-5000.0,False,,,,False,,⚪ 不列入,未達標,0,0,0 張,無,無,無
1475,業旺,TWSE,25.8,-0.55,25142.0,650990.0,,,,,,,,,0.0,0.0,0.0,-1000.0,0.0,,,False,False,False,0.0,-1000.0,False,,,,False,,⚪ 不列入,未達標,0,0,0 張,無,無,無
6887,寶綠特-KY,TWSE,38.1,-0.85,17108.0,650943.0,,,,,,,,,0.0,0.0,0.0,-4000.0,0.0,,,False,False,False,0.0,-4000.0,False,,,,False,,⚪ 不列入,未達標,0,0,0 張,無,無,無
3150,鈺寶-創,TWSE,15.15,-0.2,41000.0,630700.0,,,,,,,,,0.0,0.0,0.0,-12000.0,2000.0,,,False,False,False,0.0,-12000.0,False,,,,False,,⚪ 不列入,未達標,0,0,0 張,無,無,無
9918,欣天然,TWSE,42.5,-0.2,14677.0,624864.0,,,,,,,,,0.0,0.0,0.0,-8000.0,0.0,,,False,False,False,0.0,-8000.0,False,,,,False,,⚪ 不列入,未達標,0,0,0 張,無,無,無
4426,利勤,TWSE,7.61,-0.15,81280.0,620393.0,,,,,,,,,0.0,0.0,1.0,8000.0,0.0,,,False,False,False,0.0,8000.0,False,,,,False,,⚪ 不列入,未達標,0,0,0 張,無,無,無
1526,日馳,TWSE,14.55,-0.15,41781.0,613664.0,,,,,,,,,0.0,0.0,1.0,6000.0,0.0,,,False,False,False,0.0,6000.0,False,,,,False,,⚪ 不列入,未達標,0,0,0 張,無,無,無
3686,達能,TWSE,14.85,0.05,41418.0,613433.0,,,,,,,,,0.0,0.0,1.0,3000.0,0.0,,,False,False,False,0.0,3000.0,False,,,,False,,⚪ 不列入,未達標,0,0,0 張,無,無,無
1530,亞崴,TWSE,26.45,-0.25,22949.0,608852.0,,,,,,,,,0.0,0.0,0.0,-5000.0,0.0,,,False,False,False,0.0,-5000.0,False,,,,False,,⚪ 不列入,未達標,0,0,0 張,無,無,無
1521,大億,TWSE,25.55,-0.25,23333.0,606363.0,,,,,,,,,0.0,0.0,0.0,-12000.0,0.0,,,False,False,False,0.0,-12000.0,False,,,,False,,⚪ 不列入,未達標,0,0,0 張,無,無,無
6958,日盛台駿,TWSE,17.05,-0.25,35256.0,605205.0,,,,,,,,,0.0,0.0,0.0,-20000.0,0.0,,,False,False,False,0.0,-20000.0,False,,,,False,,⚪ 不列入,未達標,0,0,0 張,無,無,無
2929,淘帝-KY,TWSE,5.81,-0.03,102847.0,604467.0,,,,,,,,,0.0,0.0,0.0,-6000.0,0.0,,,False,False,False,0.0,-6000.0,False,,,,False,,⚪ 不列入,未達標,0,0,0 張,無,無,無
3266,昇陽,TWSE,13.75,-0.25,43120.0,599547.0,,,,,,,,,0.0,0.0,0.0,-17000.0,0.0,,,False,False,False,0.0,-17000.0,False,,,,False,,⚪ 不列入,未達標,0,0,0 張,無,無,無
1340,勝悅-KY,TWSE,5.21,0.0,113889.0,595655.0,,,,,,,,,0.0,0.0,1.0,4000.0,0.0,,,False,False,False,0.0,4000.0,False,,,,False,,⚪ 不列入,未達標,0,0,0 張,無,無,無
9926,新海,TWSE,48.8,-0.1,12055.0,589185.0,,,,,,,,,0.0,0.0,0.0,-6000.0,0.0,,,False,False,False,0.0,-6000.0,False,,,,False,,⚪ 不列入,未達標,0,0,0 張,無,無,無
1473,台南,TWSE,19.3,-0.2,30004.0,582339.0,,,,,,,,,0.0,0.0,0.0,-24000.0,0.0,,,False,False,False,0.0,-24000.0,False,,,,False,,⚪ 不列入,未達標,0,0,0 張,無,無,無
1626,艾美特-KY,TWSE,9.6,-0.07,60103.0,577168.0,,,,,,,,,0.0,0.0,0.0,-1000.0,0.0,,,False,False,False,0.0,-1000.0,False,,,,False,,⚪ 不列入,未達標,0,0,0 張,無,無,無
1583,程泰,TWSE,46.95,0.0,12038.0,565171.0,,,,,,,,,0.0,0.0,0.0,-7000.0,0.0,,,False,False,False,0.0,-7000.0,False,,,,False,,⚪ 不列入,未達標,0,0,0 張,無,無,無
9944,新麗,TWSE,17.1,-0.15,32754.0,563448.0,,,,,,,,,0.0,0.0,0.0,-4000.0,0.0,,,False,False,False,0.0,-4000.0,False,,,,False,,⚪ 不列入,未達標,0,0,0 張,無,無,無
7760,享溫馨,TWSE,33.25,0.25,17030.0,561840.0,,,,,,,,,0.0,0.0,0.0,-2000.0,0.0,,,False,False,False,0.0,-2000.0,False,,,,False,,⚪ 不列入,未達標,0,0,0 張,無,無,無
1452,宏益,TWSE,10.7,-0.1,52416.0,561485.0,,,,,,,,,0.0,0.0,0.0,-25004.0,0.0,,,False,False,False,0.0,-25004.0,False,,,,False,,⚪ 不列入,未達標,0,0,0 張,無,無,無
1236,宏亞,TWSE,25.35,-0.05,21234.0,538460.0,,,,,,,,,0.0,0.0,0.0,-10000.0,0.0,,,False,False,False,0.0,-10000.0,False,,,,False,,⚪ 不列入,未達標,0,0,0 張,無,無,無
1467,南緯,TWSE,8.03,-0.02,65726.0,529076.0,,,,,,,,,0.0,0.0,0.0,-9000.0,0.0,,,False,False,False,0.0,-9000.0,False,,,,False,,⚪ 不列入,未達標,0,0,0 張,無,無,無
1413,宏洲,TWSE,9.08,-0.11,56815.0,517810.0,,,,,,,,,0.0,0.0,0.0,-1000.0,0.0,,,False,False,False,0.0,-1000.0,False,,,,False,,⚪ 不列入,未達標,0,0,0 張,無,無,無
4582,聚恆-創,TWSE,22.2,-0.25,23001.0,513972.0,,,,,,,,,0.0,0.0,0.0,-7000.0,0.0,,,False,False,False,0.0,-7000.0,False,,,,False,,⚪ 不列入,未達標,0,0,0 張,無,無,無
8466,美吉吉-KY,TWSE,15.25,-0.35,33002.0,512330.0,,,,,,,,,0.0,0.0,0.0,-12000.0,0.0,,,False,False,False,0.0,-12000.0,False,,,,False,,⚪ 不列入,未達標,0,0,0 張,無,無,無
1806,冠軍,TWSE,7.94,-0.04,62887.0,500364.0,,,,,,,,,0.0,0.0,0.0,-10000.0,0.0,,,False,False,False,0.0,-10000.0,False,,,,False,,⚪ 不列入,未達標,0,0,0 張,無,無,無
1445,大宇,TWSE,10.0,-0.05,49254.0,495313.0,,,,,,,,,0.0,0.0,0.0,-19000.0,0.0,,,False,False,False,0.0,-19000.0,False,,,,False,,⚪ 不列入,未達標,0,0,0 張,無,無,無
2642,宅配通,TWSE,20.3,-0.1,24291.0,492834.0,,,,,,,,,0.0,0.0,0.0,0.0,0.0,,,False,False,False,0.0,0.0,False,,,,False,,⚪ 不列入,未達標,0,0,0 張,無,無,無
6722,輝創,TWSE,32.3,-0.15,15187.0,492323.0,,,,,,,,,0.0,0.0,0.0,-4000.0,0.0,,,False,False,False,0.0,-4000.0,False,,,,False,,⚪ 不列入,未達標,0,0,0 張,無,無,無
8467,波力-KY,TWSE,88.0,-1.0,5340.0,471900.0,,,,,,,,,0.0,0.0,0.0,-1000.0,0.0,,,False,False,False,0.0,-1000.0,False,,,,False,,⚪ 不列入,未達標,0,0,0 張,無,無,無
4440,宜新實業,TWSE,17.45,0.0,27020.0,471350.0,,,,,,,,,0.0,0.0,0.0,-7000.0,0.0,,,False,False,False,0.0,-7000.0,False,,,,False,,⚪ 不列入,未達標,0,0,0 張,無,無,無
6754,匯僑設計,TWSE,41.4,-0.1,11301.0,468724.0,,,,,,,,,0.0,0.0,0.0,-3000.0,0.0,,,False,False,False,0.0,-3000.0,False,,,,False,,⚪ 不列入,未達標,0,0,0 張,無,無,無
2910,統領,TWSE,23.1,-0.45,20115.0,466649.0,,,,,,,,,0.0,0.0,0.0,-10000.0,0.0,,,False,False,False,0.0,-10000.0,False,,,,False,,⚪ 不列入,未達標,0,0,0 張,無,無,無
5907,大洋-KY,TWSE,4.79,-0.04,96136.0,464569.0,,,,,,,,,0.0,0.0,0.0,-20000.0,0.0,,,False,False,False,0.0,-20000.0,False,,,,False,,⚪ 不列入,未達標,0,0,0 張,無,無,無
1418,東華,TWSE,18.3,0.0,25023.0,460213.0,,,,,,,,,0.0,0.0,1.0,13000.0,0.0,,,False,False,False,0.0,13000.0,False,,,,False,,⚪ 不列入,未達標,0,0,0 張,無,無,無
5546,永固-KY,TWSE,14.1,-0.3,32000.0,453700.0,,,,,,,,,0.0,0.0,0.0,-8000.0,0.0,,,False,False,False,0.0,-8000.0,False,,,,False,,⚪ 不列入,未達標,0,0,0 張,無,無,無
6807,峰源-KY,TWSE,31.9,0.0,13913.0,441803.0,,,,,,,,,0.0,0.0,0.0,0.0,0.0,,,False,False,False,0.0,0.0,False,,,,False,,⚪ 不列入,未達標,0,0,0 張,無,無,無
1539,巨庭,TWSE,15.45,-0.05,27659.0,427463.0,,,,,,,,,0.0,0.0,0.0,-3000.0,0.0,,,False,False,False,0.0,-3000.0,False,,,,False,,⚪ 不列入,未達標,0,0,0 張,無,無,無
2248,華勝-KY,TWSE,61.5,0.5,7015.0,426148.0,,,,,,,,,0.0,0.0,1.0,1000.0,0.0,,,False,False,False,0.0,1000.0,False,,,,False,,⚪ 不列入,未達標,0,0,0 張,無,無,無
1337,再生-KY,TWSE,4.43,-0.02,94840.0,421248.0,,,,,,,,,0.0,0.0,0.0,-15813.0,0.0,,,False,False,False,0.0,-15813.0,False,,,,False,,⚪ 不列入,未達標,0,0,0 張,無,無,無
1906,寶隆,TWSE,10.8,0.1,38292.0,412006.0,,,,,,,,,0.0,0.0,0.0,-12000.0,0.0,,,False,False,False,0.0,-12000.0,False,,,,False,,⚪ 不列入,未達標,0,0,0 張,無,無,無
2008,高興昌,TWSE,30.5,0.0,13251.0,404700.0,,,,,,,,,0.0,0.0,0.0,-7000.0,0.0,,,False,False,False,0.0,-7000.0,False,,,,False,,⚪ 不列入,未達標,0,0,0 張,無,無,無
2514,龍邦,TWSE,11.4,-0.05,35096.0,401562.0,,,,,,,,,0.0,0.0,0.0,-19000.0,0.0,,,False,False,False,0.0,-19000.0,False,,,,False,,⚪ 不列入,未達標,0,0,0 張,無,無,無
6655,科定,TWSE,124.5,0.0,3010.0,374740.0,,,,,,,,,0.0,0.0,0.0,-3000.0,0.0,,,False,False,False,0.0,-3000.0,False,,,,False,,⚪ 不列入,未達標,0,0,0 張,無,無,無
1233,天仁,TWSE,27.6,-0.5,13323.0,371282.0,,,,,,,,,0.0,0.0,0.0,-5000.0,0.0,,,False,False,False,0.0,-5000.0,False,,,,False,,⚪ 不列入,未達標,0,0,0 張,無,無,無
1516,川飛,TWSE,13.5,0.35,27899.0,369448.0,,,,,,,,,0.0,0.0,1.0,2000.0,0.0,,,False,False,False,0.0,2000.0,False,,,,False,,⚪ 不列入,未達標,0,0,0 張,無,無,無
1454,台富,TWSE,12.15,-0.15,30096.0,367707.0,,,,,,,,,0.0,0.0,0.0,-10000.0,0.0,,,False,False,False,0.0,-10000.0,False,,,,False,,⚪ 不列入,未達標,0,0,0 張,無,無,無
3018,隆銘綠能,TWSE,11.95,-0.05,30637.0,365623.0,,,,,,,,,0.0,0.0,0.0,-3000.0,0.0,,,False,False,False,0.0,-3000.0,False,,,,False,,⚪ 不列入,未達標,0,0,0 張,無,無,無
2496,卓越,TWSE,55.1,-0.2,6405.0,350701.0,,,,,,,,,0.0,0.0,,0.0,,,,False,False,False,0.0,0.0,False,,,,False,,⚪ 不列入,未達標,0,0,0 張,無,無,無
3168,眾福科,TWSE,42.15,0.0,8000.0,337550.0,,,,,,,,,0.0,0.0,0.0,-1000.0,0.0,,,False,False,False,0.0,-1000.0,False,,,,False,,⚪ 不列入,未達標,0,0,0 張,無,無,無
1735,日勝化,TWSE,20.05,-0.25,16457.0,330827.0,,,,,,,,,0.0,0.0,0.0,-2000.0,110.0,,,False,False,False,0.0,-2000.0,False,,,,False,,⚪ 不列入,未達標,0,0,0 張,無,無,無
1213,大飲,TWSE,7.29,0.18,45218.0,321308.0,,,,,,,,,0.0,0.0,,0.0,,,,False,False,False,0.0,0.0,False,,,,False,,⚪ 不列入,未達標,0,0,0 張,無,無,無
3494,誠研,TWSE,7.09,-0.02,44736.0,313598.0,,,,,,,,,0.0,0.0,0.0,-5000.0,0.0,,,False,False,False,0.0,-5000.0,False,,,,False,,⚪ 不列入,未達標,0,0,0 張,無,無,無
5533,皇鼎,TWSE,13.85,-0.05,22277.0,308849.0,,,,,,,,,0.0,0.0,0.0,-11000.0,0.0,,,False,False,False,0.0,-11000.0,False,,,,False,,⚪ 不列入,未達標,0,0,0 張,無,無,無
8367,建新國際,TWSE,40.05,-0.55,7068.0,283892.0,,,,,,,,,0.0,0.0,0.0,-3000.0,0.0,,,False,False,False,0.0,-3000.0,False,,,,False,,⚪ 不列入,未達標,0,0,0 張,無,無,無
2701,萬企,TWSE,10.25,0.0,27138.0,278163.0,,,,,,,,,0.0,0.0,0.0,-19000.0,0.0,,,False,False,False,0.0,-19000.0,False,,,,False,,⚪ 不列入,未達標,0,0,0 張,無,無,無
1776,展宇,TWSE,18.2,0.1,14993.0,270923.0,,,,,,,,,0.0,0.0,0.0,-6000.0,0.0,,,False,False,False,0.0,-6000.0,False,,,,False,,⚪ 不列入,未達標,0,0,0 張,無,無,無
2424,隴華,TWSE,8.12,-0.08,31369.0,259992.0,,,,,,,,,0.0,0.0,0.0,-6000.0,0.0,,,False,False,False,0.0,-6000.0,False,,,,False,,⚪ 不列入,未達標,0,0,0 張,無,無,無
3593,力銘,TWSE,10.3,0.8,24771.0,252232.0,,,,,,,,,0.0,0.0,,0.0,,,,False,False,False,0.0,0.0,False,,,,False,,⚪ 不列入,未達標,0,0,0 張,無,無,無
1324,地球,TWSE,9.98,-0.07,24229.0,243736.0,,,,,,,,,0.0,0.0,0.0,-6000.0,0.0,,,False,False,False,0.0,-6000.0,False,,,,False,,⚪ 不列入,未達標,0,0,0 張,無,無,無
3432,台端,TWSE,14.8,0.2,16088.0,235076.0,,,,,,,,,0.0,0.0,0.0,-2000.0,0.0,,,False,False,False,0.0,-2000.0,False,,,,False,,⚪ 不列入,未達標,0,0,0 張,無,無,無
4930,燦星網,TWSE,15.85,-0.2,14291.0,227527.0,,,,,,,,,0.0,0.0,0.0,-2000.0,0.0,,,False,False,False,0.0,-2000.0,False,,,,False,,⚪ 不列入,未達標,0,0,0 張,無,無,無
6835,圓裕,TWSE,30.9,-0.4,7241.0,226315.0,,,,,,,,,0.0,0.0,0.0,-3000.0,0.0,,,False,False,False,0.0,-3000.0,False,,,,False,,⚪ 不列入,未達標,0,0,0 張,無,無,無
1423,利華,TWSE,34.35,-0.2,6436.0,222734.0,,,,,,,,,0.0,0.0,1.0,1000.0,0.0,,,False,False,False,0.0,1000.0,False,,,,False,,⚪ 不列入,未達標,0,0,0 張,無,無,無
2904,匯僑,TWSE,12.6,0.05,16574.0,209313.0,,,,,,,,,0.0,0.0,0.0,-5000.0,0.0,,,False,False,False,0.0,-5000.0,False,,,,False,,⚪ 不列入,未達標,0,0,0 張,無,無,無
8940,新天地,TWSE,15.0,0.0,13923.0,209173.0,,,,,,,,,0.0,0.0,0.0,0.0,0.0,,,False,False,False,0.0,0.0,False,,,,False,,⚪ 不列入,未達標,0,0,0 張,無,無,無
6671,三能-KY,TWSE,22.85,0.0,9000.0,206600.0,,,,,,,,,0.0,0.0,0.0,-1000.0,0.0,,,False,False,False,0.0,-1000.0,False,,,,False,,⚪ 不列入,未達標,0,0,0 張,無,無,無
1512,瑞利,TWSE,6.12,-0.06,31876.0,193684.0,,,,,,,,,0.0,0.0,0.0,-6000.0,0.0,,,False,False,False,0.0,-6000.0,False,,,,False,,⚪ 不列入,未達標,0,0,0 張,無,無,無
1443,立益物流,TWSE,23.0,-0.05,8001.0,184273.0,,,,,,,,,0.0,0.0,0.0,-4000.0,0.0,,,False,False,False,0.0,-4000.0,False,,,,False,,⚪ 不列入,未達標,0,0,0 張,無,無,無
1541,錩泰,TWSE,21.0,0.0,8000.0,167950.0,,,,,,,,,0.0,0.0,0.0,-5000.0,0.0,,,False,False,False,0.0,-5000.0,False,,,,False,,⚪ 不列入,未達標,0,0,0 張,無,無,無
9912,偉聯,TWSE,12.95,0.05,12357.0,159117.0,,,,,,,,,0.0,0.0,1.0,2000.0,0.0,,,False,False,False,0.0,2000.0,False,,,,False,,⚪ 不列入,未達標,0,0,0 張,無,無,無
4190,佐登-KY,TWSE,25.05,0.0,6232.0,156475.0,,,,,,,,,0.0,0.0,0.0,-1000.0,0.0,,,False,False,False,0.0,-1000.0,False,,,,False,,⚪ 不列入,未達標,0,0,0 張,無,無,無
2702,華園,TWSE,12.65,-0.2,11443.0,145171.0,,,,,,,,,0.0,0.0,0.0,-4000.0,0.0,,,False,False,False,0.0,-4000.0,False,,,,False,,⚪ 不列入,未達標,0,0,0 張,無,無,無
1439,雋揚,TWSE,28.15,0.0,5026.0,141539.0,,,,,,,,,0.0,0.0,0.0,-4000.0,0.0,,,False,False,False,0.0,-4000.0,False,,,,False,,⚪ 不列入,未達標,0,0,0 張,無,無,無
1435,中福,TWSE,21.75,-0.5,6479.0,140755.0,,,,,,,,,0.0,0.0,0.0,-3000.0,0.0,,,False,False,False,0.0,-3000.0,False,,,,False,,⚪ 不列入,未達標,0,0,0 張,無,無,無
1453,大將,TWSE,10.8,-0.1,12794.0,138782.0,,,,,,,,,0.0,0.0,0.0,-2450.0,0.0,,,False,False,False,0.0,-2450.0,False,,,,False,,⚪ 不列入,未達標,0,0,0 張,無,無,無
2712,遠雄來,TWSE,13.4,0.05,10100.0,135000.0,,,,,,,,,0.0,0.0,0.0,-5000.0,0.0,,,False,False,False,0.0,-5000.0,False,,,,False,,⚪ 不列入,未達標,0,0,0 張,無,無,無
1470,大統新創,TWSE,23.45,-0.25,5025.0,117931.0,,,,,,,,,0.0,0.0,0.0,-4000.0,0.0,,,False,False,False,0.0,-4000.0,False,,,,False,,⚪ 不列入,未達標,0,0,0 張,無,無,無
4943,康控-KY,TWSE,6.98,-0.01,16653.0,117061.0,,,,,,,,,0.0,0.0,,0.0,,,,False,False,False,0.0,0.0,False,,,,False,,⚪ 不列入,未達標,0,0,0 張,無,無,無
6504,南六,TWSE,37.2,0.15,3094.0,115203.0,,,,,,,,,0.0,0.0,0.0,0.0,0.0,,,False,False,False,0.0,0.0,False,,,,False,,⚪ 不列入,未達標,0,0,0 張,無,無,無
6936,永鴻生技,TWSE,31.7,0.0,3150.0,99877.0,,,,,,,,,0.0,0.0,0.0,-1000.0,0.0,,,False,False,False,0.0,-1000.0,False,,,,False,,⚪ 不列入,未達標,0,0,0 張,無,無,無
8488,吉源-KY,TWSE,9.8,-0.05,8000.0,78410.0,,,,,,,,,0.0,0.0,0.0,-2000.0,0.0,,,False,False,False,0.0,-2000.0,False,,,,False,,⚪ 不列入,未達標,0,0,0 張,無,無,無
8101,華冠,TWSE,10.7,-0.25,6828.0,73993.0,,,,,,,,,0.0,0.0,,0.0,,,,False,False,False,0.0,0.0,False,,,,False,,⚪ 不列入,未達標,0,0,0 張,無,無,無
9929,秋雨,TWSE,10.9,0.0,6694.0,73199.0,,,,,,,,,0.0,0.0,0.0,-4000.0,0.0,,,False,False,False,0.0,-4000.0,False,,,,False,,⚪ 不列入,未達標,0,0,0 張,無,無,無
2024,志聯,TWSE,12.75,-0.15,5397.0,69038.0,,,,,,,,,0.0,0.0,0.0,-4000.0,0.0,,,False,False,False,0.0,-4000.0,False,,,,False,,⚪ 不列入,未達標,0,0,0 張,無,無,無
2321,東訊,TWSE,25.0,0.0,2537.0,63424.0,,,,,,,,,0.0,0.0,,0.0,,,,False,False,False,0.0,0.0,False,,,,False,,⚪ 不列入,未達標,0,0,0 張,無,無,無
4581,光隆精密-KY,TWSE,47.7,-0.05,1000.0,47700.0,,,,,,,,,0.0,0.0,1.0,1000.0,0.0,,,False,False,False,0.0,1000.0,False,,,,False,,⚪ 不列入,未達標,0,0,0 張,無,無,無
8482,商億-KY,TWSE,47.05,0.0,1000.0,47050.0,,,,,,,,,0.0,0.0,0.0,0.0,0.0,,,False,False,False,0.0,0.0,False,,,,False,,⚪ 不列入,未達標,0,0,0 張,無,無,無
8443,阿瘦,TWSE,11.15,-0.05,3566.0,39691.0,,,,,,,,,0.0,0.0,0.0,-1000.0,0.0,,,False,False,False,0.0,-1000.0,False,,,,False,,⚪ 不列入,未達標,0,0,0 張,無,無,無
9110,越南控-DR,TWSE,2.85,0.03,13000.0,35760.0,,,,,,,,,0.0,0.0,,0.0,,,,False,False,False,0.0,0.0,False,,,,False,,⚪ 不列入,未達標,0,0,0 張,無,無,無
6641,基士德-KY,TWSE,16.95,0.0,1000.0,16950.0,,,,,,,,,0.0,0.0,,0.0,,,,False,False,False,0.0,0.0,False,,,,False,,⚪ 不列入,未達標,0,0,0 張,無,無,無
1240,茂生農經,TPEx,53.8,-1.4,,,,,,,,,,,0.0,0.0,,0.0,,,,False,False,False,0.0,0.0,False,,,,False,,⚪ 不列入,未達標,0,0,0 張,無,無,無
1259,安心,TPEx,68.0,0.0,,,,,,,,,,,0.0,0.0,,0.0,,,,False,False,False,0.0,0.0,False,,,,False,,⚪ 不列入,未達標,0,0,0 張,無,無,無
1264,德麥,TPEx,244.0,-0.5,,,,,,,,,,,0.0,0.0,,0.0,,,,False,False,False,0.0,0.0,False,,,,False,,⚪ 不列入,未達標,0,0,0 張,無,無,無
1268,漢來美食,TPEx,175.5,1.0,,,,,,,,,,,0.0,0.0,,0.0,,,,False,False,False,0.0,0.0,False,,,,False,,⚪ 不列入,未達標,0,0,0 張,無,無,無
1294,漢田生技,TPEx,50.2,-0.1,,,,,,,,,,,0.0,0.0,,0.0,,,,False,False,False,0.0,0.0,False,,,,False,,⚪ 不列入,未達標,0,0,0 張,無,無,無
1295,生合,TPEx,47.15,0.05,,,,,,,,,,,0.0,0.0,,0.0,,,,False,False,False,0.0,0.0,False,,,,False,,⚪ 不列入,未達標,0,0,0 張,無,無,無
1336,台翰,TPEx,16.8,-0.3,,,,,,,,,,,0.0,0.0,,0.0,,,,False,False,False,0.0,0.0,False,,,,False,,⚪ 不列入,未達標,0,0,0 張,無,無,無
1565,精華,TPEx,95.9,0.4,,,,,,,,,,,0.0,0.0,,0.0,,,,False,False,False,0.0,0.0,False,,,,False,,⚪ 不列入,未達標,0,0,0 張,無,無,無
1569,濱川,TPEx,65.0,0.3,,,,,,,,,,,0.0,0.0,,0.0,,,,False,False,False,0.0,0.0,False,,,,False,,⚪ 不列入,未達標,0,0,0 張,無,無,無
1570,力肯,TPEx,33.0,0.15,,,,,,,,,,,0.0,0.0,,0.0,,,,False,False,False,0.0,0.0,False,,,,False,,⚪ 不列入,未達標,0,0,0 張,無,無,無
1580,新麥,TPEx,97.1,0.1,,,,,,,,,,,0.0,0.0,,0.0,,,,False,False,False,0.0,0.0,False,,,,False,,⚪ 不列入,未達標,0,0,0 張,無,無,無
1584,精剛,TPEx,18.05,0.05,,,,,,,,,,,0.0,0.0,,0.0,,,,False,False,False,0.0,0.0,False,,,,False,,⚪ 不列入,未達標,0,0,0 張,無,無,無
1586,和勤,TPEx,18.0,0.0,,,,,,,,,,,0.0,0.0,,0.0,,,,False,False,False,0.0,0.0,False,,,,False,,⚪ 不列入,未達標,0,0,0 張,無,無,無
1591,駿吉-KY,TPEx,41.1,0.7,,,,,,,,,,,0.0,0.0,,0.0,,,,False,False,False,0.0,0.0,False,,,,False,,⚪ 不列入,未達標,0,0,0 張,無,無,無
1593,祺驊,TPEx,31.65,-0.15,,,,,,,,,,,0.0,0.0,,0.0,,,,False,False,False,0.0,0.0,False,,,,False,,⚪ 不列入,未達標,0,0,0 張,無,無,無
1595,川寶,TPEx,77.6,0.2,,,,,,,,,,,0.0,0.0,,0.0,,,,False,False,False,0.0,0.0,False,,,,False,,⚪ 不列入,未達標,0,0,0 張,無,無,無
1599,宏佳騰,TPEx,23.0,-0.05,,,,,,,,,,,0.0,0.0,,0.0,,,,False,False,False,0.0,0.0,False,,,,False,,⚪ 不列入,未達標,0,0,0 張,無,無,無
1742,台蠟,TPEx,17.7,0.2,,,,,,,,,,,0.0,0.0,,0.0,,,,False,False,False,0.0,0.0,False,,,,False,,⚪ 不列入,未達標,0,0,0 張,無,無,無
1777,生泰,TPEx,74.0,-0.3,,,,,,,,,,,0.0,0.0,,0.0,,,,False,False,False,0.0,0.0,False,,,,False,,⚪ 不列入,未達標,0,0,0 張,無,無,無
1780,立弘,TPEx,25.2,0.5,,,,,,,,,,,0.0,0.0,,0.0,,,,False,False,False,0.0,0.0,False,,,,False,,⚪ 不列入,未達標,0,0,0 張,無,無,無
1781,合世,TPEx,9.99,-0.06,,,,,,,,,,,0.0,0.0,,0.0,,,,False,False,False,0.0,0.0,False,,,,False,,⚪ 不列入,未達標,0,0,0 張,無,無,無
1784,訊聯,TPEx,61.3,0.0,,,,,,,,,,,0.0,0.0,,0.0,,,,False,False,False,0.0,0.0,False,,,,False,,⚪ 不列入,未達標,0,0,0 張,無,無,無
1785,光洋科,TPEx,98.0,2.2,,,,,,,,,,,0.0,0.0,,0.0,,,,False,False,False,0.0,0.0,False,,,,False,,⚪ 不列入,未達標,0,0,0 張,無,無,無
1788,杏昌,TPEx,128.0,0.0,,,,,,,,,,,0.0,0.0,,0.0,,,,False,False,False,0.0,0.0,False,,,,False,,⚪ 不列入,未達標,0,0,0 張,無,無,無
1796,金穎生技,TPEx,28.8,-0.7,,,,,,,,,,,0.0,0.0,,0.0,,,,False,False,False,0.0,0.0,False,,,,False,,⚪ 不列入,未達標,0,0,0 張,無,無,無
1799,易威,TPEx,28.4,-0.5,,,,,,,,,,,0.0,0.0,,0.0,,,,False,False,False,0.0,0.0,False,,,,False,,⚪ 不列入,未達標,0,0,0 張,無,無,無
1813,寶利徠,TPEx,11.3,0.0,,,,,,,,,,,0.0,0.0,,0.0,,,,False,False,False,0.0,0.0,False,,,,False,,⚪ 不列入,未達標,0,0,0 張,無,無,無
1815,富喬,TPEx,116.0,0.0,,,,,,,,,,,0.0,0.0,,0.0,,,,False,False,False,0.0,0.0,False,,,,False,,⚪ 不列入,未達標,0,0,0 張,無,無,無
2061,風青,TPEx,59.4,5.4,,,,,,,,,,,0.0,0.0,,0.0,,,,False,False,False,0.0,0.0,False,,,,False,,⚪ 不列入,未達標,0,0,0 張,無,無,無
2063,世鎧,TPEx,23.45,-0.15,,,,,,,,,,,0.0,0.0,,0.0,,,,False,False,False,0.0,0.0,False,,,,False,,⚪ 不列入,未達標,0,0,0 張,無,無,無
2064,晉椿,TPEx,11.9,0.0,,,,,,,,,,,0.0,0.0,,0.0,,,,False,False,False,0.0,0.0,False,,,,False,,⚪ 不列入,未達標,0,0,0 張,無,無,無
2065,世豐,TPEx,35.15,-0.05,,,,,,,,,,,0.0,0.0,,0.0,,,,False,False,False,0.0,0.0,False,,,,False,,⚪ 不列入,未達標,0,0,0 張,無,無,無
2066,世德,TPEx,52.7,-0.2,,,,,,,,,,,0.0,0.0,,0.0,,,,False,False,False,0.0,0.0,False,,,,False,,⚪ 不列入,未達標,0,0,0 張,無,無,無
2067,嘉鋼,TPEx,5.2,-0.02,,,,,,,,,,,0.0,0.0,,0.0,,,,False,False,False,0.0,0.0,False,,,,False,,⚪ 不列入,未達標,0,0,0 張,無,無,無
2070,精湛,TPEx,62.8,1.8,,,,,,,,,,,0.0,0.0,,0.0,,,,False,False,False,0.0,0.0,False,,,,False,,⚪ 不列入,未達標,0,0,0 張,無,無,無
2073,雄順,TPEx,25.2,-0.7,,,,,,,,,,,0.0,0.0,,0.0,,,,False,False,False,0.0,0.0,False,,,,False,,⚪ 不列入,未達標,0,0,0 張,無,無,無
2221,大甲,TPEx,180.0,16.0,,,,,,,,,,,0.0,0.0,,0.0,,,,False,False,False,0.0,0.0,False,,,,False,,⚪ 不列入,未達標,0,0,0 張,無,無,無
2230,泰茂,TPEx,21.75,-0.7,,,,,,,,,,,0.0,0.0,,0.0,,,,False,False,False,0.0,0.0,False,,,,False,,⚪ 不列入,未達標,0,0,0 張,無,無,無
2596,綠意,TPEx,35.25,-0.2,,,,,,,,,,,0.0,0.0,,0.0,,,,False,False,False,0.0,0.0,False,,,,False,,⚪ 不列入,未達標,0,0,0 張,無,無,無
2640,大車隊,TPEx,158.5,1.5,,,,,,,,,,,0.0,0.0,,0.0,,,,False,False,False,0.0,0.0,False,,,,False,,⚪ 不列入,未達標,0,0,0 張,無,無,無
2641,正德,TPEx,17.3,-0.25,,,,,,,,,,,0.0,0.0,,0.0,,,,False,False,False,0.0,0.0,False,,,,False,,⚪ 不列入,未達標,0,0,0 張,無,無,無
2643,捷迅,TPEx,62.7,0.0,,,,,,,,,,,0.0,0.0,,0.0,,,,False,False,False,0.0,0.0,False,,,,False,,⚪ 不列入,未達標,0,0,0 張,無,無,無
2718,全心投控,TPEx,40.65,-0.15,,,,,,,,,,,0.0,0.0,,0.0,,,,False,False,False,0.0,0.0,False,,,,False,,⚪ 不列入,未達標,0,0,0 張,無,無,無
2719,燦星旅,TPEx,19.2,-0.35,,,,,,,,,,,0.0,0.0,,0.0,,,,False,False,False,0.0,0.0,False,,,,False,,⚪ 不列入,未達標,0,0,0 張,無,無,無
2726,雅茗-KY,TPEx,8.03,-0.05,,,,,,,,,,,0.0,0.0,,0.0,,,,False,False,False,0.0,0.0,False,,,,False,,⚪ 不列入,未達標,0,0,0 張,無,無,無
2729,瓦城,TPEx,158.0,0.5,,,,,,,,,,,0.0,0.0,,0.0,,,,False,False,False,0.0,0.0,False,,,,False,,⚪ 不列入,未達標,0,0,0 張,無,無,無
2732,六角,TPEx,64.4,1.2,,,,,,,,,,,0.0,0.0,,0.0,,,,False,False,False,0.0,0.0,False,,,,False,,⚪ 不列入,未達標,0,0,0 張,無,無,無
2734,易飛網,TPEx,14.4,-0.1,,,,,,,,,,,0.0,0.0,,0.0,,,,False,False,False,0.0,0.0,False,,,,False,,⚪ 不列入,未達標,0,0,0 張,無,無,無
2736,富野,TPEx,11.35,0.1,,,,,,,,,,,0.0,0.0,,0.0,,,,False,False,False,0.0,0.0,False,,,,False,,⚪ 不列入,未達標,0,0,0 張,無,無,無
2740,華軒,TPEx,30.65,-0.05,,,,,,,,,,,0.0,0.0,,0.0,,,,False,False,False,0.0,0.0,False,,,,False,,⚪ 不列入,未達標,0,0,0 張,無,無,無
2743,山富,TPEx,53.3,-1.0,,,,,,,,,,,0.0,0.0,,0.0,,,,False,False,False,0.0,0.0,False,,,,False,,⚪ 不列入,未達標,0,0,0 張,無,無,無
2745,五福,TPEx,84.0,-0.6,,,,,,,,,,,0.0,0.0,,0.0,,,,False,False,False,0.0,0.0,False,,,,False,,⚪ 不列入,未達標,0,0,0 張,無,無,無
2751,王座,TPEx,52.6,-1.7,,,,,,,,,,,0.0,0.0,,0.0,,,,False,False,False,0.0,0.0,False,,,,False,,⚪ 不列入,未達標,0,0,0 張,無,無,無
2752,豆府,TPEx,177.5,-0.5,,,,,,,,,,,0.0,0.0,,0.0,,,,False,False,False,0.0,0.0,False,,,,False,,⚪ 不列入,未達標,0,0,0 張,無,無,無
2754,亞洲藏壽司,TPEx,68.0,-0.3,,,,,,,,,,,0.0,0.0,,0.0,,,,False,False,False,0.0,0.0,False,,,,False,,⚪ 不列入,未達標,0,0,0 張,無,無,無
2755,揚秦,TPEx,99.0,0.3,,,,,,,,,,,0.0,0.0,,0.0,,,,False,False,False,0.0,0.0,False,,,,False,,⚪ 不列入,未達標,0,0,0 張,無,無,無
2756,聯發國際,TPEx,62.5,-0.5,,,,,,,,,,,0.0,0.0,,0.0,,,,False,False,False,0.0,0.0,False,,,,False,,⚪ 不列入,未達標,0,0,0 張,無,無,無
2916,滿心,TPEx,40.55,-0.05,,,,,,,,,,,0.0,0.0,,0.0,,,,False,False,False,0.0,0.0,False,,,,False,,⚪ 不列入,未達標,0,0,0 張,無,無,無
2924,宏太-KY,TPEx,18.45,-0.55,,,,,,,,,,,0.0,0.0,,0.0,,,,False,False,False,0.0,0.0,False,,,,False,,⚪ 不列入,未達標,0,0,0 張,無,無,無
2926,誠品生活,TPEx,29.55,-0.55,,,,,,,,,,,0.0,0.0,,0.0,,,,False,False,False,0.0,0.0,False,,,,False,,⚪ 不列入,未達標,0,0,0 張,無,無,無
2937,集雅社,TPEx,44.7,0.0,,,,,,,,,,,0.0,0.0,,0.0,,,,False,False,False,0.0,0.0,False,,,,False,,⚪ 不列入,未達標,0,0,0 張,無,無,無
2938,床的世界,TPEx,18.55,-0.35,,,,,,,,,,,0.0,0.0,,0.0,,,,False,False,False,0.0,0.0,False,,,,False,,⚪ 不列入,未達標,0,0,0 張,無,無,無
2941,米斯特,TPEx,32.15,-0.15,,,,,,,,,,,0.0,0.0,,0.0,,,,False,False,False,0.0,0.0,False,,,,False,,⚪ 不列入,未達標,0,0,0 張,無,無,無
2948,寶陞,TPEx,36.8,0.3,,,,,,,,,,,0.0,0.0,,0.0,,,,False,False,False,0.0,0.0,False,,,,False,,⚪ 不列入,未達標,0,0,0 張,無,無,無
3066,李洲,TPEx,29.5,2.1,,,,,,,,,,,0.0,0.0,,0.0,,,,False,False,False,0.0,0.0,False,,,,False,,⚪ 不列入,未達標,0,0,0 張,無,無,無
3067,全域,TPEx,16.9,0.35,,,,,,,,,,,0.0,0.0,,0.0,,,,False,False,False,0.0,0.0,False,,,,False,,⚪ 不列入,未達標,0,0,0 張,無,無,無
3071,協禧,TPEx,22.9,-0.1,,,,,,,,,,,0.0,0.0,,0.0,,,,False,False,False,0.0,0.0,False,,,,False,,⚪ 不列入,未達標,0,0,0 張,無,無,無
3073,天方能源,TPEx,20.6,0.3,,,,,,,,,,,0.0,0.0,,0.0,,,,False,False,False,0.0,0.0,False,,,,False,,⚪ 不列入,未達標,0,0,0 張,無,無,無
3078,僑威,TPEx,45.65,0.2,,,,,,,,,,,0.0,0.0,,0.0,,,,False,False,False,0.0,0.0,False,,,,False,,⚪ 不列入,未達標,0,0,0 張,無,無,無
3081,聯亞,TPEx,2650.0,-50.0,,,,,,,,,,,0.0,0.0,,0.0,,,,False,False,False,0.0,0.0,False,,,,False,,⚪ 不列入,未達標,0,0,0 張,無,無,無
3083,網龍,TPEx,22.7,-0.15,,,,,,,,,,,0.0,0.0,,0.0,,,,False,False,False,0.0,0.0,False,,,,False,,⚪ 不列入,未達標,0,0,0 張,無,無,無
3085,新零售,TPEx,11.4,-0.05,,,,,,,,,,,0.0,0.0,,0.0,,,,False,False,False,0.0,0.0,False,,,,False,,⚪ 不列入,未達標,0,0,0 張,無,無,無
3086,華義*,TPEx,27.7,-0.6,,,,,,,,,,,0.0,0.0,,0.0,,,,False,False,False,0.0,0.0,False,,,,False,,⚪ 不列入,未達標,0,0,0 張,無,無,無
3088,艾訊,TPEx,136.0,6.5,,,,,,,,,,,0.0,0.0,,0.0,,,,False,False,False,0.0,0.0,False,,,,False,,⚪ 不列入,未達標,0,0,0 張,無,無,無
3093,港建*,TPEx,43.9,-0.9,,,,,,,,,,,0.0,0.0,,0.0,,,,False,False,False,0.0,0.0,False,,,,False,,⚪ 不列入,未達標,0,0,0 張,無,無,無
3095,及成,TPEx,34.0,0.0,,,,,,,,,,,0.0,0.0,,0.0,,,,False,False,False,0.0,0.0,False,,,,False,,⚪ 不列入,未達標,0,0,0 張,無,無,無
3105,穩懋,TPEx,493.0,-9.0,,,,,,,,,,,0.0,0.0,,0.0,,,,False,False,False,0.0,0.0,False,,,,False,,⚪ 不列入,未達標,0,0,0 張,無,無,無
3114,好德,TPEx,35.0,0.75,,,,,,,,,,,0.0,0.0,,0.0,,,,False,False,False,0.0,0.0,False,,,,False,,⚪ 不列入,未達標,0,0,0 張,無,無,無
3115,富榮綱,TPEx,8.6,0.62,,,,,,,,,,,0.0,0.0,,0.0,,,,False,False,False,0.0,0.0,False,,,,False,,⚪ 不列入,未達標,0,0,0 張,無,無,無
3118,進階,TPEx,31.35,0.5,,,,,,,,,,,0.0,0.0,,0.0,,,,False,False,False,0.0,0.0,False,,,,False,,⚪ 不列入,未達標,0,0,0 張,無,無,無
3122,笙泉,TPEx,23.5,-0.5,,,,,,,,,,,0.0,0.0,,0.0,,,,False,False,False,0.0,0.0,False,,,,False,,⚪ 不列入,未達標,0,0,0 張,無,無,無
3128,昇銳,TPEx,20.35,0.0,,,,,,,,,,,0.0,0.0,,0.0,,,,False,False,False,0.0,0.0,False,,,,False,,⚪ 不列入,未達標,0,0,0 張,無,無,無
3131,弘塑,TPEx,2475.0,65.0,,,,,,,,,,,0.0,0.0,,0.0,,,,False,False,False,0.0,0.0,False,,,,False,,⚪ 不列入,未達標,0,0,0 張,無,無,無
3141,晶宏,TPEx,85.2,1.3,,,,,,,,,,,0.0,0.0,,0.0,,,,False,False,False,0.0,0.0,False,,,,False,,⚪ 不列入,未達標,0,0,0 張,無,無,無
3147,大綜,TPEx,243.0,0.0,,,,,,,,,,,0.0,0.0,,0.0,,,,False,False,False,0.0,0.0,False,,,,False,,⚪ 不列入,未達標,0,0,0 張,無,無,無
3152,璟德,TPEx,226.0,-5.5,,,,,,,,,,,0.0,0.0,,0.0,,,,False,False,False,0.0,0.0,False,,,,False,,⚪ 不列入,未達標,0,0,0 張,無,無,無
3158,嘉實,TPEx,85.2,-0.2,,,,,,,,,,,0.0,0.0,,0.0,,,,False,False,False,0.0,0.0,False,,,,False,,⚪ 不列入,未達標,0,0,0 張,無,無,無
3162,精確,TPEx,80.9,7.3,,,,,,,,,,,0.0,0.0,,0.0,,,,False,False,False,0.0,0.0,False,,,,False,,⚪ 不列入,未達標,0,0,0 張,無,無,無
3163,波若威,TPEx,646.0,-7.0,,,,,,,,,,,0.0,0.0,,0.0,,,,False,False,False,0.0,0.0,False,,,,False,矽光子／CPO／光通訊,⚪ 不列入,未達標,0,0,0 張,無,無,無
3169,亞信,TPEx,115.5,1.0,,,,,,,,,,,0.0,0.0,,0.0,,,,False,False,False,0.0,0.0,False,,,,False,,⚪ 不列入,未達標,0,0,0 張,無,無,無
3171,炎洲流通,TPEx,58.3,-0.7,,,,,,,,,,,0.0,0.0,,0.0,,,,False,False,False,0.0,0.0,False,,,,False,,⚪ 不列入,未達標,0,0,0 張,無,無,無
3176,基亞,TPEx,37.35,-0.4,,,,,,,,,,,0.0,0.0,,0.0,,,,False,False,False,0.0,0.0,False,,,,False,,⚪ 不列入,未達標,0,0,0 張,無,無,無
3178,公準,TPEx,69.4,0.5,,,,,,,,,,,0.0,0.0,,0.0,,,,False,False,False,0.0,0.0,False,,,,False,,⚪ 不列入,未達標,0,0,0 張,無,無,無
3188,鑫龍騰,TPEx,23.45,-0.05,,,,,,,,,,,0.0,0.0,,0.0,,,,False,False,False,0.0,0.0,False,,,,False,,⚪ 不列入,未達標,0,0,0 張,無,無,無
3191,雲嘉南,TPEx,16.5,-0.25,,,,,,,,,,,0.0,0.0,,0.0,,,,False,False,False,0.0,0.0,False,,,,False,,⚪ 不列入,未達標,0,0,0 張,無,無,無
3205,佰研,TPEx,46.75,-0.2,,,,,,,,,,,0.0,0.0,,0.0,,,,False,False,False,0.0,0.0,False,,,,False,,⚪ 不列入,未達標,0,0,0 張,無,無,無
3206,志豐,TPEx,34.55,-0.05,,,,,,,,,,,0.0,0.0,,0.0,,,,False,False,False,0.0,0.0,False,,,,False,,⚪ 不列入,未達標,0,0,0 張,無,無,無
3207,耀勝,TPEx,38.25,0.3,,,,,,,,,,,0.0,0.0,,0.0,,,,False,False,False,0.0,0.0,False,,,,False,,⚪ 不列入,未達標,0,0,0 張,無,無,無
3211,順達,TPEx,386.0,7.5,,,,,,,,,,,0.0,0.0,,0.0,,,,False,False,False,0.0,0.0,False,,,,False,,⚪ 不列入,未達標,0,0,0 張,無,無,無
3213,茂訊,TPEx,125.5,1.0,,,,,,,,,,,0.0,0.0,,0.0,,,,False,False,False,0.0,0.0,False,,,,False,,⚪ 不列入,未達標,0,0,0 張,無,無,無
3217,優群,TPEx,130.0,0.5,,,,,,,,,,,0.0,0.0,,0.0,,,,False,False,False,0.0,0.0,False,,,,False,,⚪ 不列入,未達標,0,0,0 張,無,無,無
3218,大學光,TPEx,133.5,-1.0,,,,,,,,,,,0.0,0.0,,0.0,,,,False,False,False,0.0,0.0,False,,,,False,,⚪ 不列入,未達標,0,0,0 張,無,無,無
3219,倚強科,TPEx,125.5,11.0,,,,,,,,,,,0.0,0.0,,0.0,,,,False,False,False,0.0,0.0,False,,,,False,,⚪ 不列入,未達標,0,0,0 張,無,無,無
3221,台嘉碩,TPEx,50.8,1.7,,,,,,,,,,,0.0,0.0,,0.0,,,,False,False,False,0.0,0.0,False,,,,False,,⚪ 不列入,未達標,0,0,0 張,無,無,無
3224,三顧,TPEx,31.0,-0.9,,,,,,,,,,,0.0,0.0,,0.0,,,,False,False,False,0.0,0.0,False,,,,False,,⚪ 不列入,未達標,0,0,0 張,無,無,無
3226,龍鋒,TPEx,60.1,1.6,,,,,,,,,,,0.0,0.0,,0.0,,,,False,False,False,0.0,0.0,False,,,,False,,⚪ 不列入,未達標,0,0,0 張,無,無,無
3227,原相,TPEx,185.5,2.0,,,,,,,,,,,0.0,0.0,,0.0,,,,False,False,False,0.0,0.0,False,,,,False,,⚪ 不列入,未達標,0,0,0 張,無,無,無
3228,金麗科,TPEx,180.0,6.0,,,,,,,,,,,0.0,0.0,,0.0,,,,False,False,False,0.0,0.0,False,,,,False,,⚪ 不列入,未達標,0,0,0 張,無,無,無
3230,錦明,TPEx,41.7,1.5,,,,,,,,,,,0.0,0.0,,0.0,,,,False,False,False,0.0,0.0,False,,,,False,,⚪ 不列入,未達標,0,0,0 張,無,無,無
3232,昱捷,TPEx,20.8,-0.3,,,,,,,,,,,0.0,0.0,,0.0,,,,False,False,False,0.0,0.0,False,,,,False,,⚪ 不列入,未達標,0,0,0 張,無,無,無
3234,光環,TPEx,174.5,-3.5,,,,,,,,,,,0.0,0.0,,0.0,,,,False,False,False,0.0,0.0,False,,,,False,,⚪ 不列入,未達標,0,0,0 張,無,無,無
3236,千如,TPEx,44.1,0.25,,,,,,,,,,,0.0,0.0,,0.0,,,,False,False,False,0.0,0.0,False,,,,False,,⚪ 不列入,未達標,0,0,0 張,無,無,無
3252,海灣,TPEx,15.45,0.15,,,,,,,,,,,0.0,0.0,,0.0,,,,False,False,False,0.0,0.0,False,,,,False,,⚪ 不列入,未達標,0,0,0 張,無,無,無
3259,鑫創,TPEx,9.71,-0.24,,,,,,,,,,,0.0,0.0,,0.0,,,,False,False,False,0.0,0.0,False,,,,False,,⚪ 不列入,未達標,0,0,0 張,無,無,無
3260,威剛,TPEx,377.0,-1.0,,,,,,,,,,,0.0,0.0,,0.0,,,,False,False,False,0.0,0.0,False,,,,False,,⚪ 不列入,未達標,0,0,0 張,無,無,無
3264,欣銓,TPEx,241.5,-4.5,,,,,,,,,,,0.0,0.0,,0.0,,,,False,False,False,0.0,0.0,False,,,,False,,⚪ 不列入,未達標,0,0,0 張,無,無,無
3265,台星科,TPEx,180.5,-2.5,,,,,,,,,,,0.0,0.0,,0.0,,,,False,False,False,0.0,0.0,False,,,,False,,⚪ 不列入,未達標,0,0,0 張,無,無,無
3268,海德威,TPEx,21.5,1.55,,,,,,,,,,,0.0,0.0,,0.0,,,,False,False,False,0.0,0.0,False,,,,False,,⚪ 不列入,未達標,0,0,0 張,無,無,無
3272,東碩,TPEx,13.7,-0.25,,,,,,,,,,,0.0,0.0,,0.0,,,,False,False,False,0.0,0.0,False,,,,False,,⚪ 不列入,未達標,0,0,0 張,無,無,無
3276,宇環,TPEx,13.85,0.05,,,,,,,,,,,0.0,0.0,,0.0,,,,False,False,False,0.0,0.0,False,,,,False,,⚪ 不列入,未達標,0,0,0 張,無,無,無
3284,太普高,TPEx,19.4,-0.35,,,,,,,,,,,0.0,0.0,,0.0,,,,False,False,False,0.0,0.0,False,,,,False,,⚪ 不列入,未達標,0,0,0 張,無,無,無
3285,微端,TPEx,41.6,0.15,,,,,,,,,,,0.0,0.0,,0.0,,,,False,False,False,0.0,0.0,False,,,,False,,⚪ 不列入,未達標,0,0,0 張,無,無,無
3287,廣寰科,TPEx,41.2,0.15,,,,,,,,,,,0.0,0.0,,0.0,,,,False,False,False,0.0,0.0,False,,,,False,,⚪ 不列入,未達標,0,0,0 張,無,無,無
3288,點晶,TPEx,20.9,-0.1,,,,,,,,,,,0.0,0.0,,0.0,,,,False,False,False,0.0,0.0,False,,,,False,,⚪ 不列入,未達標,0,0,0 張,無,無,無
3289,宜特,TPEx,139.5,-0.5,,,,,,,,,,,0.0,0.0,,0.0,,,,False,False,False,0.0,0.0,False,,,,False,,⚪ 不列入,未達標,0,0,0 張,無,無,無
3290,東浦,TPEx,47.8,1.55,,,,,,,,,,,0.0,0.0,,0.0,,,,False,False,False,0.0,0.0,False,,,,False,,⚪ 不列入,未達標,0,0,0 張,無,無,無
3294,英濟,TPEx,32.9,-0.75,,,,,,,,,,,0.0,0.0,,0.0,,,,False,False,False,0.0,0.0,False,,,,False,,⚪ 不列入,未達標,0,0,0 張,無,無,無
3297,杭特,TPEx,32.85,-1.5,,,,,,,,,,,0.0,0.0,,0.0,,,,False,False,False,0.0,0.0,False,,,,False,,⚪ 不列入,未達標,0,0,0 張,無,無,無
3303,岱稜,TPEx,48.35,0.15,,,,,,,,,,,0.0,0.0,,0.0,,,,False,False,False,0.0,0.0,False,,,,False,,⚪ 不列入,未達標,0,0,0 張,無,無,無
3306,鼎天,TPEx,47.6,1.95,,,,,,,,,,,0.0,0.0,,0.0,,,,False,False,False,0.0,0.0,False,,,,False,,⚪ 不列入,未達標,0,0,0 張,無,無,無
3310,佳穎,TPEx,68.9,0.6,,,,,,,,,,,0.0,0.0,,0.0,,,,False,False,False,0.0,0.0,False,,,,False,,⚪ 不列入,未達標,0,0,0 張,無,無,無
3313,斐成,TPEx,10.5,0.0,,,,,,,,,,,0.0,0.0,,0.0,,,,False,False,False,0.0,0.0,False,,,,False,,⚪ 不列入,未達標,0,0,0 張,無,無,無
3317,尼克森,TPEx,65.4,-2.9,,,,,,,,,,,0.0,0.0,,0.0,,,,False,False,False,0.0,0.0,False,,,,False,,⚪ 不列入,未達標,0,0,0 張,無,無,無
3322,建舜電,TPEx,11.1,0.0,,,,,,,,,,,0.0,0.0,,0.0,,,,False,False,False,0.0,0.0,False,,,,False,,⚪ 不列入,未達標,0,0,0 張,無,無,無
3323,加百裕,TPEx,29.35,1.5,,,,,,,,,,,0.0,0.0,,0.0,,,,False,False,False,0.0,0.0,False,,,,False,,⚪ 不列入,未達標,0,0,0 張,無,無,無
3324,雙鴻,TPEx,1630.0,-80.0,,,,,,,,,,,0.0,0.0,,0.0,,,,False,False,False,0.0,0.0,False,,,,False,散熱,⚪ 不列入,未達標,0,0,0 張,無,無,無
3325,旭品,TPEx,11.7,-0.25,,,,,,,,,,,0.0,0.0,,0.0,,,,False,False,False,0.0,0.0,False,,,,False,,⚪ 不列入,未達標,0,0,0 張,無,無,無
3339,泰谷,TPEx,46.2,-1.0,,,,,,,,,,,0.0,0.0,,0.0,,,,False,False,False,0.0,0.0,False,,,,False,,⚪ 不列入,未達標,0,0,0 張,無,無,無
3349,寶德,TPEx,19.95,0.05,,,,,,,,,,,0.0,0.0,,0.0,,,,False,False,False,0.0,0.0,False,,,,False,,⚪ 不列入,未達標,0,0,0 張,無,無,無
3354,律勝,TPEx,29.25,-0.75,,,,,,,,,,,0.0,0.0,,0.0,,,,False,False,False,0.0,0.0,False,,,,False,,⚪ 不列入,未達標,0,0,0 張,無,無,無
3357,臺慶科,TPEx,203.0,-3.0,,,,,,,,,,,0.0,0.0,,0.0,,,,False,False,False,0.0,0.0,False,,,,False,,⚪ 不列入,未達標,0,0,0 張,無,無,無
3360,尚立,TPEx,15.1,0.05,,,,,,,,,,,0.0,0.0,,0.0,,,,False,False,False,0.0,0.0,False,,,,False,,⚪ 不列入,未達標,0,0,0 張,無,無,無
3362,先進光,TPEx,171.0,-2.0,,,,,,,,,,,0.0,0.0,,0.0,,,,False,False,False,0.0,0.0,False,,,,False,,⚪ 不列入,未達標,0,0,0 張,無,無,無
3363,上詮,TPEx,652.0,0.0,,,,,,,,,,,0.0,0.0,,0.0,,,,False,False,False,0.0,0.0,False,,,,False,矽光子／CPO／光通訊,⚪ 不列入,未達標,0,0,0 張,無,無,無
3372,典範,TPEx,16.3,0.5,,,,,,,,,,,0.0,0.0,,0.0,,,,False,False,False,0.0,0.0,False,,,,False,,⚪ 不列入,未達標,0,0,0 張,無,無,無
3373,熱映,TPEx,16.05,0.05,,,,,,,,,,,0.0,0.0,,0.0,,,,False,False,False,0.0,0.0,False,,,,False,,⚪ 不列入,未達標,0,0,0 張,無,無,無
3374,精材,TPEx,455.0,6.0,,,,,,,,,,,0.0,0.0,,0.0,,,,False,False,False,0.0,0.0,False,,,,False,,⚪ 不列入,未達標,0,0,0 張,無,無,無
3379,彬台,TPEx,27.3,0.05,,,,,,,,,,,0.0,0.0,,0.0,,,,False,False,False,0.0,0.0,False,,,,False,,⚪ 不列入,未達標,0,0,0 張,無,無,無
3388,崇越電,TPEx,81.6,-0.4,,,,,,,,,,,0.0,0.0,,0.0,,,,False,False,False,0.0,0.0,False,,,,False,,⚪ 不列入,未達標,0,0,0 張,無,無,無
3390,旭軟,TPEx,22.3,0.45,,,,,,,,,,,0.0,0.0,,0.0,,,,False,False,False,0.0,0.0,False,,,,False,,⚪ 不列入,未達標,0,0,0 張,無,無,無
3402,漢科,TPEx,131.0,1.5,,,,,,,,,,,0.0,0.0,,0.0,,,,False,False,False,0.0,0.0,False,,,,False,,⚪ 不列入,未達標,0,0,0 張,無,無,無
3430,奇鈦科,TPEx,112.5,0.0,,,,,,,,,,,0.0,0.0,,0.0,,,,False,False,False,0.0,0.0,False,,,,False,,⚪ 不列入,未達標,0,0,0 張,無,無,無
3434,哲固,TPEx,31.55,-0.05,,,,,,,,,,,0.0,0.0,,0.0,,,,False,False,False,0.0,0.0,False,,,,False,,⚪ 不列入,未達標,0,0,0 張,無,無,無
3438,類比科,TPEx,61.3,0.2,,,,,,,,,,,0.0,0.0,,0.0,,,,False,False,False,0.0,0.0,False,,,,False,,⚪ 不列入,未達標,0,0,0 張,無,無,無
3441,聯一光,TPEx,185.0,4.0,,,,,,,,,,,0.0,0.0,,0.0,,,,False,False,False,0.0,0.0,False,,,,False,,⚪ 不列入,未達標,0,0,0 張,無,無,無
3444,利機,TPEx,80.6,0.3,,,,,,,,,,,0.0,0.0,,0.0,,,,False,False,False,0.0,0.0,False,,,,False,,⚪ 不列入,未達標,0,0,0 張,無,無,無
3455,由田,TPEx,267.0,9.0,,,,,,,,,,,0.0,0.0,,0.0,,,,False,False,False,0.0,0.0,False,,,,False,,⚪ 不列入,未達標,0,0,0 張,無,無,無
3465,進泰電子,TPEx,29.65,0.0,,,,,,,,,,,0.0,0.0,,0.0,,,,False,False,False,0.0,0.0,False,,,,False,,⚪ 不列入,未達標,0,0,0 張,無,無,無
3466,德晉,TPEx,23.85,-0.05,,,,,,,,,,,0.0,0.0,,0.0,,,,False,False,False,0.0,0.0,False,,,,False,,⚪ 不列入,未達標,0,0,0 張,無,無,無
3467,台灣精材,TPEx,74.6,-6.9,,,,,,,,,,,0.0,0.0,,0.0,,,,False,False,False,0.0,0.0,False,,,,False,,⚪ 不列入,未達標,0,0,0 張,無,無,無
3479,安勤,TPEx,138.5,2.5,,,,,,,,,,,0.0,0.0,,0.0,,,,False,False,False,0.0,0.0,False,,,,False,,⚪ 不列入,未達標,0,0,0 張,無,無,無
3483,力致,TPEx,77.5,0.0,,,,,,,,,,,0.0,0.0,,0.0,,,,False,False,False,0.0,0.0,False,,,,False,,⚪ 不列入,未達標,0,0,0 張,無,無,無
3484,崧騰,TPEx,46.75,0.5,,,,,,,,,,,0.0,0.0,,0.0,,,,False,False,False,0.0,0.0,False,,,,False,,⚪ 不列入,未達標,0,0,0 張,無,無,無
3485,敘豐,TPEx,201.0,1.0,,,,,,,,,,,0.0,0.0,,0.0,,,,False,False,False,0.0,0.0,False,,,,False,,⚪ 不列入,未達標,0,0,0 張,無,無,無
3489,森寶,TPEx,23.25,0.6,,,,,,,,,,,0.0,0.0,,0.0,,,,False,False,False,0.0,0.0,False,,,,False,,⚪ 不列入,未達標,0,0,0 張,無,無,無
3490,單井,TPEx,45.1,0.05,,,,,,,,,,,0.0,0.0,,0.0,,,,False,False,False,0.0,0.0,False,,,,False,,⚪ 不列入,未達標,0,0,0 張,無,無,無
3491,昇達科,TPEx,1510.0,-45.0,,,,,,,,,,,0.0,0.0,,0.0,,,,False,False,False,0.0,0.0,False,,,,False,,⚪ 不列入,未達標,0,0,0 張,無,無,無
3492,長盛,TPEx,19.05,-0.1,,,,,,,,,,,0.0,0.0,,0.0,,,,False,False,False,0.0,0.0,False,,,,False,,⚪ 不列入,未達標,0,0,0 張,無,無,無
3498,陽程,TPEx,235.0,21.0,,,,,,,,,,,0.0,0.0,,0.0,,,,False,False,False,0.0,0.0,False,,,,False,,⚪ 不列入,未達標,0,0,0 張,無,無,無
3499,環天科,TPEx,13.7,0.0,,,,,,,,,,,0.0,0.0,,0.0,,,,False,False,False,0.0,0.0,False,,,,False,,⚪ 不列入,未達標,0,0,0 張,無,無,無
3508,位速,TPEx,25.95,-0.25,,,,,,,,,,,0.0,0.0,,0.0,,,,False,False,False,0.0,0.0,False,,,,False,,⚪ 不列入,未達標,0,0,0 張,無,無,無
3511,矽瑪,TPEx,19.45,0.05,,,,,,,,,,,0.0,0.0,,0.0,,,,False,False,False,0.0,0.0,False,,,,False,,⚪ 不列入,未達標,0,0,0 張,無,無,無
3512,皇龍,TPEx,19.2,-0.05,,,,,,,,,,,0.0,0.0,,0.0,,,,False,False,False,0.0,0.0,False,,,,False,,⚪ 不列入,未達標,0,0,0 張,無,無,無
3516,亞帝歐,TPEx,25.0,-0.1,,,,,,,,,,,0.0,0.0,,0.0,,,,False,False,False,0.0,0.0,False,,,,False,,⚪ 不列入,未達標,0,0,0 張,無,無,無
3520,華盈,TPEx,17.1,-0.1,,,,,,,,,,,0.0,0.0,,0.0,,,,False,False,False,0.0,0.0,False,,,,False,,⚪ 不列入,未達標,0,0,0 張,無,無,無
3521,台鋼建設,TPEx,11.75,-0.05,,,,,,,,,,,0.0,0.0,,0.0,,,,False,False,False,0.0,0.0,False,,,,False,,⚪ 不列入,未達標,0,0,0 張,無,無,無
3522,御嵿,TPEx,12.55,-0.1,,,,,,,,,,,0.0,0.0,,0.0,,,,False,False,False,0.0,0.0,False,,,,False,,⚪ 不列入,未達標,0,0,0 張,無,無,無
3523,迎輝,TPEx,14.95,0.0,,,,,,,,,,,0.0,0.0,,0.0,,,,False,False,False,0.0,0.0,False,,,,False,,⚪ 不列入,未達標,0,0,0 張,無,無,無
3526,凡甲,TPEx,270.5,0.5,,,,,,,,,,,0.0,0.0,,0.0,,,,False,False,False,0.0,0.0,False,,,,False,,⚪ 不列入,未達標,0,0,0 張,無,無,無
3527,聚積,TPEx,51.6,0.6,,,,,,,,,,,0.0,0.0,,0.0,,,,False,False,False,0.0,0.0,False,,,,False,,⚪ 不列入,未達標,0,0,0 張,無,無,無
3529,力旺,TPEx,3305.0,75.0,,,,,,,,,,,0.0,0.0,,0.0,,,,False,False,False,0.0,0.0,False,,,,False,,⚪ 不列入,未達標,0,0,0 張,無,無,無
3537,堡達,TPEx,52.6,-0.6,,,,,,,,,,,0.0,0.0,,0.0,,,,False,False,False,0.0,0.0,False,,,,False,,⚪ 不列入,未達標,0,0,0 張,無,無,無
3540,曜越,TPEx,22.7,-0.05,,,,,,,,,,,0.0,0.0,,0.0,,,,False,False,False,0.0,0.0,False,,,,False,,⚪ 不列入,未達標,0,0,0 張,無,無,無
3541,西柏,TPEx,24.45,-0.05,,,,,,,,,,,0.0,0.0,,0.0,,,,False,False,False,0.0,0.0,False,,,,False,,⚪ 不列入,未達標,0,0,0 張,無,無,無
3546,宇峻,TPEx,72.7,-0.4,,,,,,,,,,,0.0,0.0,,0.0,,,,False,False,False,0.0,0.0,False,,,,False,,⚪ 不列入,未達標,0,0,0 張,無,無,無
3548,兆利,TPEx,77.1,0.0,,,,,,,,,,,0.0,0.0,,0.0,,,,False,False,False,0.0,0.0,False,,,,False,,⚪ 不列入,未達標,0,0,0 張,無,無,無
3551,世禾,TPEx,186.5,4.0,,,,,,,,,,,0.0,0.0,,0.0,,,,False,False,False,0.0,0.0,False,,,,False,,⚪ 不列入,未達標,0,0,0 張,無,無,無
3552,同致,TPEx,43.45,-1.95,,,,,,,,,,,0.0,0.0,,0.0,,,,False,False,False,0.0,0.0,False,,,,False,,⚪ 不列入,未達標,0,0,0 張,無,無,無
3555,博士旺,TPEx,168.0,2.0,,,,,,,,,,,0.0,0.0,,0.0,,,,False,False,False,0.0,0.0,False,,,,False,,⚪ 不列入,未達標,0,0,0 張,無,無,無
3556,禾瑞亞,TPEx,57.9,0.4,,,,,,,,,,,0.0,0.0,,0.0,,,,False,False,False,0.0,0.0,False,,,,False,,⚪ 不列入,未達標,0,0,0 張,無,無,無
3558,神準,TPEx,124.5,2.5,,,,,,,,,,,0.0,0.0,,0.0,,,,False,False,False,0.0,0.0,False,,,,False,,⚪ 不列入,未達標,0,0,0 張,無,無,無
3564,其陽,TPEx,50.4,0.95,,,,,,,,,,,0.0,0.0,,0.0,,,,False,False,False,0.0,0.0,False,,,,False,,⚪ 不列入,未達標,0,0,0 張,無,無,無
3567,逸昌,TPEx,25.8,0.2,,,,,,,,,,,0.0,0.0,,0.0,,,,False,False,False,0.0,0.0,False,,,,False,,⚪ 不列入,未達標,0,0,0 張,無,無,無
3570,大塚,TPEx,167.0,-1.0,,,,,,,,,,,0.0,0.0,,0.0,,,,False,False,False,0.0,0.0,False,,,,False,,⚪ 不列入,未達標,0,0,0 張,無,無,無
3577,泓格,TPEx,122.0,8.0,,,,,,,,,,,0.0,0.0,,0.0,,,,False,False,False,0.0,0.0,False,,,,False,,⚪ 不列入,未達標,0,0,0 張,無,無,無
3580,友威科,TPEx,111.0,9.0,,,,,,,,,,,0.0,0.0,,0.0,,,,False,False,False,0.0,0.0,False,,,,False,,⚪ 不列入,未達標,0,0,0 張,無,無,無
3581,博磊,TPEx,106.5,2.5,,,,,,,,,,,0.0,0.0,,0.0,,,,False,False,False,0.0,0.0,False,,,,False,,⚪ 不列入,未達標,0,0,0 張,無,無,無
3587,閎康,TPEx,239.5,1.0,,,,,,,,,,,0.0,0.0,,0.0,,,,False,False,False,0.0,0.0,False,,,,False,,⚪ 不列入,未達標,0,0,0 張,無,無,無
3594,磐儀,TPEx,47.2,0.5,,,,,,,,,,,0.0,0.0,,0.0,,,,False,False,False,0.0,0.0,False,,,,False,,⚪ 不列入,未達標,0,0,0 張,無,無,無
3597,映興,TPEx,27.85,0.15,,,,,,,,,,,0.0,0.0,,0.0,,,,False,False,False,0.0,0.0,False,,,,False,,⚪ 不列入,未達標,0,0,0 張,無,無,無
3609,三一東林,TPEx,23.5,0.45,,,,,,,,,,,0.0,0.0,,0.0,,,,False,False,False,0.0,0.0,False,,,,False,,⚪ 不列入,未達標,0,0,0 張,無,無,無
3611,鼎翰,TPEx,183.0,0.0,,,,,,,,,,,0.0,0.0,,0.0,,,,False,False,False,0.0,0.0,False,,,,False,,⚪ 不列入,未達標,0,0,0 張,無,無,無
3615,安可,TPEx,41.65,3.75,,,,,,,,,,,0.0,0.0,,0.0,,,,False,False,False,0.0,0.0,False,,,,False,,⚪ 不列入,未達標,0,0,0 張,無,無,無
3623,富晶通,TPEx,29.15,0.85,,,,,,,,,,,0.0,0.0,,0.0,,,,False,False,False,0.0,0.0,False,,,,False,,⚪ 不列入,未達標,0,0,0 張,無,無,無
3624,光頡,TPEx,140.0,0.0,,,,,,,,,,,0.0,0.0,,0.0,,,,False,False,False,0.0,0.0,False,,,,False,,⚪ 不列入,未達標,0,0,0 張,無,無,無
3625,西勝,TPEx,11.2,-0.3,,,,,,,,,,,0.0,0.0,,0.0,,,,False,False,False,0.0,0.0,False,,,,False,,⚪ 不列入,未達標,0,0,0 張,無,無,無
3628,盈正,TPEx,72.9,-1.4,,,,,,,,,,,0.0,0.0,,0.0,,,,False,False,False,0.0,0.0,False,,,,False,,⚪ 不列入,未達標,0,0,0 張,無,無,無
3629,地心引力,TPEx,17.3,-0.9,,,,,,,,,,,0.0,0.0,,0.0,,,,False,False,False,0.0,0.0,False,,,,False,,⚪ 不列入,未達標,0,0,0 張,無,無,無
3630,新鉅科,TPEx,26.65,-0.35,,,,,,,,,,,0.0,0.0,,0.0,,,,False,False,False,0.0,0.0,False,,,,False,,⚪ 不列入,未達標,0,0,0 張,無,無,無
3631,晟楠,TPEx,39.95,-0.2,,,,,,,,,,,0.0,0.0,,0.0,,,,False,False,False,0.0,0.0,False,,,,False,,⚪ 不列入,未達標,0,0,0 張,無,無,無
3632,研勤,TPEx,7.19,-0.01,,,,,,,,,,,0.0,0.0,,0.0,,,,False,False,False,0.0,0.0,False,,,,False,,⚪ 不列入,未達標,0,0,0 張,無,無,無
3646,艾恩特,TPEx,24.8,0.05,,,,,,,,,,,0.0,0.0,,0.0,,,,False,False,False,0.0,0.0,False,,,,False,,⚪ 不列入,未達標,0,0,0 張,無,無,無
3663,鑫科,TPEx,62.4,0.9,,,,,,,,,,,0.0,0.0,,0.0,,,,False,False,False,0.0,0.0,False,,,,False,,⚪ 不列入,未達標,0,0,0 張,無,無,無
3664,安瑞-KY,TPEx,8.86,0.0,,,,,,,,,,,0.0,0.0,,0.0,,,,False,False,False,0.0,0.0,False,,,,False,,⚪ 不列入,未達標,0,0,0 張,無,無,無
3666,光耀,TPEx,25.3,0.1,,,,,,,,,,,0.0,0.0,,0.0,,,,False,False,False,0.0,0.0,False,,,,False,,⚪ 不列入,未達標,0,0,0 張,無,無,無
3672,康聯訊,TPEx,12.5,-0.1,,,,,,,,,,,0.0,0.0,,0.0,,,,False,False,False,0.0,0.0,False,,,,False,,⚪ 不列入,未達標,0,0,0 張,無,無,無
3675,德微,TPEx,334.0,-1.0,,,,,,,,,,,0.0,0.0,,0.0,,,,False,False,False,0.0,0.0,False,,,,False,,⚪ 不列入,未達標,0,0,0 張,無,無,無
3680,家登,TPEx,548.0,6.0,,,,,,,,,,,0.0,0.0,,0.0,,,,False,False,False,0.0,0.0,False,,,,False,,⚪ 不列入,未達標,0,0,0 張,無,無,無
3684,榮昌,TPEx,53.4,0.2,,,,,,,,,,,0.0,0.0,,0.0,,,,False,False,False,0.0,0.0,False,,,,False,,⚪ 不列入,未達標,0,0,0 張,無,無,無
3685,元創精密,TPEx,35.2,0.0,,,,,,,,,,,0.0,0.0,,0.0,,,,False,False,False,0.0,0.0,False,,,,False,,⚪ 不列入,未達標,0,0,0 張,無,無,無
3687,歐買尬,TPEx,60.3,0.0,,,,,,,,,,,0.0,0.0,,0.0,,,,False,False,False,0.0,0.0,False,,,,False,,⚪ 不列入,未達標,0,0,0 張,無,無,無
3689,湧德,TPEx,110.0,-0.5,,,,,,,,,,,0.0,0.0,,0.0,,,,False,False,False,0.0,0.0,False,,,,False,,⚪ 不列入,未達標,0,0,0 張,無,無,無
3691,碩禾,TPEx,118.5,-2.5,,,,,,,,,,,0.0,0.0,,0.0,,,,False,False,False,0.0,0.0,False,,,,False,,⚪ 不列入,未達標,0,0,0 張,無,無,無
3693,營邦,TPEx,702.0,-27.0,,,,,,,,,,,0.0,0.0,,0.0,,,,False,False,False,0.0,0.0,False,,,,False,,⚪ 不列入,未達標,0,0,0 張,無,無,無
3707,漢磊,TPEx,72.9,0.1,,,,,,,,,,,0.0,0.0,,0.0,,,,False,False,False,0.0,0.0,False,,,,False,,⚪ 不列入,未達標,0,0,0 張,無,無,無
3709,鑫聯大投控,TPEx,64.0,0.9,,,,,,,,,,,0.0,0.0,,0.0,,,,False,False,False,0.0,0.0,False,,,,False,,⚪ 不列入,未達標,0,0,0 張,無,無,無
3710,連展投控,TPEx,8.52,0.7,,,,,,,,,,,0.0,0.0,,0.0,,,,False,False,False,0.0,0.0,False,,,,False,,⚪ 不列入,未達標,0,0,0 張,無,無,無
3713,新晶投控,TPEx,13.9,-0.1,,,,,,,,,,,0.0,0.0,,0.0,,,,False,False,False,0.0,0.0,False,,,,False,,⚪ 不列入,未達標,0,0,0 張,無,無,無
3718,中光電投控,TPEx,64.6,-0.5,,,,,,,,,,,0.0,0.0,,0.0,,,,False,False,False,0.0,0.0,False,,,,False,,⚪ 不列入,未達標,0,0,0 張,無,無,無
4102,永日,TPEx,18.35,-0.15,,,,,,,,,,,0.0,0.0,,0.0,,,,False,False,False,0.0,0.0,False,,,,False,,⚪ 不列入,未達標,0,0,0 張,無,無,無
4105,東洋,TPEx,78.8,0.5,,,,,,,,,,,0.0,0.0,,0.0,,,,False,False,False,0.0,0.0,False,,,,False,,⚪ 不列入,未達標,0,0,0 張,無,無,無
4107,邦特,TPEx,110.5,0.5,,,,,,,,,,,0.0,0.0,,0.0,,,,False,False,False,0.0,0.0,False,,,,False,,⚪ 不列入,未達標,0,0,0 張,無,無,無
4109,加捷生醫,TPEx,11.05,0.0,,,,,,,,,,,0.0,0.0,,0.0,,,,False,False,False,0.0,0.0,False,,,,False,,⚪ 不列入,未達標,0,0,0 張,無,無,無
4111,濟生,TPEx,28.8,0.1,,,,,,,,,,,0.0,0.0,,0.0,,,,False,False,False,0.0,0.0,False,,,,False,,⚪ 不列入,未達標,0,0,0 張,無,無,無
4113,聯上,TPEx,15.55,0.0,,,,,,,,,,,0.0,0.0,,0.0,,,,False,False,False,0.0,0.0,False,,,,False,,⚪ 不列入,未達標,0,0,0 張,無,無,無
4114,健喬,TPEx,29.3,-0.1,,,,,,,,,,,0.0,0.0,,0.0,,,,False,False,False,0.0,0.0,False,,,,False,,⚪ 不列入,未達標,0,0,0 張,無,無,無
4116,明基醫,TPEx,39.4,0.1,,,,,,,,,,,0.0,0.0,,0.0,,,,False,False,False,0.0,0.0,False,,,,False,,⚪ 不列入,未達標,0,0,0 張,無,無,無
4120,友華,TPEx,46.1,0.1,,,,,,,,,,,0.0,0.0,,0.0,,,,False,False,False,0.0,0.0,False,,,,False,,⚪ 不列入,未達標,0,0,0 張,無,無,無
4121,優盛,TPEx,12.75,-0.05,,,,,,,,,,,0.0,0.0,,0.0,,,,False,False,False,0.0,0.0,False,,,,False,,⚪ 不列入,未達標,0,0,0 張,無,無,無
4123,晟德,TPEx,31.0,0.05,,,,,,,,,,,0.0,0.0,,0.0,,,,False,False,False,0.0,0.0,False,,,,False,,⚪ 不列入,未達標,0,0,0 張,無,無,無
4126,太醫,TPEx,77.9,0.1,,,,,,,,,,,0.0,0.0,,0.0,,,,False,False,False,0.0,0.0,False,,,,False,,⚪ 不列入,未達標,0,0,0 張,無,無,無
4127,天良,TPEx,47.5,-1.2,,,,,,,,,,,0.0,0.0,,0.0,,,,False,False,False,0.0,0.0,False,,,,False,,⚪ 不列入,未達標,0,0,0 張,無,無,無
4128,中天,TPEx,15.0,0.15,,,,,,,,,,,0.0,0.0,,0.0,,,,False,False,False,0.0,0.0,False,,,,False,,⚪ 不列入,未達標,0,0,0 張,無,無,無
4129,聯合,TPEx,82.9,0.6,,,,,,,,,,,0.0,0.0,,0.0,,,,False,False,False,0.0,0.0,False,,,,False,,⚪ 不列入,未達標,0,0,0 張,無,無,無
4131,浩泰,TPEx,31.95,-0.05,,,,,,,,,,,0.0,0.0,,0.0,,,,False,False,False,0.0,0.0,False,,,,False,,⚪ 不列入,未達標,0,0,0 張,無,無,無
4138,曜亞,TPEx,55.1,-1.2,,,,,,,,,,,0.0,0.0,,0.0,,,,False,False,False,0.0,0.0,False,,,,False,,⚪ 不列入,未達標,0,0,0 張,無,無,無
4139,馬光-KY,TPEx,41.65,0.1,,,,,,,,,,,0.0,0.0,,0.0,,,,False,False,False,0.0,0.0,False,,,,False,,⚪ 不列入,未達標,0,0,0 張,無,無,無
4147,中裕,TPEx,63.0,0.9,,,,,,,,,,,0.0,0.0,,0.0,,,,False,False,False,0.0,0.0,False,,,,False,,⚪ 不列入,未達標,0,0,0 張,無,無,無
4153,鈺緯,TPEx,31.5,-0.1,,,,,,,,,,,0.0,0.0,,0.0,,,,False,False,False,0.0,0.0,False,,,,False,,⚪ 不列入,未達標,0,0,0 張,無,無,無
4154,樂威科-KY,TPEx,12.9,1.05,,,,,,,,,,,0.0,0.0,,0.0,,,,False,False,False,0.0,0.0,False,,,,False,,⚪ 不列入,未達標,0,0,0 張,無,無,無
4157,太景*-KY,TPEx,8.68,-0.17,,,,,,,,,,,0.0,0.0,,0.0,,,,False,False,False,0.0,0.0,False,,,,False,,⚪ 不列入,未達標,0,0,0 張,無,無,無
4160,訊聯基因,TPEx,39.05,-0.4,,,,,,,,,,,0.0,0.0,,0.0,,,,False,False,False,0.0,0.0,False,,,,False,,⚪ 不列入,未達標,0,0,0 張,無,無,無
4161,聿新科,TPEx,22.05,-0.2,,,,,,,,,,,0.0,0.0,,0.0,,,,False,False,False,0.0,0.0,False,,,,False,,⚪ 不列入,未達標,0,0,0 張,無,無,無
4162,智擎,TPEx,55.4,-0.1,,,,,,,,,,,0.0,0.0,,0.0,,,,False,False,False,0.0,0.0,False,,,,False,,⚪ 不列入,未達標,0,0,0 張,無,無,無
4163,鐿鈦,TPEx,135.0,1.0,,,,,,,,,,,0.0,0.0,,0.0,,,,False,False,False,0.0,0.0,False,,,,False,,⚪ 不列入,未達標,0,0,0 張,無,無,無
4166,友霖,TPEx,23.85,-0.15,,,,,,,,,,,0.0,0.0,,0.0,,,,False,False,False,0.0,0.0,False,,,,False,,⚪ 不列入,未達標,0,0,0 張,無,無,無
4167,松瑞藥,TPEx,19.55,0.15,,,,,,,,,,,0.0,0.0,,0.0,,,,False,False,False,0.0,0.0,False,,,,False,,⚪ 不列入,未達標,0,0,0 張,無,無,無
4168,醣聯,TPEx,21.7,-0.25,,,,,,,,,,,0.0,0.0,,0.0,,,,False,False,False,0.0,0.0,False,,,,False,,⚪ 不列入,未達標,0,0,0 張,無,無,無
4171,瑞基,TPEx,16.5,0.25,,,,,,,,,,,0.0,0.0,,0.0,,,,False,False,False,0.0,0.0,False,,,,False,,⚪ 不列入,未達標,0,0,0 張,無,無,無
4173,久裕,TPEx,17.1,0.0,,,,,,,,,,,0.0,0.0,,0.0,,,,False,False,False,0.0,0.0,False,,,,False,,⚪ 不列入,未達標,0,0,0 張,無,無,無
4174,浩鼎,TPEx,35.65,3.2,,,,,,,,,,,0.0,0.0,,0.0,,,,False,False,False,0.0,0.0,False,,,,False,,⚪ 不列入,未達標,0,0,0 張,無,無,無
4175,杏一,TPEx,50.5,-0.5,,,,,,,,,,,0.0,0.0,,0.0,,,,False,False,False,0.0,0.0,False,,,,False,,⚪ 不列入,未達標,0,0,0 張,無,無,無
4183,福永生技,TPEx,13.95,0.65,,,,,,,,,,,0.0,0.0,,0.0,,,,False,False,False,0.0,0.0,False,,,,False,,⚪ 不列入,未達標,0,0,0 張,無,無,無
4188,安克,TPEx,13.9,-0.3,,,,,,,,,,,0.0,0.0,,0.0,,,,False,False,False,0.0,0.0,False,,,,False,,⚪ 不列入,未達標,0,0,0 張,無,無,無
4192,杏國,TPEx,18.45,0.3,,,,,,,,,,,0.0,0.0,,0.0,,,,False,False,False,0.0,0.0,False,,,,False,,⚪ 不列入,未達標,0,0,0 張,無,無,無
4198,欣大健康,TPEx,49.9,0.1,,,,,,,,,,,0.0,0.0,,0.0,,,,False,False,False,0.0,0.0,False,,,,False,,⚪ 不列入,未達標,0,0,0 張,無,無,無
4205,中華食,TPEx,68.5,0.0,,,,,,,,,,,0.0,0.0,,0.0,,,,False,False,False,0.0,0.0,False,,,,False,,⚪ 不列入,未達標,0,0,0 張,無,無,無
4207,環泰,TPEx,19.45,-0.1,,,,,,,,,,,0.0,0.0,,0.0,,,,False,False,False,0.0,0.0,False,,,,False,,⚪ 不列入,未達標,0,0,0 張,無,無,無
4303,信立,TPEx,33.4,-0.65,,,,,,,,,,,0.0,0.0,,0.0,,,,False,False,False,0.0,0.0,False,,,,False,,⚪ 不列入,未達標,0,0,0 張,無,無,無
4304,勝昱,TPEx,17.7,-0.3,,,,,,,,,,,0.0,0.0,,0.0,,,,False,False,False,0.0,0.0,False,,,,False,,⚪ 不列入,未達標,0,0,0 張,無,無,無
4305,世坤,TPEx,41.75,-0.2,,,,,,,,,,,0.0,0.0,,0.0,,,,False,False,False,0.0,0.0,False,,,,False,,⚪ 不列入,未達標,0,0,0 張,無,無,無
4401,東隆興,TPEx,13.85,0.2,,,,,,,,,,,0.0,0.0,,0.0,,,,False,False,False,0.0,0.0,False,,,,False,,⚪ 不列入,未達標,0,0,0 張,無,無,無
4402,郡都開發,TPEx,14.15,0.05,,,,,,,,,,,0.0,0.0,,0.0,,,,False,False,False,0.0,0.0,False,,,,False,,⚪ 不列入,未達標,0,0,0 張,無,無,無
4406,新昕纖,TPEx,10.25,0.0,,,,,,,,,,,0.0,0.0,,0.0,,,,False,False,False,0.0,0.0,False,,,,False,,⚪ 不列入,未達標,0,0,0 張,無,無,無
4413,飛寶企業,TPEx,20.5,-0.65,,,,,,,,,,,0.0,0.0,,0.0,,,,False,False,False,0.0,0.0,False,,,,False,,⚪ 不列入,未達標,0,0,0 張,無,無,無
4416,三圓,TPEx,13.75,0.05,,,,,,,,,,,0.0,0.0,,0.0,,,,False,False,False,0.0,0.0,False,,,,False,,⚪ 不列入,未達標,0,0,0 張,無,無,無
4417,金洲,TPEx,49.65,-0.15,,,,,,,,,,,0.0,0.0,,0.0,,,,False,False,False,0.0,0.0,False,,,,False,,⚪ 不列入,未達標,0,0,0 張,無,無,無
4419,皇家美食,TPEx,49.0,2.0,,,,,,,,,,,0.0,0.0,,0.0,,,,False,False,False,0.0,0.0,False,,,,False,,⚪ 不列入,未達標,0,0,0 張,無,無,無
4420,光明,TPEx,35.8,0.0,,,,,,,,,,,0.0,0.0,,0.0,,,,False,False,False,0.0,0.0,False,,,,False,,⚪ 不列入,未達標,0,0,0 張,無,無,無
4430,耀億,TPEx,17.8,0.5,,,,,,,,,,,0.0,0.0,,0.0,,,,False,False,False,0.0,0.0,False,,,,False,,⚪ 不列入,未達標,0,0,0 張,無,無,無
4432,銘旺實,TPEx,15.4,-0.1,,,,,,,,,,,0.0,0.0,,0.0,,,,False,False,False,0.0,0.0,False,,,,False,,⚪ 不列入,未達標,0,0,0 張,無,無,無
4433,興采,TPEx,18.05,-0.25,,,,,,,,,,,0.0,0.0,,0.0,,,,False,False,False,0.0,0.0,False,,,,False,,⚪ 不列入,未達標,0,0,0 張,無,無,無
4442,竣邦-KY,TPEx,53.2,-0.8,,,,,,,,,,,0.0,0.0,,0.0,,,,False,False,False,0.0,0.0,False,,,,False,,⚪ 不列入,未達標,0,0,0 張,無,無,無
4502,健信,TPEx,15.7,0.0,,,,,,,,,,,0.0,0.0,,0.0,,,,False,False,False,0.0,0.0,False,,,,False,,⚪ 不列入,未達標,0,0,0 張,無,無,無
4503,金雨,TPEx,24.0,-0.1,,,,,,,,,,,0.0,0.0,,0.0,,,,False,False,False,0.0,0.0,False,,,,False,,⚪ 不列入,未達標,0,0,0 張,無,無,無
4506,崇友,TPEx,118.0,-0.5,,,,,,,,,,,0.0,0.0,,0.0,,,,False,False,False,0.0,0.0,False,,,,False,,⚪ 不列入,未達標,0,0,0 張,無,無,無
4510,高鋒,TPEx,43.05,-0.05,,,,,,,,,,,0.0,0.0,,0.0,,,,False,False,False,0.0,0.0,False,,,,False,,⚪ 不列入,未達標,0,0,0 張,無,無,無
4513,福裕,TPEx,16.3,-0.15,,,,,,,,,,,0.0,0.0,,0.0,,,,False,False,False,0.0,0.0,False,,,,False,,⚪ 不列入,未達標,0,0,0 張,無,無,無
4523,永彰,TPEx,23.85,0.25,,,,,,,,,,,0.0,0.0,,0.0,,,,False,False,False,0.0,0.0,False,,,,False,,⚪ 不列入,未達標,0,0,0 張,無,無,無
4527,方土霖,TPEx,40.9,0.05,,,,,,,,,,,0.0,0.0,,0.0,,,,False,False,False,0.0,0.0,False,,,,False,,⚪ 不列入,未達標,0,0,0 張,無,無,無
4528,江興鍛,TPEx,14.85,-0.1,,,,,,,,,,,0.0,0.0,,0.0,,,,False,False,False,0.0,0.0,False,,,,False,,⚪ 不列入,未達標,0,0,0 張,無,無,無
4529,淳紳,TPEx,3.33,0.03,,,,,,,,,,,0.0,0.0,,0.0,,,,False,False,False,0.0,0.0,False,,,,False,,⚪ 不列入,未達標,0,0,0 張,無,無,無
4530,天意能創,TPEx,24.2,0.1,,,,,,,,,,,0.0,0.0,,0.0,,,,False,False,False,0.0,0.0,False,,,,False,,⚪ 不列入,未達標,0,0,0 張,無,無,無
4533,協易機,TPEx,25.5,0.35,,,,,,,,,,,0.0,0.0,,0.0,,,,False,False,False,0.0,0.0,False,,,,False,,⚪ 不列入,未達標,0,0,0 張,無,無,無
4534,慶騰,TPEx,31.3,-0.3,,,,,,,,,,,0.0,0.0,,0.0,,,,False,False,False,0.0,0.0,False,,,,False,,⚪ 不列入,未達標,0,0,0 張,無,無,無
4535,至興,TPEx,26.8,0.0,,,,,,,,,,,0.0,0.0,,0.0,,,,False,False,False,0.0,0.0,False,,,,False,,⚪ 不列入,未達標,0,0,0 張,無,無,無
4538,大詠城,TPEx,17.55,0.05,,,,,,,,,,,0.0,0.0,,0.0,,,,False,False,False,0.0,0.0,False,,,,False,,⚪ 不列入,未達標,0,0,0 張,無,無,無
4541,晟田,TPEx,59.3,0.0,,,,,,,,,,,0.0,0.0,,0.0,,,,False,False,False,0.0,0.0,False,,,,False,,⚪ 不列入,未達標,0,0,0 張,無,無,無
4542,科嶠,TPEx,339.0,11.0,,,,,,,,,,,0.0,0.0,,0.0,,,,False,False,False,0.0,0.0,False,,,,False,,⚪ 不列入,未達標,0,0,0 張,無,無,無
4543,萬在,TPEx,28.5,0.05,,,,,,,,,,,0.0,0.0,,0.0,,,,False,False,False,0.0,0.0,False,,,,False,,⚪ 不列入,未達標,0,0,0 張,無,無,無
4549,桓達,TPEx,96.2,-0.9,,,,,,,,,,,0.0,0.0,,0.0,,,,False,False,False,0.0,0.0,False,,,,False,,⚪ 不列入,未達標,0,0,0 張,無,無,無
4550,長佳,TPEx,24.15,0.15,,,,,,,,,,,0.0,0.0,,0.0,,,,False,False,False,0.0,0.0,False,,,,False,,⚪ 不列入,未達標,0,0,0 張,無,無,無
4554,橙的,TPEx,28.05,-0.2,,,,,,,,,,,0.0,0.0,,0.0,,,,False,False,False,0.0,0.0,False,,,,False,,⚪ 不列入,未達標,0,0,0 張,無,無,無
4556,旭然,TPEx,92.4,0.3,,,,,,,,,,,0.0,0.0,,0.0,,,,False,False,False,0.0,0.0,False,,,,False,,⚪ 不列入,未達標,0,0,0 張,無,無,無
4558,寶緯,TPEx,16.9,-0.2,,,,,,,,,,,0.0,0.0,,0.0,,,,False,False,False,0.0,0.0,False,,,,False,,⚪ 不列入,未達標,0,0,0 張,無,無,無
4561,健椿,TPEx,41.9,-0.4,,,,,,,,,,,0.0,0.0,,0.0,,,,False,False,False,0.0,0.0,False,,,,False,,⚪ 不列入,未達標,0,0,0 張,無,無,無
4563,百德,TPEx,51.4,0.2,,,,,,,,,,,0.0,0.0,,0.0,,,,False,False,False,0.0,0.0,False,,,,False,,⚪ 不列入,未達標,0,0,0 張,無,無,無
4568,科際精密,TPEx,39.05,-0.15,,,,,,,,,,,0.0,0.0,,0.0,,,,False,False,False,0.0,0.0,False,,,,False,,⚪ 不列入,未達標,0,0,0 張,無,無,無
4577,達航科技,TPEx,84.0,0.2,,,,,,,,,,,0.0,0.0,,0.0,,,,False,False,False,0.0,0.0,False,,,,False,,⚪ 不列入,未達標,0,0,0 張,無,無,無
4580,捷流閥業,TPEx,81.0,0.2,,,,,,,,,,,0.0,0.0,,0.0,,,,False,False,False,0.0,0.0,False,,,,False,,⚪ 不列入,未達標,0,0,0 張,無,無,無
4702,中美實,TPEx,9.32,-0.02,,,,,,,,,,,0.0,0.0,,0.0,,,,False,False,False,0.0,0.0,False,,,,False,,⚪ 不列入,未達標,0,0,0 張,無,無,無
4706,大恭,TPEx,33.85,-0.15,,,,,,,,,,,0.0,0.0,,0.0,,,,False,False,False,0.0,0.0,False,,,,False,,⚪ 不列入,未達標,0,0,0 張,無,無,無
4707,磐亞,TPEx,29.65,-0.35,,,,,,,,,,,0.0,0.0,,0.0,,,,False,False,False,0.0,0.0,False,,,,False,,⚪ 不列入,未達標,0,0,0 張,無,無,無
4711,永純,TPEx,16.2,-0.15,,,,,,,,,,,0.0,0.0,,0.0,,,,False,False,False,0.0,0.0,False,,,,False,,⚪ 不列入,未達標,0,0,0 張,無,無,無
4714,永捷,TPEx,11.8,-0.1,,,,,,,,,,,0.0,0.0,,0.0,,,,False,False,False,0.0,0.0,False,,,,False,,⚪ 不列入,未達標,0,0,0 張,無,無,無
4716,大立,TPEx,16.9,-0.15,,,,,,,,,,,0.0,0.0,,0.0,,,,False,False,False,0.0,0.0,False,,,,False,,⚪ 不列入,未達標,0,0,0 張,無,無,無
4721,美琪瑪,TPEx,79.8,2.4,,,,,,,,,,,0.0,0.0,,0.0,,,,False,False,False,0.0,0.0,False,,,,False,,⚪ 不列入,未達標,0,0,0 張,無,無,無
4726,永昕,TPEx,22.65,0.3,,,,,,,,,,,0.0,0.0,,0.0,,,,False,False,False,0.0,0.0,False,,,,False,,⚪ 不列入,未達標,0,0,0 張,無,無,無
4728,雙美,TPEx,399.5,4.5,,,,,,,,,,,0.0,0.0,,0.0,,,,False,False,False,0.0,0.0,False,,,,False,,⚪ 不列入,未達標,0,0,0 張,無,無,無
4729,熒茂,TPEx,18.8,0.0,,,,,,,,,,,0.0,0.0,,0.0,,,,False,False,False,0.0,0.0,False,,,,False,,⚪ 不列入,未達標,0,0,0 張,無,無,無
4735,豪展,TPEx,36.2,0.4,,,,,,,,,,,0.0,0.0,,0.0,,,,False,False,False,0.0,0.0,False,,,,False,,⚪ 不列入,未達標,0,0,0 張,無,無,無
4741,泓瀚,TPEx,40.05,2.25,,,,,,,,,,,0.0,0.0,,0.0,,,,False,False,False,0.0,0.0,False,,,,False,,⚪ 不列入,未達標,0,0,0 張,無,無,無
4743,合一,TPEx,45.7,0.95,,,,,,,,,,,0.0,0.0,,0.0,,,,False,False,False,0.0,0.0,False,,,,False,,⚪ 不列入,未達標,0,0,0 張,無,無,無
4744,皇將,TPEx,28.65,0.6,,,,,,,,,,,0.0,0.0,,0.0,,,,False,False,False,0.0,0.0,False,,,,False,,⚪ 不列入,未達標,0,0,0 張,無,無,無
4745,合富-KY,TPEx,12.1,0.15,,,,,,,,,,,0.0,0.0,,0.0,,,,False,False,False,0.0,0.0,False,,,,False,,⚪ 不列入,未達標,0,0,0 張,無,無,無
4747,強生*,TPEx,23.6,-0.2,,,,,,,,,,,0.0,0.0,,0.0,,,,False,False,False,0.0,0.0,False,,,,False,,⚪ 不列入,未達標,0,0,0 張,無,無,無
4749,新應材,TPEx,764.0,36.0,,,,,,,,,,,0.0,0.0,,0.0,,,,False,False,False,0.0,0.0,False,,,,False,,⚪ 不列入,未達標,0,0,0 張,無,無,無
4754,國碳科,TPEx,37.7,-0.1,,,,,,,,,,,0.0,0.0,,0.0,,,,False,False,False,0.0,0.0,False,,,,False,,⚪ 不列入,未達標,0,0,0 張,無,無,無
4760,勤凱,TPEx,260.0,-8.5,,,,,,,,,,,0.0,0.0,,0.0,,,,False,False,False,0.0,0.0,False,,,,False,,⚪ 不列入,未達標,0,0,0 張,無,無,無
4767,誠泰科技,TPEx,28.3,0.5,,,,,,,,,,,0.0,0.0,,0.0,,,,False,False,False,0.0,0.0,False,,,,False,,⚪ 不列入,未達標,0,0,0 張,無,無,無
4768,晶呈科技,TPEx,357.5,32.5,,,,,,,,,,,0.0,0.0,,0.0,,,,False,False,False,0.0,0.0,False,,,,False,,⚪ 不列入,未達標,0,0,0 張,無,無,無
4772,台特化,TPEx,271.0,22.5,,,,,,,,,,,0.0,0.0,,0.0,,,,False,False,False,0.0,0.0,False,,,,False,,⚪ 不列入,未達標,0,0,0 張,無,無,無
4903,聯光通,TPEx,42.8,-0.2,,,,,,,,,,,0.0,0.0,,0.0,,,,False,False,False,0.0,0.0,False,,,,False,,⚪ 不列入,未達標,0,0,0 張,無,無,無
4905,台聯電,TPEx,76.7,-0.9,,,,,,,,,,,0.0,0.0,,0.0,,,,False,False,False,0.0,0.0,False,,,,False,,⚪ 不列入,未達標,0,0,0 張,無,無,無
4907,富宇,TPEx,45.25,0.0,,,,,,,,,,,0.0,0.0,,0.0,,,,False,False,False,0.0,0.0,False,,,,False,,⚪ 不列入,未達標,0,0,0 張,無,無,無
4908,前鼎,TPEx,205.5,-4.5,,,,,,,,,,,0.0,0.0,,0.0,,,,False,False,False,0.0,0.0,False,,,,False,,⚪ 不列入,未達標,0,0,0 張,無,無,無
4909,新復興,TPEx,35.8,1.45,,,,,,,,,,,0.0,0.0,,0.0,,,,False,False,False,0.0,0.0,False,,,,False,,⚪ 不列入,未達標,0,0,0 張,無,無,無
4911,德英,TPEx,28.45,-0.4,,,,,,,,,,,0.0,0.0,,0.0,,,,False,False,False,0.0,0.0,False,,,,False,,⚪ 不列入,未達標,0,0,0 張,無,無,無
4923,力士,TPEx,61.2,-2.8,,,,,,,,,,,0.0,0.0,,0.0,,,,False,False,False,0.0,0.0,False,,,,False,,⚪ 不列入,未達標,0,0,0 張,無,無,無
4924,欣厚-KY,TPEx,15.0,-1.1,,,,,,,,,,,0.0,0.0,,0.0,,,,False,False,False,0.0,0.0,False,,,,False,,⚪ 不列入,未達標,0,0,0 張,無,無,無
4931,新盛力,TPEx,246.0,4.5,,,,,,,,,,,0.0,0.0,,0.0,,,,False,False,False,0.0,0.0,False,,,,False,,⚪ 不列入,未達標,0,0,0 張,無,無,無
4933,友輝,TPEx,53.4,0.1,,,,,,,,,,,0.0,0.0,,0.0,,,,False,False,False,0.0,0.0,False,,,,False,,⚪ 不列入,未達標,0,0,0 張,無,無,無
4939,亞電,TPEx,75.3,1.6,,,,,,,,,,,0.0,0.0,,0.0,,,,False,False,False,0.0,0.0,False,,,,False,,⚪ 不列入,未達標,0,0,0 張,無,無,無
4946,辣椒,TPEx,102.0,4.0,,,,,,,,,,,0.0,0.0,,0.0,,,,False,False,False,0.0,0.0,False,,,,False,,⚪ 不列入,未達標,0,0,0 張,無,無,無
4950,金耘國際,TPEx,15.55,-0.2,,,,,,,,,,,0.0,0.0,,0.0,,,,False,False,False,0.0,0.0,False,,,,False,,⚪ 不列入,未達標,0,0,0 張,無,無,無
4951,精拓科,TPEx,90.2,2.0,,,,,,,,,,,0.0,0.0,,0.0,,,,False,False,False,0.0,0.0,False,,,,False,,⚪ 不列入,未達標,0,0,0 張,無,無,無
4953,緯致,TPEx,116.5,-1.0,,,,,,,,,,,0.0,0.0,,0.0,,,,False,False,False,0.0,0.0,False,,,,False,,⚪ 不列入,未達標,0,0,0 張,無,無,無
4966,譜瑞-KY,TPEx,569.0,-3.0,,,,,,,,,,,0.0,0.0,,0.0,,,,False,False,False,0.0,0.0,False,,,,False,,⚪ 不列入,未達標,0,0,0 張,無,無,無
4971,IET-KY,TPEx,540.0,-12.0,,,,,,,,,,,0.0,0.0,,0.0,,,,False,False,False,0.0,0.0,False,,,,False,,⚪ 不列入,未達標,0,0,0 張,無,無,無
4972,湯石照明,TPEx,16.35,0.0,,,,,,,,,,,0.0,0.0,,0.0,,,,False,False,False,0.0,0.0,False,,,,False,,⚪ 不列入,未達標,0,0,0 張,無,無,無
4973,廣穎,TPEx,135.0,1.0,,,,,,,,,,,0.0,0.0,,0.0,,,,False,False,False,0.0,0.0,False,,,,False,,⚪ 不列入,未達標,0,0,0 張,無,無,無
4974,亞泰,TPEx,70.6,0.1,,,,,,,,,,,0.0,0.0,,0.0,,,,False,False,False,0.0,0.0,False,,,,False,,⚪ 不列入,未達標,0,0,0 張,無,無,無
4979,華星光,TPEx,567.0,4.0,,,,,,,,,,,0.0,0.0,,0.0,,,,False,False,False,0.0,0.0,False,,,,False,矽光子／CPO／光通訊,⚪ 不列入,未達標,0,0,0 張,無,無,無
4991,環宇-KY,TPEx,474.5,11.0,,,,,,,,,,,0.0,0.0,,0.0,,,,False,False,False,0.0,0.0,False,,,,False,,⚪ 不列入,未達標,0,0,0 張,無,無,無
4995,晶達,TPEx,50.1,0.3,,,,,,,,,,,0.0,0.0,,0.0,,,,False,False,False,0.0,0.0,False,,,,False,,⚪ 不列入,未達標,0,0,0 張,無,無,無
5009,榮剛,TPEx,32.6,0.6,,,,,,,,,,,0.0,0.0,,0.0,,,,False,False,False,0.0,0.0,False,,,,False,,⚪ 不列入,未達標,0,0,0 張,無,無,無
5011,久陽,TPEx,18.75,0.45,,,,,,,,,,,0.0,0.0,,0.0,,,,False,False,False,0.0,0.0,False,,,,False,,⚪ 不列入,未達標,0,0,0 張,無,無,無
5013,強新,TPEx,35.25,3.2,,,,,,,,,,,0.0,0.0,,0.0,,,,False,False,False,0.0,0.0,False,,,,False,,⚪ 不列入,未達標,0,0,0 張,無,無,無
5014,建錩,TPEx,10.2,0.29,,,,,,,,,,,0.0,0.0,,0.0,,,,False,False,False,0.0,0.0,False,,,,False,,⚪ 不列入,未達標,0,0,0 張,無,無,無
5015,華祺,TPEx,21.35,-0.15,,,,,,,,,,,0.0,0.0,,0.0,,,,False,False,False,0.0,0.0,False,,,,False,,⚪ 不列入,未達標,0,0,0 張,無,無,無
5016,松和,TPEx,24.8,0.15,,,,,,,,,,,0.0,0.0,,0.0,,,,False,False,False,0.0,0.0,False,,,,False,,⚪ 不列入,未達標,0,0,0 張,無,無,無
5201,凱衛,TPEx,29.55,0.25,,,,,,,,,,,0.0,0.0,,0.0,,,,False,False,False,0.0,0.0,False,,,,False,,⚪ 不列入,未達標,0,0,0 張,無,無,無
5202,力新,TPEx,14.25,-0.35,,,,,,,,,,,0.0,0.0,,0.0,,,,False,False,False,0.0,0.0,False,,,,False,,⚪ 不列入,未達標,0,0,0 張,無,無,無
5206,坤悅,TPEx,22.75,-0.1,,,,,,,,,,,0.0,0.0,,0.0,,,,False,False,False,0.0,0.0,False,,,,False,,⚪ 不列入,未達標,0,0,0 張,無,無,無
5209,新鼎,TPEx,166.5,0.0,,,,,,,,,,,0.0,0.0,,0.0,,,,False,False,False,0.0,0.0,False,,,,False,,⚪ 不列入,未達標,0,0,0 張,無,無,無
5210,寶碩,TPEx,30.25,0.3,,,,,,,,,,,0.0,0.0,,0.0,,,,False,False,False,0.0,0.0,False,,,,False,,⚪ 不列入,未達標,0,0,0 張,無,無,無
5211,蒙恬,TPEx,20.2,0.1,,,,,,,,,,,0.0,0.0,,0.0,,,,False,False,False,0.0,0.0,False,,,,False,,⚪ 不列入,未達標,0,0,0 張,無,無,無
5212,凌網,TPEx,48.9,0.9,,,,,,,,,,,0.0,0.0,,0.0,,,,False,False,False,0.0,0.0,False,,,,False,,⚪ 不列入,未達標,0,0,0 張,無,無,無
5213,亞昕,TPEx,20.8,0.0,,,,,,,,,,,0.0,0.0,,0.0,,,,False,False,False,0.0,0.0,False,,,,False,,⚪ 不列入,未達標,0,0,0 張,無,無,無
5220,萬達光電,TPEx,22.0,2.0,,,,,,,,,,,0.0,0.0,,0.0,,,,False,False,False,0.0,0.0,False,,,,False,,⚪ 不列入,未達標,0,0,0 張,無,無,無
5223,安力-KY,TPEx,23.0,0.35,,,,,,,,,,,0.0,0.0,,0.0,,,,False,False,False,0.0,0.0,False,,,,False,,⚪ 不列入,未達標,0,0,0 張,無,無,無
5227,立凱-KY,TPEx,30.65,0.55,,,,,,,,,,,0.0,0.0,,0.0,,,,False,False,False,0.0,0.0,False,,,,False,,⚪ 不列入,未達標,0,0,0 張,無,無,無
5228,鈺鎧,TPEx,39.35,-0.4,,,,,,,,,,,0.0,0.0,,0.0,,,,False,False,False,0.0,0.0,False,,,,False,,⚪ 不列入,未達標,0,0,0 張,無,無,無
5230,雷笛克光學,TPEx,22.15,-1.15,,,,,,,,,,,0.0,0.0,,0.0,,,,False,False,False,0.0,0.0,False,,,,False,,⚪ 不列入,未達標,0,0,0 張,無,無,無
5245,智晶,TPEx,20.6,-0.4,,,,,,,,,,,0.0,0.0,,0.0,,,,False,False,False,0.0,0.0,False,,,,False,,⚪ 不列入,未達標,0,0,0 張,無,無,無
5251,天鉞電,TPEx,30.0,-0.55,,,,,,,,,,,0.0,0.0,,0.0,,,,False,False,False,0.0,0.0,False,,,,False,,⚪ 不列入,未達標,0,0,0 張,無,無,無
5263,智崴,TPEx,89.6,-0.5,,,,,,,,,,,0.0,0.0,,0.0,,,,False,False,False,0.0,0.0,False,,,,False,,⚪ 不列入,未達標,0,0,0 張,無,無,無
5272,笙科,TPEx,17.15,-0.05,,,,,,,,,,,0.0,0.0,,0.0,,,,False,False,False,0.0,0.0,False,,,,False,,⚪ 不列入,未達標,0,0,0 張,無,無,無
5274,信驊,TPEx,19395.0,-440.0,,,,,,,,,,,0.0,0.0,,0.0,,,,False,False,False,0.0,0.0,False,,,,False,,⚪ 不列入,未達標,0,0,0 張,無,無,無
5278,尚凡*,TPEx,23.9,0.4,,,,,,,,,,,0.0,0.0,,0.0,,,,False,False,False,0.0,0.0,False,,,,False,,⚪ 不列入,未達標,0,0,0 張,無,無,無
5287,數字,TPEx,137.5,0.5,,,,,,,,,,,0.0,0.0,,0.0,,,,False,False,False,0.0,0.0,False,,,,False,,⚪ 不列入,未達標,0,0,0 張,無,無,無
5289,宜鼎,TPEx,1280.0,-25.0,,,,,,,,,,,0.0,0.0,,0.0,,,,False,False,False,0.0,0.0,False,,,,False,,⚪ 不列入,未達標,0,0,0 張,無,無,無
5291,邑昇,TPEx,58.8,1.5,,,,,,,,,,,0.0,0.0,,0.0,,,,False,False,False,0.0,0.0,False,,,,False,,⚪ 不列入,未達標,0,0,0 張,無,無,無
5299,杰力,TPEx,100.0,-1.5,,,,,,,,,,,0.0,0.0,,0.0,,,,False,False,False,0.0,0.0,False,,,,False,,⚪ 不列入,未達標,0,0,0 張,無,無,無
5301,寶得利,TPEx,4.99,0.03,,,,,,,,,,,0.0,0.0,,0.0,,,,False,False,False,0.0,0.0,False,,,,False,,⚪ 不列入,未達標,0,0,0 張,無,無,無
5302,太欣,TPEx,9.72,-0.08,,,,,,,,,,,0.0,0.0,,0.0,,,,False,False,False,0.0,0.0,False,,,,False,,⚪ 不列入,未達標,0,0,0 張,無,無,無
5309,系統電,TPEx,59.1,5.3,,,,,,,,,,,0.0,0.0,,0.0,,,,False,False,False,0.0,0.0,False,,,,False,,⚪ 不列入,未達標,0,0,0 張,無,無,無
5310,天剛,TPEx,29.0,1.05,,,,,,,,,,,0.0,0.0,,0.0,,,,False,False,False,0.0,0.0,False,,,,False,,⚪ 不列入,未達標,0,0,0 張,無,無,無
5312,寶島科,TPEx,89.9,-0.6,,,,,,,,,,,0.0,0.0,,0.0,,,,False,False,False,0.0,0.0,False,,,,False,,⚪ 不列入,未達標,0,0,0 張,無,無,無
5314,世紀*,TPEx,27.45,1.05,,,,,,,,,,,0.0,0.0,,0.0,,,,False,False,False,0.0,0.0,False,,,,False,,⚪ 不列入,未達標,0,0,0 張,無,無,無
5315,光聯,TPEx,18.7,-0.15,,,,,,,,,,,0.0,0.0,,0.0,,,,False,False,False,0.0,0.0,False,,,,False,,⚪ 不列入,未達標,0,0,0 張,無,無,無
5321,美而快,TPEx,67.5,-2.2,,,,,,,,,,,0.0,0.0,,0.0,,,,False,False,False,0.0,0.0,False,,,,False,,⚪ 不列入,未達標,0,0,0 張,無,無,無
5324,士開,TPEx,12.4,-0.05,,,,,,,,,,,0.0,0.0,,0.0,,,,False,False,False,0.0,0.0,False,,,,False,,⚪ 不列入,未達標,0,0,0 張,無,無,無
5328,華容,TPEx,52.3,-0.2,,,,,,,,,,,0.0,0.0,,0.0,,,,False,False,False,0.0,0.0,False,,,,False,,⚪ 不列入,未達標,0,0,0 張,無,無,無
5340,建榮,TPEx,80.5,-0.8,,,,,,,,,,,0.0,0.0,,0.0,,,,False,False,False,0.0,0.0,False,,,,False,,⚪ 不列入,未達標,0,0,0 張,無,無,無
5344,立衛,TPEx,13.35,-0.25,,,,,,,,,,,0.0,0.0,,0.0,,,,False,False,False,0.0,0.0,False,,,,False,,⚪ 不列入,未達標,0,0,0 張,無,無,無
5345,馥鴻,TPEx,22.0,0.35,,,,,,,,,,,0.0,0.0,,0.0,,,,False,False,False,0.0,0.0,False,,,,False,,⚪ 不列入,未達標,0,0,0 張,無,無,無
5347,世界,TPEx,178.5,8.0,,,,,,,,,,,0.0,0.0,,0.0,,,,False,False,False,0.0,0.0,False,,,,False,,⚪ 不列入,未達標,0,0,0 張,無,無,無
5348,正能量智能,TPEx,16.35,0.1,,,,,,,,,,,0.0,0.0,,0.0,,,,False,False,False,0.0,0.0,False,,,,False,,⚪ 不列入,未達標,0,0,0 張,無,無,無
5351,鈺創,TPEx,109.5,1.5,,,,,,,,,,,0.0,0.0,,0.0,,,,False,False,False,0.0,0.0,False,,,,False,,⚪ 不列入,未達標,0,0,0 張,無,無,無
5353,台林,TPEx,28.45,0.3,,,,,,,,,,,0.0,0.0,,0.0,,,,False,False,False,0.0,0.0,False,,,,False,,⚪ 不列入,未達標,0,0,0 張,無,無,無
5355,佳總,TPEx,7.0,0.2,,,,,,,,,,,0.0,0.0,,0.0,,,,False,False,False,0.0,0.0,False,,,,False,,⚪ 不列入,未達標,0,0,0 張,無,無,無
5356,協益,TPEx,25.5,-0.35,,,,,,,,,,,0.0,0.0,,0.0,,,,False,False,False,0.0,0.0,False,,,,False,,⚪ 不列入,未達標,0,0,0 張,無,無,無
5364,力麗店,TPEx,8.35,0.02,,,,,,,,,,,0.0,0.0,,0.0,,,,False,False,False,0.0,0.0,False,,,,False,,⚪ 不列入,未達標,0,0,0 張,無,無,無
5381,光譜,TPEx,23.2,-0.05,,,,,,,,,,,0.0,0.0,,0.0,,,,False,False,False,0.0,0.0,False,,,,False,,⚪ 不列入,未達標,0,0,0 張,無,無,無
5386,青雲,TPEx,285.0,0.0,,,,,,,,,,,0.0,0.0,,0.0,,,,False,False,False,0.0,0.0,False,,,,False,,⚪ 不列入,未達標,0,0,0 張,無,無,無
5392,能率,TPEx,39.4,0.05,,,,,,,,,,,0.0,0.0,,0.0,,,,False,False,False,0.0,0.0,False,,,,False,,⚪ 不列入,未達標,0,0,0 張,無,無,無
5398,慕康生醫,TPEx,13.9,0.0,,,,,,,,,,,0.0,0.0,,0.0,,,,False,False,False,0.0,0.0,False,,,,False,,⚪ 不列入,未達標,0,0,0 張,無,無,無
5403,中菲,TPEx,92.9,-0.1,,,,,,,,,,,0.0,0.0,,0.0,,,,False,False,False,0.0,0.0,False,,,,False,,⚪ 不列入,未達標,0,0,0 張,無,無,無
5410,國眾,TPEx,33.2,0.2,,,,,,,,,,,0.0,0.0,,0.0,,,,False,False,False,0.0,0.0,False,,,,False,,⚪ 不列入,未達標,0,0,0 張,無,無,無
5425,台半,TPEx,95.8,1.3,,,,,,,,,,,0.0,0.0,,0.0,,,,False,False,False,0.0,0.0,False,,,,False,,⚪ 不列入,未達標,0,0,0 張,無,無,無
5426,振發,TPEx,27.8,-0.1,,,,,,,,,,,0.0,0.0,,0.0,,,,False,False,False,0.0,0.0,False,,,,False,,⚪ 不列入,未達標,0,0,0 張,無,無,無
5432,新門,TPEx,160.5,-7.0,,,,,,,,,,,0.0,0.0,,0.0,,,,False,False,False,0.0,0.0,False,,,,False,,⚪ 不列入,未達標,0,0,0 張,無,無,無
5438,東友,TPEx,17.0,-0.1,,,,,,,,,,,0.0,0.0,,0.0,,,,False,False,False,0.0,0.0,False,,,,False,,⚪ 不列入,未達標,0,0,0 張,無,無,無
5439,高技,TPEx,253.0,0.0,,,,,,,,,,,0.0,0.0,,0.0,,,,False,False,False,0.0,0.0,False,,,,False,,⚪ 不列入,未達標,0,0,0 張,無,無,無
5443,均豪,TPEx,109.5,2.5,,,,,,,,,,,0.0,0.0,,0.0,,,,False,False,False,0.0,0.0,False,,,,False,,⚪ 不列入,未達標,0,0,0 張,無,無,無
5450,南良,TPEx,14.75,-0.1,,,,,,,,,,,0.0,0.0,,0.0,,,,False,False,False,0.0,0.0,False,,,,False,,⚪ 不列入,未達標,0,0,0 張,無,無,無
5452,佶優,TPEx,27.15,-0.35,,,,,,,,,,,0.0,0.0,,0.0,,,,False,False,False,0.0,0.0,False,,,,False,,⚪ 不列入,未達標,0,0,0 張,無,無,無
5455,昇益,TPEx,30.7,0.15,,,,,,,,,,,0.0,0.0,,0.0,,,,False,False,False,0.0,0.0,False,,,,False,,⚪ 不列入,未達標,0,0,0 張,無,無,無
5457,宣德,TPEx,23.5,-0.35,,,,,,,,,,,0.0,0.0,,0.0,,,,False,False,False,0.0,0.0,False,,,,False,,⚪ 不列入,未達標,0,0,0 張,無,無,無
5460,同協,TPEx,16.9,0.05,,,,,,,,,,,0.0,0.0,,0.0,,,,False,False,False,0.0,0.0,False,,,,False,,⚪ 不列入,未達標,0,0,0 張,無,無,無
5464,霖宏,TPEx,90.0,1.1,,,,,,,,,,,0.0,0.0,,0.0,,,,False,False,False,0.0,0.0,False,,,,False,,⚪ 不列入,未達標,0,0,0 張,無,無,無
5465,富驊,TPEx,34.7,0.5,,,,,,,,,,,0.0,0.0,,0.0,,,,False,False,False,0.0,0.0,False,,,,False,,⚪ 不列入,未達標,0,0,0 張,無,無,無
5468,凱鈺,TPEx,25.55,1.0,,,,,,,,,,,0.0,0.0,,0.0,,,,False,False,False,0.0,0.0,False,,,,False,,⚪ 不列入,未達標,0,0,0 張,無,無,無
5474,聰泰,TPEx,158.0,-3.0,,,,,,,,,,,0.0,0.0,,0.0,,,,False,False,False,0.0,0.0,False,,,,False,,⚪ 不列入,未達標,0,0,0 張,無,無,無
5475,德宏,TPEx,180.5,-0.5,,,,,,,,,,,0.0,0.0,,0.0,,,,False,False,False,0.0,0.0,False,,,,False,,⚪ 不列入,未達標,0,0,0 張,無,無,無
5478,智冠,TPEx,97.0,0.0,,,,,,,,,,,0.0,0.0,,0.0,,,,False,False,False,0.0,0.0,False,,,,False,,⚪ 不列入,未達標,0,0,0 張,無,無,無
5481,新華,TPEx,22.0,0.1,,,,,,,,,,,0.0,0.0,,0.0,,,,False,False,False,0.0,0.0,False,,,,False,,⚪ 不列入,未達標,0,0,0 張,無,無,無
5483,中美晶,TPEx,189.0,0.5,,,,,,,,,,,0.0,0.0,,0.0,,,,False,False,False,0.0,0.0,False,,,,False,,⚪ 不列入,未達標,0,0,0 張,無,無,無
5487,通泰,TPEx,28.5,-0.35,,,,,,,,,,,0.0,0.0,,0.0,,,,False,False,False,0.0,0.0,False,,,,False,,⚪ 不列入,未達標,0,0,0 張,無,無,無
5488,松普,TPEx,11.75,-0.1,,,,,,,,,,,0.0,0.0,,0.0,,,,False,False,False,0.0,0.0,False,,,,False,,⚪ 不列入,未達標,0,0,0 張,無,無,無
5489,彩富,TPEx,42.2,-1.8,,,,,,,,,,,0.0,0.0,,0.0,,,,False,False,False,0.0,0.0,False,,,,False,,⚪ 不列入,未達標,0,0,0 張,無,無,無
5490,同亨,TPEx,25.45,0.0,,,,,,,,,,,0.0,0.0,,0.0,,,,False,False,False,0.0,0.0,False,,,,False,,⚪ 不列入,未達標,0,0,0 張,無,無,無
5493,三聯,TPEx,90.6,-2.2,,,,,,,,,,,0.0,0.0,,0.0,,,,False,False,False,0.0,0.0,False,,,,False,,⚪ 不列入,未達標,0,0,0 張,無,無,無
5498,凱崴,TPEx,49.85,-0.25,,,,,,,,,,,0.0,0.0,,0.0,,,,False,False,False,0.0,0.0,False,,,,False,,⚪ 不列入,未達標,0,0,0 張,無,無,無
5508,永信建,TPEx,53.0,-0.2,,,,,,,,,,,0.0,0.0,,0.0,,,,False,False,False,0.0,0.0,False,,,,False,,⚪ 不列入,未達標,0,0,0 張,無,無,無
5511,德昌,TPEx,69.7,-0.4,,,,,,,,,,,0.0,0.0,,0.0,,,,False,False,False,0.0,0.0,False,,,,False,,⚪ 不列入,未達標,0,0,0 張,無,無,無
5512,力麒,TPEx,7.7,-0.01,,,,,,,,,,,0.0,0.0,,0.0,,,,False,False,False,0.0,0.0,False,,,,False,,⚪ 不列入,未達標,0,0,0 張,無,無,無
5514,三豐,TPEx,15.1,0.2,,,,,,,,,,,0.0,0.0,,0.0,,,,False,False,False,0.0,0.0,False,,,,False,,⚪ 不列入,未達標,0,0,0 張,無,無,無
5516,雙喜,TPEx,12.0,-0.35,,,,,,,,,,,0.0,0.0,,0.0,,,,False,False,False,0.0,0.0,False,,,,False,,⚪ 不列入,未達標,0,0,0 張,無,無,無
5520,力泰,TPEx,83.2,0.0,,,,,,,,,,,0.0,0.0,,0.0,,,,False,False,False,0.0,0.0,False,,,,False,,⚪ 不列入,未達標,0,0,0 張,無,無,無
5523,豐謙,TPEx,30.35,0.0,,,,,,,,,,,0.0,0.0,,0.0,,,,False,False,False,0.0,0.0,False,,,,False,,⚪ 不列入,未達標,0,0,0 張,無,無,無
5529,鉅陞,TPEx,26.5,0.25,,,,,,,,,,,0.0,0.0,,0.0,,,,False,False,False,0.0,0.0,False,,,,False,,⚪ 不列入,未達標,0,0,0 張,無,無,無
5530,龍巖,TPEx,48.75,-0.1,,,,,,,,,,,0.0,0.0,,0.0,,,,False,False,False,0.0,0.0,False,,,,False,,⚪ 不列入,未達標,0,0,0 張,無,無,無
5536,聖暉*,TPEx,902.0,0.0,,,,,,,,,,,0.0,0.0,,0.0,,,,False,False,False,0.0,0.0,False,,,,False,,⚪ 不列入,未達標,0,0,0 張,無,無,無
5543,桓鼎-KY,TPEx,26.95,-0.05,,,,,,,,,,,0.0,0.0,,0.0,,,,False,False,False,0.0,0.0,False,,,,False,,⚪ 不列入,未達標,0,0,0 張,無,無,無
5547,久舜,TPEx,20.0,0.1,,,,,,,,,,,0.0,0.0,,0.0,,,,False,False,False,0.0,0.0,False,,,,False,,⚪ 不列入,未達標,0,0,0 張,無,無,無
5548,安倉,TPEx,20.2,0.0,,,,,,,,,,,0.0,0.0,,0.0,,,,False,False,False,0.0,0.0,False,,,,False,,⚪ 不列入,未達標,0,0,0 張,無,無,無
5601,台聯櫃,TPEx,28.9,-0.1,,,,,,,,,,,0.0,0.0,,0.0,,,,False,False,False,0.0,0.0,False,,,,False,,⚪ 不列入,未達標,0,0,0 張,無,無,無
5603,陸海,TPEx,13.4,-0.15,,,,,,,,,,,0.0,0.0,,0.0,,,,False,False,False,0.0,0.0,False,,,,False,,⚪ 不列入,未達標,0,0,0 張,無,無,無
5604,中連,TPEx,30.95,-0.25,,,,,,,,,,,0.0,0.0,,0.0,,,,False,False,False,0.0,0.0,False,,,,False,,⚪ 不列入,未達標,0,0,0 張,無,無,無
5609,中菲行,TPEx,78.2,-0.4,,,,,,,,,,,0.0,0.0,,0.0,,,,False,False,False,0.0,0.0,False,,,,False,,⚪ 不列入,未達標,0,0,0 張,無,無,無
5701,劍湖山,TPEx,4.07,-0.08,,,,,,,,,,,0.0,0.0,,0.0,,,,False,False,False,0.0,0.0,False,,,,False,,⚪ 不列入,未達標,0,0,0 張,無,無,無
5704,老爺知,TPEx,22.5,-0.1,,,,,,,,,,,0.0,0.0,,0.0,,,,False,False,False,0.0,0.0,False,,,,False,,⚪ 不列入,未達標,0,0,0 張,無,無,無
5864,致和證,TPEx,36.9,0.1,,,,,,,,,,,0.0,0.0,,0.0,,,,False,False,False,0.0,0.0,False,,,,False,,⚪ 不列入,未達標,0,0,0 張,無,無,無
5878,台名,TPEx,37.9,-0.2,,,,,,,,,,,0.0,0.0,,0.0,,,,False,False,False,0.0,0.0,False,,,,False,,⚪ 不列入,未達標,0,0,0 張,無,無,無
5902,德記,TPEx,34.2,-0.05,,,,,,,,,,,0.0,0.0,,0.0,,,,False,False,False,0.0,0.0,False,,,,False,,⚪ 不列入,未達標,0,0,0 張,無,無,無
5903,全家,TPEx,186.5,-0.5,,,,,,,,,,,0.0,0.0,,0.0,,,,False,False,False,0.0,0.0,False,,,,False,,⚪ 不列入,未達標,0,0,0 張,無,無,無
5904,寶雅*,TPEx,68.8,-0.5,,,,,,,,,,,0.0,0.0,,0.0,,,,False,False,False,0.0,0.0,False,,,,False,,⚪ 不列入,未達標,0,0,0 張,無,無,無
5905,南仁湖,TPEx,7.4,0.14,,,,,,,,,,,0.0,0.0,,0.0,,,,False,False,False,0.0,0.0,False,,,,False,,⚪ 不列入,未達標,0,0,0 張,無,無,無
6015,宏遠證,TPEx,17.4,-0.2,,,,,,,,,,,0.0,0.0,,0.0,,,,False,False,False,0.0,0.0,False,,,,False,,⚪ 不列入,未達標,0,0,0 張,無,無,無
6016,康和證,TPEx,23.5,-0.1,,,,,,,,,,,0.0,0.0,,0.0,,,,False,False,False,0.0,0.0,False,,,,False,,⚪ 不列入,未達標,0,0,0 張,無,無,無
6020,大展證,TPEx,20.5,0.0,,,,,,,,,,,0.0,0.0,,0.0,,,,False,False,False,0.0,0.0,False,,,,False,,⚪ 不列入,未達標,0,0,0 張,無,無,無
6021,美好證,TPEx,41.1,-0.7,,,,,,,,,,,0.0,0.0,,0.0,,,,False,False,False,0.0,0.0,False,,,,False,,⚪ 不列入,未達標,0,0,0 張,無,無,無
6023,元大期,TPEx,86.0,-0.4,,,,,,,,,,,0.0,0.0,,0.0,,,,False,False,False,0.0,0.0,False,,,,False,,⚪ 不列入,未達標,0,0,0 張,無,無,無
6026,福邦證,TPEx,15.9,0.05,,,,,,,,,,,0.0,0.0,,0.0,,,,False,False,False,0.0,0.0,False,,,,False,,⚪ 不列入,未達標,0,0,0 張,無,無,無
6028,公勝保經,TPEx,98.8,-0.4,,,,,,,,,,,0.0,0.0,,0.0,,,,False,False,False,0.0,0.0,False,,,,False,,⚪ 不列入,未達標,0,0,0 張,無,無,無
6101,寬魚國際,TPEx,37.25,-0.7,,,,,,,,,,,0.0,0.0,,0.0,,,,False,False,False,0.0,0.0,False,,,,False,,⚪ 不列入,未達標,0,0,0 張,無,無,無
6103,合邦,TPEx,41.8,0.9,,,,,,,,,,,0.0,0.0,,0.0,,,,False,False,False,0.0,0.0,False,,,,False,,⚪ 不列入,未達標,0,0,0 張,無,無,無
6104,創惟,TPEx,91.0,1.0,,,,,,,,,,,0.0,0.0,,0.0,,,,False,False,False,0.0,0.0,False,,,,False,,⚪ 不列入,未達標,0,0,0 張,無,無,無
6109,亞元,TPEx,10.35,-0.1,,,,,,,,,,,0.0,0.0,,0.0,,,,False,False,False,0.0,0.0,False,,,,False,,⚪ 不列入,未達標,0,0,0 張,無,無,無
6111,光聚晶電,TPEx,37.8,0.75,,,,,,,,,,,0.0,0.0,,0.0,,,,False,False,False,0.0,0.0,False,,,,False,,⚪ 不列入,未達標,0,0,0 張,無,無,無
6113,亞矽,TPEx,22.15,-0.05,,,,,,,,,,,0.0,0.0,,0.0,,,,False,False,False,0.0,0.0,False,,,,False,,⚪ 不列入,未達標,0,0,0 張,無,無,無
6114,久威,TPEx,23.25,-0.05,,,,,,,,,,,0.0,0.0,,0.0,,,,False,False,False,0.0,0.0,False,,,,False,,⚪ 不列入,未達標,0,0,0 張,無,無,無
6118,建達,TPEx,15.95,-0.05,,,,,,,,,,,0.0,0.0,,0.0,,,,False,False,False,0.0,0.0,False,,,,False,,⚪ 不列入,未達標,0,0,0 張,無,無,無
6121,新普,TPEx,379.5,3.5,,,,,,,,,,,0.0,0.0,,0.0,,,,False,False,False,0.0,0.0,False,,,,False,,⚪ 不列入,未達標,0,0,0 張,無,無,無
6122,擎邦,TPEx,59.7,1.5,,,,,,,,,,,0.0,0.0,,0.0,,,,False,False,False,0.0,0.0,False,,,,False,,⚪ 不列入,未達標,0,0,0 張,無,無,無
6123,上奇,TPEx,43.2,0.35,,,,,,,,,,,0.0,0.0,,0.0,,,,False,False,False,0.0,0.0,False,,,,False,,⚪ 不列入,未達標,0,0,0 張,無,無,無
6124,業強,TPEx,27.45,0.0,,,,,,,,,,,0.0,0.0,,0.0,,,,False,False,False,0.0,0.0,False,,,,False,,⚪ 不列入,未達標,0,0,0 張,無,無,無
6125,廣運,TPEx,49.25,0.65,,,,,,,,,,,0.0,0.0,,0.0,,,,False,False,False,0.0,0.0,False,,,,False,,⚪ 不列入,未達標,0,0,0 張,無,無,無
6126,信音,TPEx,30.8,0.1,,,,,,,,,,,0.0,0.0,,0.0,,,,False,False,False,0.0,0.0,False,,,,False,,⚪ 不列入,未達標,0,0,0 張,無,無,無
6127,九豪,TPEx,51.0,3.2,,,,,,,,,,,0.0,0.0,,0.0,,,,False,False,False,0.0,0.0,False,,,,False,,⚪ 不列入,未達標,0,0,0 張,無,無,無
6129,普誠,TPEx,14.65,-0.1,,,,,,,,,,,0.0,0.0,,0.0,,,,False,False,False,0.0,0.0,False,,,,False,,⚪ 不列入,未達標,0,0,0 張,無,無,無
6130,上亞科技,TPEx,23.8,0.4,,,,,,,,,,,0.0,0.0,,0.0,,,,False,False,False,0.0,0.0,False,,,,False,,⚪ 不列入,未達標,0,0,0 張,無,無,無
6134,萬旭,TPEx,29.25,0.05,,,,,,,,,,,0.0,0.0,,0.0,,,,False,False,False,0.0,0.0,False,,,,False,,⚪ 不列入,未達標,0,0,0 張,無,無,無
6138,茂達,TPEx,278.5,-0.5,,,,,,,,,,,0.0,0.0,,0.0,,,,False,False,False,0.0,0.0,False,,,,False,,⚪ 不列入,未達標,0,0,0 張,無,無,無
6140,訊達,TPEx,20.75,-0.45,,,,,,,,,,,0.0,0.0,,0.0,,,,False,False,False,0.0,0.0,False,,,,False,,⚪ 不列入,未達標,0,0,0 張,無,無,無
6143,振曜,TPEx,81.0,-0.5,,,,,,,,,,,0.0,0.0,,0.0,,,,False,False,False,0.0,0.0,False,,,,False,,⚪ 不列入,未達標,0,0,0 張,無,無,無
6144,得利影,TPEx,12.55,0.0,,,,,,,,,,,0.0,0.0,,0.0,,,,False,False,False,0.0,0.0,False,,,,False,,⚪ 不列入,未達標,0,0,0 張,無,無,無
6146,耕興,TPEx,180.0,-1.0,,,,,,,,,,,0.0,0.0,,0.0,,,,False,False,False,0.0,0.0,False,,,,False,,⚪ 不列入,未達標,0,0,0 張,無,無,無
6147,頎邦,TPEx,208.5,-5.0,,,,,,,,,,,0.0,0.0,,0.0,,,,False,False,False,0.0,0.0,False,,,,False,,⚪ 不列入,未達標,0,0,0 張,無,無,無
6148,驊宏資,TPEx,38.5,-0.7,,,,,,,,,,,0.0,0.0,,0.0,,,,False,False,False,0.0,0.0,False,,,,False,,⚪ 不列入,未達標,0,0,0 張,無,無,無
6150,撼訊,TPEx,62.1,1.2,,,,,,,,,,,0.0,0.0,,0.0,,,,False,False,False,0.0,0.0,False,,,,False,,⚪ 不列入,未達標,0,0,0 張,無,無,無
6151,晉倫,TPEx,34.75,-0.25,,,,,,,,,,,0.0,0.0,,0.0,,,,False,False,False,0.0,0.0,False,,,,False,,⚪ 不列入,未達標,0,0,0 張,無,無,無
6154,順發,TPEx,14.15,-0.05,,,,,,,,,,,0.0,0.0,,0.0,,,,False,False,False,0.0,0.0,False,,,,False,,⚪ 不列入,未達標,0,0,0 張,無,無,無
6156,松上,TPEx,21.65,0.65,,,,,,,,,,,0.0,0.0,,0.0,,,,False,False,False,0.0,0.0,False,,,,False,,⚪ 不列入,未達標,0,0,0 張,無,無,無
6158,禾昌,TPEx,17.25,-0.1,,,,,,,,,,,0.0,0.0,,0.0,,,,False,False,False,0.0,0.0,False,,,,False,,⚪ 不列入,未達標,0,0,0 張,無,無,無
6160,欣技,TPEx,13.9,0.0,,,,,,,,,,,0.0,0.0,,0.0,,,,False,False,False,0.0,0.0,False,,,,False,,⚪ 不列入,未達標,0,0,0 張,無,無,無
6161,捷波,TPEx,49.0,-0.15,,,,,,,,,,,0.0,0.0,,0.0,,,,False,False,False,0.0,0.0,False,,,,False,,⚪ 不列入,未達標,0,0,0 張,無,無,無
6163,華電網,TPEx,41.5,0.1,,,,,,,,,,,0.0,0.0,,0.0,,,,False,False,False,0.0,0.0,False,,,,False,,⚪ 不列入,未達標,0,0,0 張,無,無,無
6167,久正,TPEx,10.2,-0.15,,,,,,,,,,,0.0,0.0,,0.0,,,,False,False,False,0.0,0.0,False,,,,False,,⚪ 不列入,未達標,0,0,0 張,無,無,無
6169,昱泉,TPEx,12.0,-0.1,,,,,,,,,,,0.0,0.0,,0.0,,,,False,False,False,0.0,0.0,False,,,,False,,⚪ 不列入,未達標,0,0,0 張,無,無,無
6170,統振,TPEx,48.8,0.4,,,,,,,,,,,0.0,0.0,,0.0,,,,False,False,False,0.0,0.0,False,,,,False,,⚪ 不列入,未達標,0,0,0 張,無,無,無
6171,大城地產,TPEx,26.6,0.2,,,,,,,,,,,0.0,0.0,,0.0,,,,False,False,False,0.0,0.0,False,,,,False,,⚪ 不列入,未達標,0,0,0 張,無,無,無
6173,信昌電,TPEx,297.5,-9.0,,,,,,,,,,,0.0,0.0,,0.0,,,,False,False,False,0.0,0.0,False,,,,False,,⚪ 不列入,未達標,0,0,0 張,無,無,無
6174,安碁,TPEx,45.05,0.1,,,,,,,,,,,0.0,0.0,,0.0,,,,False,False,False,0.0,0.0,False,,,,False,,⚪ 不列入,未達標,0,0,0 張,無,無,無
6175,立敦,TPEx,69.2,-0.5,,,,,,,,,,,0.0,0.0,,0.0,,,,False,False,False,0.0,0.0,False,,,,False,,⚪ 不列入,未達標,0,0,0 張,無,無,無
6179,亞通,TPEx,37.45,0.85,,,,,,,,,,,0.0,0.0,,0.0,,,,False,False,False,0.0,0.0,False,,,,False,,⚪ 不列入,未達標,0,0,0 張,無,無,無
6180,橘子,TPEx,41.1,0.5,,,,,,,,,,,0.0,0.0,,0.0,,,,False,False,False,0.0,0.0,False,,,,False,,⚪ 不列入,未達標,0,0,0 張,無,無,無
6182,合晶,TPEx,121.0,0.5,,,,,,,,,,,0.0,0.0,,0.0,,,,False,False,False,0.0,0.0,False,,,,False,,⚪ 不列入,未達標,0,0,0 張,無,無,無
6185,幃翔,TPEx,12.35,-0.1,,,,,,,,,,,0.0,0.0,,0.0,,,,False,False,False,0.0,0.0,False,,,,False,,⚪ 不列入,未達標,0,0,0 張,無,無,無
6186,新潤,TPEx,29.0,0.0,,,,,,,,,,,0.0,0.0,,0.0,,,,False,False,False,0.0,0.0,False,,,,False,,⚪ 不列入,未達標,0,0,0 張,無,無,無
6187,萬潤,TPEx,1310.0,115.0,,,,,,,,,,,0.0,0.0,,0.0,,,,False,False,False,0.0,0.0,False,,,,False,,⚪ 不列入,未達標,0,0,0 張,無,無,無
6188,廣明,TPEx,61.6,-0.4,,,,,,,,,,,0.0,0.0,,0.0,,,,False,False,False,0.0,0.0,False,,,,False,,⚪ 不列入,未達標,0,0,0 張,無,無,無
6190,萬泰科,TPEx,69.3,0.7,,,,,,,,,,,0.0,0.0,,0.0,,,,False,False,False,0.0,0.0,False,,,,False,,⚪ 不列入,未達標,0,0,0 張,無,無,無
6194,育富,TPEx,29.6,-0.95,,,,,,,,,,,0.0,0.0,,0.0,,,,False,False,False,0.0,0.0,False,,,,False,,⚪ 不列入,未達標,0,0,0 張,無,無,無
6195,詩肯,TPEx,28.3,0.2,,,,,,,,,,,0.0,0.0,,0.0,,,,False,False,False,0.0,0.0,False,,,,False,,⚪ 不列入,未達標,0,0,0 張,無,無,無
6199,天品,TPEx,126.0,2.0,,,,,,,,,,,0.0,0.0,,0.0,,,,False,False,False,0.0,0.0,False,,,,False,,⚪ 不列入,未達標,0,0,0 張,無,無,無
6203,海韻電,TPEx,59.9,0.3,,,,,,,,,,,0.0,0.0,,0.0,,,,False,False,False,0.0,0.0,False,,,,False,,⚪ 不列入,未達標,0,0,0 張,無,無,無
6204,艾華,TPEx,103.0,-4.5,,,,,,,,,,,0.0,0.0,,0.0,,,,False,False,False,0.0,0.0,False,,,,False,,⚪ 不列入,未達標,0,0,0 張,無,無,無
6207,雷科,TPEx,137.5,12.5,,,,,,,,,,,0.0,0.0,,0.0,,,,False,False,False,0.0,0.0,False,,,,False,,⚪ 不列入,未達標,0,0,0 張,無,無,無
6208,日揚,TPEx,74.6,0.3,,,,,,,,,,,0.0,0.0,,0.0,,,,False,False,False,0.0,0.0,False,,,,False,,⚪ 不列入,未達標,0,0,0 張,無,無,無
6210,慶生,TPEx,17.75,-0.05,,,,,,,,,,,0.0,0.0,,0.0,,,,False,False,False,0.0,0.0,False,,,,False,,⚪ 不列入,未達標,0,0,0 張,無,無,無
6212,理銘,TPEx,33.65,1.55,,,,,,,,,,,0.0,0.0,,0.0,,,,False,False,False,0.0,0.0,False,,,,False,,⚪ 不列入,未達標,0,0,0 張,無,無,無
6217,中探針,TPEx,173.0,3.0,,,,,,,,,,,0.0,0.0,,0.0,,,,False,False,False,0.0,0.0,False,,,,False,,⚪ 不列入,未達標,0,0,0 張,無,無,無
6218,豪勉,TPEx,63.2,-0.4,,,,,,,,,,,0.0,0.0,,0.0,,,,False,False,False,0.0,0.0,False,,,,False,,⚪ 不列入,未達標,0,0,0 張,無,無,無
6219,富旺,TPEx,12.15,0.1,,,,,,,,,,,0.0,0.0,,0.0,,,,False,False,False,0.0,0.0,False,,,,False,,⚪ 不列入,未達標,0,0,0 張,無,無,無
6220,岳豐,TPEx,25.25,0.0,,,,,,,,,,,0.0,0.0,,0.0,,,,False,False,False,0.0,0.0,False,,,,False,,⚪ 不列入,未達標,0,0,0 張,無,無,無
6221,晉泰,TPEx,32.85,0.65,,,,,,,,,,,0.0,0.0,,0.0,,,,False,False,False,0.0,0.0,False,,,,False,,⚪ 不列入,未達標,0,0,0 張,無,無,無
6222,立軒,TPEx,18.8,0.4,,,,,,,,,,,0.0,0.0,,0.0,,,,False,False,False,0.0,0.0,False,,,,False,,⚪ 不列入,未達標,0,0,0 張,無,無,無
6223,旺矽,TPEx,5185.0,-230.0,,,,,,,,,,,0.0,0.0,,0.0,,,,False,False,False,0.0,0.0,False,,,,False,,⚪ 不列入,未達標,0,0,0 張,無,無,無
6227,茂綸,TPEx,136.0,0.5,,,,,,,,,,,0.0,0.0,,0.0,,,,False,False,False,0.0,0.0,False,,,,False,,⚪ 不列入,未達標,0,0,0 張,無,無,無
6228,全譜,TPEx,19.8,1.1,,,,,,,,,,,0.0,0.0,,0.0,,,,False,False,False,0.0,0.0,False,,,,False,,⚪ 不列入,未達標,0,0,0 張,無,無,無
6229,研通,TPEx,24.0,0.3,,,,,,,,,,,0.0,0.0,,0.0,,,,False,False,False,0.0,0.0,False,,,,False,,⚪ 不列入,未達標,0,0,0 張,無,無,無
6231,系微,TPEx,241.0,6.0,,,,,,,,,,,0.0,0.0,,0.0,,,,False,False,False,0.0,0.0,False,,,,False,,⚪ 不列入,未達標,0,0,0 張,無,無,無
6233,旺玖,TPEx,21.8,0.45,,,,,,,,,,,0.0,0.0,,0.0,,,,False,False,False,0.0,0.0,False,,,,False,,⚪ 不列入,未達標,0,0,0 張,無,無,無
6234,高僑,TPEx,38.9,1.05,,,,,,,,,,,0.0,0.0,,0.0,,,,False,False,False,0.0,0.0,False,,,,False,,⚪ 不列入,未達標,0,0,0 張,無,無,無
6236,中湛,TPEx,18.45,0.6,,,,,,,,,,,0.0,0.0,,0.0,,,,False,False,False,0.0,0.0,False,,,,False,,⚪ 不列入,未達標,0,0,0 張,無,無,無
6237,驊訊,TPEx,36.2,-0.8,,,,,,,,,,,0.0,0.0,,0.0,,,,False,False,False,0.0,0.0,False,,,,False,,⚪ 不列入,未達標,0,0,0 張,無,無,無
6240,松崗,TPEx,25.5,-0.7,,,,,,,,,,,0.0,0.0,,0.0,,,,False,False,False,0.0,0.0,False,,,,False,,⚪ 不列入,未達標,0,0,0 張,無,無,無
6241,鑫永洋,TPEx,15.55,0.1,,,,,,,,,,,0.0,0.0,,0.0,,,,False,False,False,0.0,0.0,False,,,,False,,⚪ 不列入,未達標,0,0,0 張,無,無,無
6242,立康,TPEx,34.1,0.0,,,,,,,,,,,0.0,0.0,,0.0,,,,False,False,False,0.0,0.0,False,,,,False,,⚪ 不列入,未達標,0,0,0 張,無,無,無
6244,茂迪,TPEx,23.5,-0.05,,,,,,,,,,,0.0,0.0,,0.0,,,,False,False,False,0.0,0.0,False,,,,False,,⚪ 不列入,未達標,0,0,0 張,無,無,無
6245,立端,TPEx,88.7,3.0,,,,,,,,,,,0.0,0.0,,0.0,,,,False,False,False,0.0,0.0,False,,,,False,,⚪ 不列入,未達標,0,0,0 張,無,無,無
6246,臺龍,TPEx,12.9,0.1,,,,,,,,,,,0.0,0.0,,0.0,,,,False,False,False,0.0,0.0,False,,,,False,,⚪ 不列入,未達標,0,0,0 張,無,無,無
6248,沛波,TPEx,16.85,0.05,,,,,,,,,,,0.0,0.0,,0.0,,,,False,False,False,0.0,0.0,False,,,,False,,⚪ 不列入,未達標,0,0,0 張,無,無,無
6259,百徽,TPEx,29.3,0.15,,,,,,,,,,,0.0,0.0,,0.0,,,,False,False,False,0.0,0.0,False,,,,False,,⚪ 不列入,未達標,0,0,0 張,無,無,無
6261,久元,TPEx,78.4,0.1,,,,,,,,,,,0.0,0.0,,0.0,,,,False,False,False,0.0,0.0,False,,,,False,,⚪ 不列入,未達標,0,0,0 張,無,無,無
6263,普萊德,TPEx,155.5,-1.5,,,,,,,,,,,0.0,0.0,,0.0,,,,False,False,False,0.0,0.0,False,,,,False,,⚪ 不列入,未達標,0,0,0 張,無,無,無
6264,富裔,TPEx,6.01,0.0,,,,,,,,,,,0.0,0.0,,0.0,,,,False,False,False,0.0,0.0,False,,,,False,,⚪ 不列入,未達標,0,0,0 張,無,無,無
6265,方土昶,TPEx,47.8,-0.65,,,,,,,,,,,0.0,0.0,,0.0,,,,False,False,False,0.0,0.0,False,,,,False,,⚪ 不列入,未達標,0,0,0 張,無,無,無
6266,泰詠,TPEx,24.85,-0.05,,,,,,,,,,,0.0,0.0,,0.0,,,,False,False,False,0.0,0.0,False,,,,False,,⚪ 不列入,未達標,0,0,0 張,無,無,無
6270,倍微,TPEx,30.25,0.55,,,,,,,,,,,0.0,0.0,,0.0,,,,False,False,False,0.0,0.0,False,,,,False,,⚪ 不列入,未達標,0,0,0 張,無,無,無
6274,台燿,TPEx,1485.0,-10.0,,,,,,,,,,,0.0,0.0,,0.0,,,,False,False,False,0.0,0.0,False,,,,False,PCB／CCL／載板,⚪ 不列入,未達標,0,0,0 張,無,無,無
6275,元山,TPEx,46.55,0.65,,,,,,,,,,,0.0,0.0,,0.0,,,,False,False,False,0.0,0.0,False,,,,False,,⚪ 不列入,未達標,0,0,0 張,無,無,無
6276,安鈦克,TPEx,19.45,-0.2,,,,,,,,,,,0.0,0.0,,0.0,,,,False,False,False,0.0,0.0,False,,,,False,,⚪ 不列入,未達標,0,0,0 張,無,無,無
6279,胡連,TPEx,111.5,-1.0,,,,,,,,,,,0.0,0.0,,0.0,,,,False,False,False,0.0,0.0,False,,,,False,,⚪ 不列入,未達標,0,0,0 張,無,無,無
6284,佳邦,TPEx,77.0,2.7,,,,,,,,,,,0.0,0.0,,0.0,,,,False,False,False,0.0,0.0,False,,,,False,,⚪ 不列入,未達標,0,0,0 張,無,無,無
6290,良維,TPEx,269.5,-4.5,,,,,,,,,,,0.0,0.0,,0.0,,,,False,False,False,0.0,0.0,False,,,,False,,⚪ 不列入,未達標,0,0,0 張,無,無,無
6291,沛亨,TPEx,499.0,15.0,,,,,,,,,,,0.0,0.0,,0.0,,,,False,False,False,0.0,0.0,False,,,,False,,⚪ 不列入,未達標,0,0,0 張,無,無,無
6292,迅德,TPEx,66.8,-0.2,,,,,,,,,,,0.0,0.0,,0.0,,,,False,False,False,0.0,0.0,False,,,,False,,⚪ 不列入,未達標,0,0,0 張,無,無,無
6294,智基,TPEx,28.25,-0.25,,,,,,,,,,,0.0,0.0,,0.0,,,,False,False,False,0.0,0.0,False,,,,False,,⚪ 不列入,未達標,0,0,0 張,無,無,無
6411,晶焱,TPEx,77.5,-0.6,,,,,,,,,,,0.0,0.0,,0.0,,,,False,False,False,0.0,0.0,False,,,,False,,⚪ 不列入,未達標,0,0,0 張,無,無,無
6417,韋僑,TPEx,102.0,0.0,,,,,,,,,,,0.0,0.0,,0.0,,,,False,False,False,0.0,0.0,False,,,,False,,⚪ 不列入,未達標,0,0,0 張,無,無,無
6418,詠昇,TPEx,34.6,0.05,,,,,,,,,,,0.0,0.0,,0.0,,,,False,False,False,0.0,0.0,False,,,,False,,⚪ 不列入,未達標,0,0,0 張,無,無,無
6419,京晨科,TPEx,152.0,3.0,,,,,,,,,,,0.0,0.0,,0.0,,,,False,False,False,0.0,0.0,False,,,,False,,⚪ 不列入,未達標,0,0,0 張,無,無,無
6423,億而得,TPEx,85.9,-0.9,,,,,,,,,,,0.0,0.0,,0.0,,,,False,False,False,0.0,0.0,False,,,,False,,⚪ 不列入,未達標,0,0,0 張,無,無,無
6425,易發,TPEx,74.0,2.9,,,,,,,,,,,0.0,0.0,,0.0,,,,False,False,False,0.0,0.0,False,,,,False,,⚪ 不列入,未達標,0,0,0 張,無,無,無
6432,今展科,TPEx,59.5,-0.9,,,,,,,,,,,0.0,0.0,,0.0,,,,False,False,False,0.0,0.0,False,,,,False,,⚪ 不列入,未達標,0,0,0 張,無,無,無
6435,大中,TPEx,252.5,-1.0,,,,,,,,,,,0.0,0.0,,0.0,,,,False,False,False,0.0,0.0,False,,,,False,,⚪ 不列入,未達標,0,0,0 張,無,無,無
6441,廣錠,TPEx,24.75,-0.15,,,,,,,,,,,0.0,0.0,,0.0,,,,False,False,False,0.0,0.0,False,,,,False,,⚪ 不列入,未達標,0,0,0 張,無,無,無
6461,益得,TPEx,24.3,0.5,,,,,,,,,,,0.0,0.0,,0.0,,,,False,False,False,0.0,0.0,False,,,,False,,⚪ 不列入,未達標,0,0,0 張,無,無,無
6462,神盾,TPEx,103.0,3.3,,,,,,,,,,,0.0,0.0,,0.0,,,,False,False,False,0.0,0.0,False,,,,False,,⚪ 不列入,未達標,0,0,0 張,無,無,無
6465,威潤,TPEx,41.45,-0.2,,,,,,,,,,,0.0,0.0,,0.0,,,,False,False,False,0.0,0.0,False,,,,False,,⚪ 不列入,未達標,0,0,0 張,無,無,無
6469,大樹,TPEx,64.5,0.3,,,,,,,,,,,0.0,0.0,,0.0,,,,False,False,False,0.0,0.0,False,,,,False,,⚪ 不列入,未達標,0,0,0 張,無,無,無
6470,宇智,TPEx,42.7,-0.3,,,,,,,,,,,0.0,0.0,,0.0,,,,False,False,False,0.0,0.0,False,,,,False,,⚪ 不列入,未達標,0,0,0 張,無,無,無
6474,華豫寧,TPEx,35.5,-0.05,,,,,,,,,,,0.0,0.0,,0.0,,,,False,False,False,0.0,0.0,False,,,,False,,⚪ 不列入,未達標,0,0,0 張,無,無,無
6482,弘煜科,TPEx,23.35,0.0,,,,,,,,,,,0.0,0.0,,0.0,,,,False,False,False,0.0,0.0,False,,,,False,,⚪ 不列入,未達標,0,0,0 張,無,無,無
6485,點序,TPEx,70.0,-0.1,,,,,,,,,,,0.0,0.0,,0.0,,,,False,False,False,0.0,0.0,False,,,,False,,⚪ 不列入,未達標,0,0,0 張,無,無,無
6486,互動,TPEx,80.6,0.0,,,,,,,,,,,0.0,0.0,,0.0,,,,False,False,False,0.0,0.0,False,,,,False,,⚪ 不列入,未達標,0,0,0 張,無,無,無
6488,環球晶,TPEx,945.0,-3.0,,,,,,,,,,,0.0,0.0,,0.0,,,,False,False,False,0.0,0.0,False,,,,False,,⚪ 不列入,未達標,0,0,0 張,無,無,無
6492,生華科,TPEx,34.15,-0.05,,,,,,,,,,,0.0,0.0,,0.0,,,,False,False,False,0.0,0.0,False,,,,False,,⚪ 不列入,未達標,0,0,0 張,無,無,無
6494,九齊,TPEx,50.8,-0.5,,,,,,,,,,,0.0,0.0,,0.0,,,,False,False,False,0.0,0.0,False,,,,False,,⚪ 不列入,未達標,0,0,0 張,無,無,無
6498,久禾光,TPEx,67.5,0.7,,,,,,,,,,,0.0,0.0,,0.0,,,,False,False,False,0.0,0.0,False,,,,False,,⚪ 不列入,未達標,0,0,0 張,無,無,無
6499,益安,TPEx,74.5,1.4,,,,,,,,,,,0.0,0.0,,0.0,,,,False,False,False,0.0,0.0,False,,,,False,,⚪ 不列入,未達標,0,0,0 張,無,無,無
6506,雙邦,TPEx,18.5,-0.1,,,,,,,,,,,0.0,0.0,,0.0,,,,False,False,False,0.0,0.0,False,,,,False,,⚪ 不列入,未達標,0,0,0 張,無,無,無
6508,惠光,TPEx,27.0,-0.35,,,,,,,,,,,0.0,0.0,,0.0,,,,False,False,False,0.0,0.0,False,,,,False,,⚪ 不列入,未達標,0,0,0 張,無,無,無
6509,聚和,TPEx,48.15,0.6,,,,,,,,,,,0.0,0.0,,0.0,,,,False,False,False,0.0,0.0,False,,,,False,,⚪ 不列入,未達標,0,0,0 張,無,無,無
6510,精測,TPEx,3140.0,-170.0,,,,,,,,,,,0.0,0.0,,0.0,,,,False,False,False,0.0,0.0,False,,,,False,,⚪ 不列入,未達標,0,0,0 張,無,無,無
6512,啟發電,TPEx,20.25,0.0,,,,,,,,,,,0.0,0.0,,0.0,,,,False,False,False,0.0,0.0,False,,,,False,,⚪ 不列入,未達標,0,0,0 張,無,無,無
6516,勤崴國際,TPEx,56.2,-0.8,,,,,,,,,,,0.0,0.0,,0.0,,,,False,False,False,0.0,0.0,False,,,,False,,⚪ 不列入,未達標,0,0,0 張,無,無,無
6517,保勝光學,TPEx,62.8,-0.3,,,,,,,,,,,0.0,0.0,,0.0,,,,False,False,False,0.0,0.0,False,,,,False,,⚪ 不列入,未達標,0,0,0 張,無,無,無
6523,達爾膚,TPEx,90.4,0.8,,,,,,,,,,,0.0,0.0,,0.0,,,,False,False,False,0.0,0.0,False,,,,False,,⚪ 不列入,未達標,0,0,0 張,無,無,無
6527,明達醫,TPEx,75.0,0.0,,,,,,,,,,,0.0,0.0,,0.0,,,,False,False,False,0.0,0.0,False,,,,False,,⚪ 不列入,未達標,0,0,0 張,無,無,無
6530,創威,TPEx,99.5,-0.5,,,,,,,,,,,0.0,0.0,,0.0,,,,False,False,False,0.0,0.0,False,,,,False,,⚪ 不列入,未達標,0,0,0 張,無,無,無
6532,瑞耘,TPEx,108.0,9.5,,,,,,,,,,,0.0,0.0,,0.0,,,,False,False,False,0.0,0.0,False,,,,False,,⚪ 不列入,未達標,0,0,0 張,無,無,無
6535,順藥,TPEx,80.7,0.2,,,,,,,,,,,0.0,0.0,,0.0,,,,False,False,False,0.0,0.0,False,,,,False,,⚪ 不列入,未達標,0,0,0 張,無,無,無
6538,倉和,TPEx,358.5,-39.5,,,,,,,,,,,0.0,0.0,,0.0,,,,False,False,False,0.0,0.0,False,,,,False,,⚪ 不列入,未達標,0,0,0 張,無,無,無
6546,正基,TPEx,58.6,-0.2,,,,,,,,,,,0.0,0.0,,0.0,,,,False,False,False,0.0,0.0,False,,,,False,,⚪ 不列入,未達標,0,0,0 張,無,無,無
6547,高端疫苗,TPEx,60.9,1.1,,,,,,,,,,,0.0,0.0,,0.0,,,,False,False,False,0.0,0.0,False,,,,False,,⚪ 不列入,未達標,0,0,0 張,無,無,無
6548,長科*,TPEx,71.8,0.5,,,,,,,,,,,0.0,0.0,,0.0,,,,False,False,False,0.0,0.0,False,,,,False,,⚪ 不列入,未達標,0,0,0 張,無,無,無
6556,勝品,TPEx,61.9,0.3,,,,,,,,,,,0.0,0.0,,0.0,,,,False,False,False,0.0,0.0,False,,,,False,,⚪ 不列入,未達標,0,0,0 張,無,無,無
6560,欣普羅,TPEx,32.4,-0.25,,,,,,,,,,,0.0,0.0,,0.0,,,,False,False,False,0.0,0.0,False,,,,False,,⚪ 不列入,未達標,0,0,0 張,無,無,無
6561,是方,TPEx,308.5,0.5,,,,,,,,,,,0.0,0.0,,0.0,,,,False,False,False,0.0,0.0,False,,,,False,,⚪ 不列入,未達標,0,0,0 張,無,無,無
6568,宏觀,TPEx,144.0,1.0,,,,,,,,,,,0.0,0.0,,0.0,,,,False,False,False,0.0,0.0,False,,,,False,,⚪ 不列入,未達標,0,0,0 張,無,無,無
6569,醫揚,TPEx,92.0,-0.3,,,,,,,,,,,0.0,0.0,,0.0,,,,False,False,False,0.0,0.0,False,,,,False,,⚪ 不列入,未達標,0,0,0 張,無,無,無
6570,維田,TPEx,47.75,1.1,,,,,,,,,,,0.0,0.0,,0.0,,,,False,False,False,0.0,0.0,False,,,,False,,⚪ 不列入,未達標,0,0,0 張,無,無,無
6574,霈方,TPEx,119.5,1.0,,,,,,,,,,,0.0,0.0,,0.0,,,,False,False,False,0.0,0.0,False,,,,False,,⚪ 不列入,未達標,0,0,0 張,無,無,無
6576,逸達,TPEx,79.7,-0.5,,,,,,,,,,,0.0,0.0,,0.0,,,,False,False,False,0.0,0.0,False,,,,False,,⚪ 不列入,未達標,0,0,0 張,無,無,無
6577,勁豐,TPEx,79.4,-0.4,,,,,,,,,,,0.0,0.0,,0.0,,,,False,False,False,0.0,0.0,False,,,,False,,⚪ 不列入,未達標,0,0,0 張,無,無,無
6578,達邦蛋白,TPEx,16.55,-0.1,,,,,,,,,,,0.0,0.0,,0.0,,,,False,False,False,0.0,0.0,False,,,,False,,⚪ 不列入,未達標,0,0,0 張,無,無,無
6584,南俊國際,TPEx,543.0,-1.0,,,,,,,,,,,0.0,0.0,,0.0,,,,False,False,False,0.0,0.0,False,,,,False,,⚪ 不列入,未達標,0,0,0 張,無,無,無
6588,東典光電,TPEx,107.5,-4.5,,,,,,,,,,,0.0,0.0,,0.0,,,,False,False,False,0.0,0.0,False,,,,False,,⚪ 不列入,未達標,0,0,0 張,無,無,無
6590,普鴻,TPEx,66.2,-0.7,,,,,,,,,,,0.0,0.0,,0.0,,,,False,False,False,0.0,0.0,False,,,,False,,⚪ 不列入,未達標,0,0,0 張,無,無,無
6593,台灣銘板,TPEx,32.25,0.2,,,,,,,,,,,0.0,0.0,,0.0,,,,False,False,False,0.0,0.0,False,,,,False,,⚪ 不列入,未達標,0,0,0 張,無,無,無
6596,寬宏藝術,TPEx,96.9,0.1,,,,,,,,,,,0.0,0.0,,0.0,,,,False,False,False,0.0,0.0,False,,,,False,,⚪ 不列入,未達標,0,0,0 張,無,無,無
6597,立誠,TPEx,68.5,-0.2,,,,,,,,,,,0.0,0.0,,0.0,,,,False,False,False,0.0,0.0,False,,,,False,,⚪ 不列入,未達標,0,0,0 張,無,無,無
6603,富強鑫,TPEx,29.25,1.95,,,,,,,,,,,0.0,0.0,,0.0,,,,False,False,False,0.0,0.0,False,,,,False,,⚪ 不列入,未達標,0,0,0 張,無,無,無
6609,瀧澤科,TPEx,39.6,-0.2,,,,,,,,,,,0.0,0.0,,0.0,,,,False,False,False,0.0,0.0,False,,,,False,,⚪ 不列入,未達標,0,0,0 張,無,無,無
6612,奈米醫材,TPEx,71.8,-0.1,,,,,,,,,,,0.0,0.0,,0.0,,,,False,False,False,0.0,0.0,False,,,,False,,⚪ 不列入,未達標,0,0,0 張,無,無,無
6613,朋億*,TPEx,270.0,-0.5,,,,,,,,,,,0.0,0.0,,0.0,,,,False,False,False,0.0,0.0,False,,,,False,,⚪ 不列入,未達標,0,0,0 張,無,無,無
6615,慧智,TPEx,33.4,-0.6,,,,,,,,,,,0.0,0.0,,0.0,,,,False,False,False,0.0,0.0,False,,,,False,,⚪ 不列入,未達標,0,0,0 張,無,無,無
6616,特昇-KY,TPEx,8.23,0.06,,,,,,,,,,,0.0,0.0,,0.0,,,,False,False,False,0.0,0.0,False,,,,False,,⚪ 不列入,未達標,0,0,0 張,無,無,無
6617,共信-KY,TPEx,133.0,-4.0,,,,,,,,,,,0.0,0.0,,0.0,,,,False,False,False,0.0,0.0,False,,,,False,,⚪ 不列入,未達標,0,0,0 張,無,無,無
6620,漢達,TPEx,136.0,12.0,,,,,,,,,,,0.0,0.0,,0.0,,,,False,False,False,0.0,0.0,False,,,,False,,⚪ 不列入,未達標,0,0,0 張,無,無,無
6624,萬年清,TPEx,39.2,-0.05,,,,,,,,,,,0.0,0.0,,0.0,,,,False,False,False,0.0,0.0,False,,,,False,,⚪ 不列入,未達標,0,0,0 張,無,無,無
6629,泰金-KY,TPEx,103.5,0.5,,,,,,,,,,,0.0,0.0,,0.0,,,,False,False,False,0.0,0.0,False,,,,False,,⚪ 不列入,未達標,0,0,0 張,無,無,無
6637,醫影,TPEx,54.1,-0.3,,,,,,,,,,,0.0,0.0,,0.0,,,,False,False,False,0.0,0.0,False,,,,False,,⚪ 不列入,未達標,0,0,0 張,無,無,無
6640,均華,TPEx,1040.0,30.0,,,,,,,,,,,0.0,0.0,,0.0,,,,False,False,False,0.0,0.0,False,,,,False,,⚪ 不列入,未達標,0,0,0 張,無,無,無
6642,富致,TPEx,80.7,2.3,,,,,,,,,,,0.0,0.0,,0.0,,,,False,False,False,0.0,0.0,False,,,,False,,⚪ 不列入,未達標,0,0,0 張,無,無,無
6643,M31,TPEx,505.0,-10.0,,,,,,,,,,,0.0,0.0,,0.0,,,,False,False,False,0.0,0.0,False,,,,False,,⚪ 不列入,未達標,0,0,0 張,無,無,無
6649,台生材,TPEx,36.8,-1.0,,,,,,,,,,,0.0,0.0,,0.0,,,,False,False,False,0.0,0.0,False,,,,False,,⚪ 不列入,未達標,0,0,0 張,無,無,無
6651,全宇昕,TPEx,150.5,1.0,,,,,,,,,,,0.0,0.0,,0.0,,,,False,False,False,0.0,0.0,False,,,,False,,⚪ 不列入,未達標,0,0,0 張,無,無,無
6654,天正國際,TPEx,200.0,8.0,,,,,,,,,,,0.0,0.0,,0.0,,,,False,False,False,0.0,0.0,False,,,,False,,⚪ 不列入,未達標,0,0,0 張,無,無,無
6661,威健生技,TPEx,16.2,0.2,,,,,,,,,,,0.0,0.0,,0.0,,,,False,False,False,0.0,0.0,False,,,,False,,⚪ 不列入,未達標,0,0,0 張,無,無,無
6664,群翊,TPEx,370.0,11.5,,,,,,,,,,,0.0,0.0,,0.0,,,,False,False,False,0.0,0.0,False,,,,False,,⚪ 不列入,未達標,0,0,0 張,無,無,無
6667,信紘科,TPEx,259.0,-2.5,,,,,,,,,,,0.0,0.0,,0.0,,,,False,False,False,0.0,0.0,False,,,,False,,⚪ 不列入,未達標,0,0,0 張,無,無,無
6679,鈺太,TPEx,206.0,3.5,,,,,,,,,,,0.0,0.0,,0.0,,,,False,False,False,0.0,0.0,False,,,,False,,⚪ 不列入,未達標,0,0,0 張,無,無,無
6680,鑫創電子,TPEx,51.3,-1.5,,,,,,,,,,,0.0,0.0,,0.0,,,,False,False,False,0.0,0.0,False,,,,False,,⚪ 不列入,未達標,0,0,0 張,無,無,無
6683,雍智科技,TPEx,1475.0,-45.0,,,,,,,,,,,0.0,0.0,,0.0,,,,False,False,False,0.0,0.0,False,,,,False,,⚪ 不列入,未達標,0,0,0 張,無,無,無
6684,安格,TPEx,50.9,2.05,,,,,,,,,,,0.0,0.0,,0.0,,,,False,False,False,0.0,0.0,False,,,,False,,⚪ 不列入,未達標,0,0,0 張,無,無,無
6690,安碁資訊,TPEx,177.5,-1.5,,,,,,,,,,,0.0,0.0,,0.0,,,,False,False,False,0.0,0.0,False,,,,False,,⚪ 不列入,未達標,0,0,0 張,無,無,無
6692,進能服,TPEx,23.2,0.55,,,,,,,,,,,0.0,0.0,,0.0,,,,False,False,False,0.0,0.0,False,,,,False,,⚪ 不列入,未達標,0,0,0 張,無,無,無
6693,廣閎科,TPEx,218.0,8.5,,,,,,,,,,,0.0,0.0,,0.0,,,,False,False,False,0.0,0.0,False,,,,False,,⚪ 不列入,未達標,0,0,0 張,無,無,無
6697,東捷資訊,TPEx,41.1,-0.1,,,,,,,,,,,0.0,0.0,,0.0,,,,False,False,False,0.0,0.0,False,,,,False,,⚪ 不列入,未達標,0,0,0 張,無,無,無
6703,軒郁,TPEx,100.0,-0.5,,,,,,,,,,,0.0,0.0,,0.0,,,,False,False,False,0.0,0.0,False,,,,False,,⚪ 不列入,未達標,0,0,0 張,無,無,無
6708,天擎,TPEx,47.05,4.25,,,,,,,,,,,0.0,0.0,,0.0,,,,False,False,False,0.0,0.0,False,,,,False,,⚪ 不列入,未達標,0,0,0 張,無,無,無
6712,長聖,TPEx,161.5,2.0,,,,,,,,,,,0.0,0.0,,0.0,,,,False,False,False,0.0,0.0,False,,,,False,,⚪ 不列入,未達標,0,0,0 張,無,無,無
6716,應廣,TPEx,114.5,-0.5,,,,,,,,,,,0.0,0.0,,0.0,,,,False,False,False,0.0,0.0,False,,,,False,,⚪ 不列入,未達標,0,0,0 張,無,無,無
6720,久昌,TPEx,127.5,0.5,,,,,,,,,,,0.0,0.0,,0.0,,,,False,False,False,0.0,0.0,False,,,,False,,⚪ 不列入,未達標,0,0,0 張,無,無,無
6721,信實,TPEx,50.0,-0.1,,,,,,,,,,,0.0,0.0,,0.0,,,,False,False,False,0.0,0.0,False,,,,False,,⚪ 不列入,未達標,0,0,0 張,無,無,無
6725,矽科宏晟,TPEx,217.5,3.5,,,,,,,,,,,0.0,0.0,,0.0,,,,False,False,False,0.0,0.0,False,,,,False,,⚪ 不列入,未達標,0,0,0 張,無,無,無
6727,亞泰金屬,TPEx,483.0,-22.0,,,,,,,,,,,0.0,0.0,,0.0,,,,False,False,False,0.0,0.0,False,,,,False,,⚪ 不列入,未達標,0,0,0 張,無,無,無
6728,上洋,TPEx,108.0,-0.5,,,,,,,,,,,0.0,0.0,,0.0,,,,False,False,False,0.0,0.0,False,,,,False,,⚪ 不列入,未達標,0,0,0 張,無,無,無
6730,常廣,TPEx,32.0,-0.1,,,,,,,,,,,0.0,0.0,,0.0,,,,False,False,False,0.0,0.0,False,,,,False,,⚪ 不列入,未達標,0,0,0 張,無,無,無
6732,昇佳電子,TPEx,151.0,2.0,,,,,,,,,,,0.0,0.0,,0.0,,,,False,False,False,0.0,0.0,False,,,,False,,⚪ 不列入,未達標,0,0,0 張,無,無,無
6733,博晟生醫,TPEx,25.1,0.15,,,,,,,,,,,0.0,0.0,,0.0,,,,False,False,False,0.0,0.0,False,,,,False,,⚪ 不列入,未達標,0,0,0 張,無,無,無
6735,美達科技,TPEx,64.9,1.1,,,,,,,,,,,0.0,0.0,,0.0,,,,False,False,False,0.0,0.0,False,,,,False,,⚪ 不列入,未達標,0,0,0 張,無,無,無
6739,竹陞科技,TPEx,1125.0,15.0,,,,,,,,,,,0.0,0.0,,0.0,,,,False,False,False,0.0,0.0,False,,,,False,,⚪ 不列入,未達標,0,0,0 張,無,無,無
6741,91APP*-KY,TPEx,55.4,0.2,,,,,,,,,,,0.0,0.0,,0.0,,,,False,False,False,0.0,0.0,False,,,,False,,⚪ 不列入,未達標,0,0,0 張,無,無,無
6751,智聯服務,TPEx,44.95,1.05,,,,,,,,,,,0.0,0.0,,0.0,,,,False,False,False,0.0,0.0,False,,,,False,,⚪ 不列入,未達標,0,0,0 張,無,無,無
6752,叡揚,TPEx,95.9,-0.5,,,,,,,,,,,0.0,0.0,,0.0,,,,False,False,False,0.0,0.0,False,,,,False,,⚪ 不列入,未達標,0,0,0 張,無,無,無
6761,穩得,TPEx,163.5,1.5,,,,,,,,,,,0.0,0.0,,0.0,,,,False,False,False,0.0,0.0,False,,,,False,,⚪ 不列入,未達標,0,0,0 張,無,無,無
6763,綠界科技*,TPEx,41.15,-0.25,,,,,,,,,,,0.0,0.0,,0.0,,,,False,False,False,0.0,0.0,False,,,,False,,⚪ 不列入,未達標,0,0,0 張,無,無,無
6767,台微醫,TPEx,24.45,-0.05,,,,,,,,,,,0.0,0.0,,0.0,,,,False,False,False,0.0,0.0,False,,,,False,,⚪ 不列入,未達標,0,0,0 張,無,無,無
6785,昱展新藥,TPEx,96.2,-2.6,,,,,,,,,,,0.0,0.0,,0.0,,,,False,False,False,0.0,0.0,False,,,,False,,⚪ 不列入,未達標,0,0,0 張,無,無,無
6788,華景電,TPEx,344.5,5.5,,,,,,,,,,,0.0,0.0,,0.0,,,,False,False,False,0.0,0.0,False,,,,False,,⚪ 不列入,未達標,0,0,0 張,無,無,無
6791,虎門科技,TPEx,99.1,0.0,,,,,,,,,,,0.0,0.0,,0.0,,,,False,False,False,0.0,0.0,False,,,,False,,⚪ 不列入,未達標,0,0,0 張,無,無,無
6803,崑鼎,TPEx,266.5,0.5,,,,,,,,,,,0.0,0.0,,0.0,,,,False,False,False,0.0,0.0,False,,,,False,,⚪ 不列入,未達標,0,0,0 張,無,無,無
6804,明係,TPEx,18.1,-0.15,,,,,,,,,,,0.0,0.0,,0.0,,,,False,False,False,0.0,0.0,False,,,,False,,⚪ 不列入,未達標,0,0,0 張,無,無,無
6811,宏碁資訊,TPEx,239.5,-5.0,,,,,,,,,,,0.0,0.0,,0.0,,,,False,False,False,0.0,0.0,False,,,,False,,⚪ 不列入,未達標,0,0,0 張,無,無,無
6821,聯寶,TPEx,40.95,0.35,,,,,,,,,,,0.0,0.0,,0.0,,,,False,False,False,0.0,0.0,False,,,,False,,⚪ 不列入,未達標,0,0,0 張,無,無,無
6823,濾能,TPEx,63.0,2.9,,,,,,,,,,,0.0,0.0,,0.0,,,,False,False,False,0.0,0.0,False,,,,False,,⚪ 不列入,未達標,0,0,0 張,無,無,無
6829,千附精密,TPEx,208.5,-1.0,,,,,,,,,,,0.0,0.0,,0.0,,,,False,False,False,0.0,0.0,False,,,,False,,⚪ 不列入,未達標,0,0,0 張,無,無,無
6840,東研信超,TPEx,99.5,-3.5,,,,,,,,,,,0.0,0.0,,0.0,,,,False,False,False,0.0,0.0,False,,,,False,,⚪ 不列入,未達標,0,0,0 張,無,無,無
6841,長佳智能,TPEx,55.3,1.6,,,,,,,,,,,0.0,0.0,,0.0,,,,False,False,False,0.0,0.0,False,,,,False,,⚪ 不列入,未達標,0,0,0 張,無,無,無
6843,進典,TPEx,38.35,-0.25,,,,,,,,,,,0.0,0.0,,0.0,,,,False,False,False,0.0,0.0,False,,,,False,,⚪ 不列入,未達標,0,0,0 張,無,無,無
6844,諾貝兒,TPEx,57.4,0.1,,,,,,,,,,,0.0,0.0,,0.0,,,,False,False,False,0.0,0.0,False,,,,False,,⚪ 不列入,未達標,0,0,0 張,無,無,無
6846,綠茵,TPEx,58.2,-0.9,,,,,,,,,,,0.0,0.0,,0.0,,,,False,False,False,0.0,0.0,False,,,,False,,⚪ 不列入,未達標,0,0,0 張,無,無,無
6856,鑫傳,TPEx,41.8,-0.5,,,,,,,,,,,0.0,0.0,,0.0,,,,False,False,False,0.0,0.0,False,,,,False,,⚪ 不列入,未達標,0,0,0 張,無,無,無
6859,伯特光,TPEx,120.0,-1.0,,,,,,,,,,,0.0,0.0,,0.0,,,,False,False,False,0.0,0.0,False,,,,False,,⚪ 不列入,未達標,0,0,0 張,無,無,無
6865,偉康科技,TPEx,28.0,-0.05,,,,,,,,,,,0.0,0.0,,0.0,,,,False,False,False,0.0,0.0,False,,,,False,,⚪ 不列入,未達標,0,0,0 張,無,無,無
6870,騰雲,TPEx,330.5,-6.0,,,,,,,,,,,0.0,0.0,,0.0,,,,False,False,False,0.0,0.0,False,,,,False,,⚪ 不列入,未達標,0,0,0 張,無,無,無
6872,浩宇生醫,TPEx,24.0,1.65,,,,,,,,,,,0.0,0.0,,0.0,,,,False,False,False,0.0,0.0,False,,,,False,,⚪ 不列入,未達標,0,0,0 張,無,無,無
6874,倍力,TPEx,70.2,0.3,,,,,,,,,,,0.0,0.0,,0.0,,,,False,False,False,0.0,0.0,False,,,,False,,⚪ 不列入,未達標,0,0,0 張,無,無,無
6875,國邑*,TPEx,31.35,-0.5,,,,,,,,,,,0.0,0.0,,0.0,,,,False,False,False,0.0,0.0,False,,,,False,,⚪ 不列入,未達標,0,0,0 張,無,無,無
6877,鏵友益,TPEx,128.0,5.5,,,,,,,,,,,0.0,0.0,,0.0,,,,False,False,False,0.0,0.0,False,,,,False,,⚪ 不列入,未達標,0,0,0 張,無,無,無
6881,潤德,TPEx,214.5,0.5,,,,,,,,,,,0.0,0.0,,0.0,,,,False,False,False,0.0,0.0,False,,,,False,,⚪ 不列入,未達標,0,0,0 張,無,無,無
6884,海柏特,TPEx,31.1,-1.1,,,,,,,,,,,0.0,0.0,,0.0,,,,False,False,False,0.0,0.0,False,,,,False,,⚪ 不列入,未達標,0,0,0 張,無,無,無
6894,衛司特,TPEx,362.0,-5.0,,,,,,,,,,,0.0,0.0,,0.0,,,,False,False,False,0.0,0.0,False,,,,False,,⚪ 不列入,未達標,0,0,0 張,無,無,無
6895,宏碩系統,TPEx,145.0,0.0,,,,,,,,,,,0.0,0.0,,0.0,,,,False,False,False,0.0,0.0,False,,,,False,,⚪ 不列入,未達標,0,0,0 張,無,無,無
6899,創為精密,TPEx,49.5,0.1,,,,,,,,,,,0.0,0.0,,0.0,,,,False,False,False,0.0,0.0,False,,,,False,,⚪ 不列入,未達標,0,0,0 張,無,無,無
6903,巨漢,TPEx,304.5,-4.5,,,,,,,,,,,0.0,0.0,,0.0,,,,False,False,False,0.0,0.0,False,,,,False,,⚪ 不列入,未達標,0,0,0 張,無,無,無
6904,伯鑫,TPEx,121.5,1.0,,,,,,,,,,,0.0,0.0,,0.0,,,,False,False,False,0.0,0.0,False,,,,False,,⚪ 不列入,未達標,0,0,0 張,無,無,無
6907,雅特力-KY,TPEx,180.5,-1.5,,,,,,,,,,,0.0,0.0,,0.0,,,,False,False,False,0.0,0.0,False,,,,False,,⚪ 不列入,未達標,0,0,0 張,無,無,無
6910,德鴻,TPEx,26.5,0.5,,,,,,,,,,,0.0,0.0,,0.0,,,,False,False,False,0.0,0.0,False,,,,False,,⚪ 不列入,未達標,0,0,0 張,無,無,無
6913,鴻呈,TPEx,127.0,-0.5,,,,,,,,,,,0.0,0.0,,0.0,,,,False,False,False,0.0,0.0,False,,,,False,,⚪ 不列入,未達標,0,0,0 張,無,無,無
6922,宸曜,TPEx,225.0,13.0,,,,,,,,,,,0.0,0.0,,0.0,,,,False,False,False,0.0,0.0,False,,,,False,,⚪ 不列入,未達標,0,0,0 張,無,無,無
6925,意藍,TPEx,75.0,6.8,,,,,,,,,,,0.0,0.0,,0.0,,,,False,False,False,0.0,0.0,False,,,,False,,⚪ 不列入,未達標,0,0,0 張,無,無,無
6929,佑全,TPEx,21.65,-0.35,,,,,,,,,,,0.0,0.0,,0.0,,,,False,False,False,0.0,0.0,False,,,,False,,⚪ 不列入,未達標,0,0,0 張,無,無,無
6945,圓祥生技,TPEx,140.0,2.0,,,,,,,,,,,0.0,0.0,,0.0,,,,False,False,False,0.0,0.0,False,,,,False,,⚪ 不列入,未達標,0,0,0 張,無,無,無
6953,家碩,TPEx,241.0,5.0,,,,,,,,,,,0.0,0.0,,0.0,,,,False,False,False,0.0,0.0,False,,,,False,,⚪ 不列入,未達標,0,0,0 張,無,無,無
6961,旅天下,TPEx,47.65,0.55,,,,,,,,,,,0.0,0.0,,0.0,,,,False,False,False,0.0,0.0,False,,,,False,,⚪ 不列入,未達標,0,0,0 張,無,無,無
6967,汎瑋材料,TPEx,67.2,1.5,,,,,,,,,,,0.0,0.0,,0.0,,,,False,False,False,0.0,0.0,False,,,,False,,⚪ 不列入,未達標,0,0,0 張,無,無,無
6968,萬達寵物,TPEx,41.55,0.0,,,,,,,,,,,0.0,0.0,,0.0,,,,False,False,False,0.0,0.0,False,,,,False,,⚪ 不列入,未達標,0,0,0 張,無,無,無
6971,惠民實業,TPEx,23.7,-0.25,,,,,,,,,,,0.0,0.0,,0.0,,,,False,False,False,0.0,0.0,False,,,,False,,⚪ 不列入,未達標,0,0,0 張,無,無,無
6982,大井泵浦,TPEx,43.5,0.0,,,,,,,,,,,0.0,0.0,,0.0,,,,False,False,False,0.0,0.0,False,,,,False,,⚪ 不列入,未達標,0,0,0 張,無,無,無
6983,華洋精機,TPEx,346.0,-2.5,,,,,,,,,,,0.0,0.0,,0.0,,,,False,False,False,0.0,0.0,False,,,,False,,⚪ 不列入,未達標,0,0,0 張,無,無,無
6986,和迅,TPEx,44.0,-0.3,,,,,,,,,,,0.0,0.0,,0.0,,,,False,False,False,0.0,0.0,False,,,,False,,⚪ 不列入,未達標,0,0,0 張,無,無,無
6996,力領科技,TPEx,168.5,-2.5,,,,,,,,,,,0.0,0.0,,0.0,,,,False,False,False,0.0,0.0,False,,,,False,,⚪ 不列入,未達標,0,0,0 張,無,無,無
6997,博弘,TPEx,68.0,1.2,,,,,,,,,,,0.0,0.0,,0.0,,,,False,False,False,0.0,0.0,False,,,,False,,⚪ 不列入,未達標,0,0,0 張,無,無,無
7402,邑錡,TPEx,99.1,-0.7,,,,,,,,,,,0.0,0.0,,0.0,,,,False,False,False,0.0,0.0,False,,,,False,,⚪ 不列入,未達標,0,0,0 張,無,無,無
7547,碩網,TPEx,65.3,5.9,,,,,,,,,,,0.0,0.0,,0.0,,,,False,False,False,0.0,0.0,False,,,,False,,⚪ 不列入,未達標,0,0,0 張,無,無,無
7556,意德士,TPEx,267.5,3.0,,,,,,,,,,,0.0,0.0,,0.0,,,,False,False,False,0.0,0.0,False,,,,False,,⚪ 不列入,未達標,0,0,0 張,無,無,無
7584,樂意,TPEx,28.95,1.75,,,,,,,,,,,0.0,0.0,,0.0,,,,False,False,False,0.0,0.0,False,,,,False,,⚪ 不列入,未達標,0,0,0 張,無,無,無
7642,昶瑞機電,TPEx,68.5,-2.3,,,,,,,,,,,0.0,0.0,,0.0,,,,False,False,False,0.0,0.0,False,,,,False,,⚪ 不列入,未達標,0,0,0 張,無,無,無
7703,銳澤,TPEx,199.5,-3.5,,,,,,,,,,,0.0,0.0,,0.0,,,,False,False,False,0.0,0.0,False,,,,False,,⚪ 不列入,未達標,0,0,0 張,無,無,無
7704,明遠精密,TPEx,61.3,-0.7,,,,,,,,,,,0.0,0.0,,0.0,,,,False,False,False,0.0,0.0,False,,,,False,,⚪ 不列入,未達標,0,0,0 張,無,無,無
7708,全家餐飲,TPEx,91.9,0.1,,,,,,,,,,,0.0,0.0,,0.0,,,,False,False,False,0.0,0.0,False,,,,False,,⚪ 不列入,未達標,0,0,0 張,無,無,無
7709,榮田,TPEx,86.5,-1.2,,,,,,,,,,,0.0,0.0,,0.0,,,,False,False,False,0.0,0.0,False,,,,False,,⚪ 不列入,未達標,0,0,0 張,無,無,無
7712,博盛半導體,TPEx,161.0,-2.0,,,,,,,,,,,0.0,0.0,,0.0,,,,False,False,False,0.0,0.0,False,,,,False,,⚪ 不列入,未達標,0,0,0 張,無,無,無
7713,威力德生醫,TPEx,74.1,0.3,,,,,,,,,,,0.0,0.0,,0.0,,,,False,False,False,0.0,0.0,False,,,,False,,⚪ 不列入,未達標,0,0,0 張,無,無,無
7714,創泓科技,TPEx,162.0,-4.0,,,,,,,,,,,0.0,0.0,,0.0,,,,False,False,False,0.0,0.0,False,,,,False,,⚪ 不列入,未達標,0,0,0 張,無,無,無
7715,裕山,TPEx,27.6,0.1,,,,,,,,,,,0.0,0.0,,0.0,,,,False,False,False,0.0,0.0,False,,,,False,,⚪ 不列入,未達標,0,0,0 張,無,無,無
7716,昱臺國際,TPEx,23.9,-0.1,,,,,,,,,,,0.0,0.0,,0.0,,,,False,False,False,0.0,0.0,False,,,,False,,⚪ 不列入,未達標,0,0,0 張,無,無,無
7717,萊德光電-KY,TPEx,592.0,-2.0,,,,,,,,,,,0.0,0.0,,0.0,,,,False,False,False,0.0,0.0,False,,,,False,,⚪ 不列入,未達標,0,0,0 張,無,無,無
7718,友鋮,TPEx,46.7,0.9,,,,,,,,,,,0.0,0.0,,0.0,,,,False,False,False,0.0,0.0,False,,,,False,,⚪ 不列入,未達標,0,0,0 張,無,無,無
7723,築間,TPEx,18.3,0.0,,,,,,,,,,,0.0,0.0,,0.0,,,,False,False,False,0.0,0.0,False,,,,False,,⚪ 不列入,未達標,0,0,0 張,無,無,無
7728,光焱科技,TPEx,607.0,12.0,,,,,,,,,,,0.0,0.0,,0.0,,,,False,False,False,0.0,0.0,False,,,,False,,⚪ 不列入,未達標,0,0,0 張,無,無,無
7734,印能科技,TPEx,2680.0,-70.0,,,,,,,,,,,0.0,0.0,,0.0,,,,False,False,False,0.0,0.0,False,,,,False,,⚪ 不列入,未達標,0,0,0 張,無,無,無
7738,東聯互動,TPEx,156.0,-1.0,,,,,,,,,,,0.0,0.0,,0.0,,,,False,False,False,0.0,0.0,False,,,,False,,⚪ 不列入,未達標,0,0,0 張,無,無,無
7743,金利食安,TPEx,24.3,-1.1,,,,,,,,,,,0.0,0.0,,0.0,,,,False,False,False,0.0,0.0,False,,,,False,,⚪ 不列入,未達標,0,0,0 張,無,無,無
7744,崴寶,TPEx,523.0,-20.0,,,,,,,,,,,0.0,0.0,,0.0,,,,False,False,False,0.0,0.0,False,,,,False,,⚪ 不列入,未達標,0,0,0 張,無,無,無
7747,昕奇雲端,TPEx,111.0,-1.0,,,,,,,,,,,0.0,0.0,,0.0,,,,False,False,False,0.0,0.0,False,,,,False,,⚪ 不列入,未達標,0,0,0 張,無,無,無
7751,竑騰,TPEx,1555.0,40.0,,,,,,,,,,,0.0,0.0,,0.0,,,,False,False,False,0.0,0.0,False,,,,False,,⚪ 不列入,未達標,0,0,0 張,無,無,無
7753,星亞,TPEx,35.6,0.3,,,,,,,,,,,0.0,0.0,,0.0,,,,False,False,False,0.0,0.0,False,,,,False,,⚪ 不列入,未達標,0,0,0 張,無,無,無
7757,金色三麥,TPEx,90.5,-0.5,,,,,,,,,,,0.0,0.0,,0.0,,,,False,False,False,0.0,0.0,False,,,,False,,⚪ 不列入,未達標,0,0,0 張,無,無,無
7767,仁大資訊,TPEx,46.2,-0.45,,,,,,,,,,,0.0,0.0,,0.0,,,,False,False,False,0.0,0.0,False,,,,False,,⚪ 不列入,未達標,0,0,0 張,無,無,無
7770,君曜,TPEx,42.95,3.45,,,,,,,,,,,0.0,0.0,,0.0,,,,False,False,False,0.0,0.0,False,,,,False,,⚪ 不列入,未達標,0,0,0 張,無,無,無
7772,耀穎,TPEx,176.0,-4.0,,,,,,,,,,,0.0,0.0,,0.0,,,,False,False,False,0.0,0.0,False,,,,False,,⚪ 不列入,未達標,0,0,0 張,無,無,無
7777,能率亞洲,TPEx,35.6,0.05,,,,,,,,,,,0.0,0.0,,0.0,,,,False,False,False,0.0,0.0,False,,,,False,,⚪ 不列入,未達標,0,0,0 張,無,無,無
7782,光速火箭,TPEx,24.95,-0.35,,,,,,,,,,,0.0,0.0,,0.0,,,,False,False,False,0.0,0.0,False,,,,False,,⚪ 不列入,未達標,0,0,0 張,無,無,無
7792,安葆,TPEx,416.0,-19.5,,,,,,,,,,,0.0,0.0,,0.0,,,,False,False,False,0.0,0.0,False,,,,False,,⚪ 不列入,未達標,0,0,0 張,無,無,無
7794,宏碁智新,TPEx,30.25,0.25,,,,,,,,,,,0.0,0.0,,0.0,,,,False,False,False,0.0,0.0,False,,,,False,,⚪ 不列入,未達標,0,0,0 張,無,無,無
7805,威聯通,TPEx,489.0,-9.0,,,,,,,,,,,0.0,0.0,,0.0,,,,False,False,False,0.0,0.0,False,,,,False,,⚪ 不列入,未達標,0,0,0 張,無,無,無
7810,捷創科技,TPEx,227.5,5.0,,,,,,,,,,,0.0,0.0,,0.0,,,,False,False,False,0.0,0.0,False,,,,False,,⚪ 不列入,未達標,0,0,0 張,無,無,無
7811,民盛,TPEx,73.5,0.0,,,,,,,,,,,0.0,0.0,,0.0,,,,False,False,False,0.0,0.0,False,,,,False,,⚪ 不列入,未達標,0,0,0 張,無,無,無
7814,海昌生技,TPEx,28.4,-0.1,,,,,,,,,,,0.0,0.0,,0.0,,,,False,False,False,0.0,0.0,False,,,,False,,⚪ 不列入,未達標,0,0,0 張,無,無,無
7819,精誠金融,TPEx,34.3,-0.05,,,,,,,,,,,0.0,0.0,,0.0,,,,False,False,False,0.0,0.0,False,,,,False,,⚪ 不列入,未達標,0,0,0 張,無,無,無
7820,立盈,TPEx,108.5,0.5,,,,,,,,,,,0.0,0.0,,0.0,,,,False,False,False,0.0,0.0,False,,,,False,,⚪ 不列入,未達標,0,0,0 張,無,無,無
7825,和亞智慧,TPEx,83.6,1.4,,,,,,,,,,,0.0,0.0,,0.0,,,,False,False,False,0.0,0.0,False,,,,False,,⚪ 不列入,未達標,0,0,0 張,無,無,無
7828,創新服務,TPEx,1900.0,-70.0,,,,,,,,,,,0.0,0.0,,0.0,,,,False,False,False,0.0,0.0,False,,,,False,,⚪ 不列入,未達標,0,0,0 張,無,無,無
7839,達人網,TPEx,43.3,0.15,,,,,,,,,,,0.0,0.0,,0.0,,,,False,False,False,0.0,0.0,False,,,,False,,⚪ 不列入,未達標,0,0,0 張,無,無,無
7842,天能綠電,TPEx,98.6,0.6,,,,,,,,,,,0.0,0.0,,0.0,,,,False,False,False,0.0,0.0,False,,,,False,,⚪ 不列入,未達標,0,0,0 張,無,無,無
7856,漢測,TPEx,4315.0,-290.0,,,,,,,,,,,0.0,0.0,,0.0,,,,False,False,False,0.0,0.0,False,,,,False,,⚪ 不列入,未達標,0,0,0 張,無,無,無
8024,佑華,TPEx,12.55,-0.05,,,,,,,,,,,0.0,0.0,,0.0,,,,False,False,False,0.0,0.0,False,,,,False,,⚪ 不列入,未達標,0,0,0 張,無,無,無
8027,鈦昇,TPEx,202.0,18.0,,,,,,,,,,,0.0,0.0,,0.0,,,,False,False,False,0.0,0.0,False,,,,False,,⚪ 不列入,未達標,0,0,0 張,無,無,無
8032,光菱,TPEx,35.8,-0.2,,,,,,,,,,,0.0,0.0,,0.0,,,,False,False,False,0.0,0.0,False,,,,False,,⚪ 不列入,未達標,0,0,0 張,無,無,無
8034,榮群,TPEx,20.5,0.05,,,,,,,,,,,0.0,0.0,,0.0,,,,False,False,False,0.0,0.0,False,,,,False,,⚪ 不列入,未達標,0,0,0 張,無,無,無
8038,長園科,TPEx,32.45,-0.15,,,,,,,,,,,0.0,0.0,,0.0,,,,False,False,False,0.0,0.0,False,,,,False,,⚪ 不列入,未達標,0,0,0 張,無,無,無
8040,九暘,TPEx,100.0,5.5,,,,,,,,,,,0.0,0.0,,0.0,,,,False,False,False,0.0,0.0,False,,,,False,,⚪ 不列入,未達標,0,0,0 張,無,無,無
8042,金山電,TPEx,111.5,-2.5,,,,,,,,,,,0.0,0.0,,0.0,,,,False,False,False,0.0,0.0,False,,,,False,,⚪ 不列入,未達標,0,0,0 張,無,無,無
8043,蜜望實,TPEx,131.5,-1.5,,,,,,,,,,,0.0,0.0,,0.0,,,,False,False,False,0.0,0.0,False,,,,False,,⚪ 不列入,未達標,0,0,0 張,無,無,無
8044,網家,TPEx,24.1,0.25,,,,,,,,,,,0.0,0.0,,0.0,,,,False,False,False,0.0,0.0,False,,,,False,,⚪ 不列入,未達標,0,0,0 張,無,無,無
8047,星雲,TPEx,51.0,1.8,,,,,,,,,,,0.0,0.0,,0.0,,,,False,False,False,0.0,0.0,False,,,,False,,⚪ 不列入,未達標,0,0,0 張,無,無,無
8048,德勝,TPEx,50.4,0.3,,,,,,,,,,,0.0,0.0,,0.0,,,,False,False,False,0.0,0.0,False,,,,False,,⚪ 不列入,未達標,0,0,0 張,無,無,無
8049,晶采,TPEx,24.5,0.0,,,,,,,,,,,0.0,0.0,,0.0,,,,False,False,False,0.0,0.0,False,,,,False,,⚪ 不列入,未達標,0,0,0 張,無,無,無
8050,廣積,TPEx,65.7,4.5,,,,,,,,,,,0.0,0.0,,0.0,,,,False,False,False,0.0,0.0,False,,,,False,,⚪ 不列入,未達標,0,0,0 張,無,無,無
8054,安國,TPEx,87.2,2.6,,,,,,,,,,,0.0,0.0,,0.0,,,,False,False,False,0.0,0.0,False,,,,False,,⚪ 不列入,未達標,0,0,0 張,無,無,無
8059,凱碩,TPEx,17.3,-0.4,,,,,,,,,,,0.0,0.0,,0.0,,,,False,False,False,0.0,0.0,False,,,,False,,⚪ 不列入,未達標,0,0,0 張,無,無,無
8064,東捷,TPEx,141.5,2.5,,,,,,,,,,,0.0,0.0,,0.0,,,,False,False,False,0.0,0.0,False,,,,False,,⚪ 不列入,未達標,0,0,0 張,無,無,無
8066,來思達,TPEx,15.0,0.2,,,,,,,,,,,0.0,0.0,,0.0,,,,False,False,False,0.0,0.0,False,,,,False,,⚪ 不列入,未達標,0,0,0 張,無,無,無
8067,志旭,TPEx,12.3,0.5,,,,,,,,,,,0.0,0.0,,0.0,,,,False,False,False,0.0,0.0,False,,,,False,,⚪ 不列入,未達標,0,0,0 張,無,無,無
8068,全達,TPEx,17.6,-0.25,,,,,,,,,,,0.0,0.0,,0.0,,,,False,False,False,0.0,0.0,False,,,,False,,⚪ 不列入,未達標,0,0,0 張,無,無,無
8069,元太,TPEx,142.5,-3.5,,,,,,,,,,,0.0,0.0,,0.0,,,,False,False,False,0.0,0.0,False,,,,False,,⚪ 不列入,未達標,0,0,0 張,無,無,無
8071,能率網通,TPEx,21.85,-0.05,,,,,,,,,,,0.0,0.0,,0.0,,,,False,False,False,0.0,0.0,False,,,,False,,⚪ 不列入,未達標,0,0,0 張,無,無,無
8074,鉅橡,TPEx,50.8,-0.2,,,,,,,,,,,0.0,0.0,,0.0,,,,False,False,False,0.0,0.0,False,,,,False,,⚪ 不列入,未達標,0,0,0 張,無,無,無
8076,伍豐,TPEx,21.5,-0.2,,,,,,,,,,,0.0,0.0,,0.0,,,,False,False,False,0.0,0.0,False,,,,False,,⚪ 不列入,未達標,0,0,0 張,無,無,無
8080,泰霖,TPEx,28.0,-0.05,,,,,,,,,,,0.0,0.0,,0.0,,,,False,False,False,0.0,0.0,False,,,,False,,⚪ 不列入,未達標,0,0,0 張,無,無,無
8083,瑞穎,TPEx,155.5,0.0,,,,,,,,,,,0.0,0.0,,0.0,,,,False,False,False,0.0,0.0,False,,,,False,,⚪ 不列入,未達標,0,0,0 張,無,無,無
8084,巨虹,TPEx,29.8,-3.3,,,,,,,,,,,0.0,0.0,,0.0,,,,False,False,False,0.0,0.0,False,,,,False,,⚪ 不列入,未達標,0,0,0 張,無,無,無
8085,福華,TPEx,14.25,0.05,,,,,,,,,,,0.0,0.0,,0.0,,,,False,False,False,0.0,0.0,False,,,,False,,⚪ 不列入,未達標,0,0,0 張,無,無,無
8086,宏捷科,TPEx,110.0,-0.5,,,,,,,,,,,0.0,0.0,,0.0,,,,False,False,False,0.0,0.0,False,,,,False,,⚪ 不列入,未達標,0,0,0 張,無,無,無
8087,麗升能源,TPEx,23.0,-0.25,,,,,,,,,,,0.0,0.0,,0.0,,,,False,False,False,0.0,0.0,False,,,,False,,⚪ 不列入,未達標,0,0,0 張,無,無,無
8088,品安,TPEx,42.25,0.4,,,,,,,,,,,0.0,0.0,,0.0,,,,False,False,False,0.0,0.0,False,,,,False,,⚪ 不列入,未達標,0,0,0 張,無,無,無
8089,康全電訊,TPEx,19.15,-0.1,,,,,,,,,,,0.0,0.0,,0.0,,,,False,False,False,0.0,0.0,False,,,,False,,⚪ 不列入,未達標,0,0,0 張,無,無,無
8091,翔名,TPEx,220.0,3.5,,,,,,,,,,,0.0,0.0,,0.0,,,,False,False,False,0.0,0.0,False,,,,False,,⚪ 不列入,未達標,0,0,0 張,無,無,無
8092,建暐,TPEx,12.55,-0.35,,,,,,,,,,,0.0,0.0,,0.0,,,,False,False,False,0.0,0.0,False,,,,False,,⚪ 不列入,未達標,0,0,0 張,無,無,無
8093,保銳,TPEx,23.85,0.6,,,,,,,,,,,0.0,0.0,,0.0,,,,False,False,False,0.0,0.0,False,,,,False,,⚪ 不列入,未達標,0,0,0 張,無,無,無
8096,擎亞,TPEx,88.7,4.1,,,,,,,,,,,0.0,0.0,,0.0,,,,False,False,False,0.0,0.0,False,,,,False,,⚪ 不列入,未達標,0,0,0 張,無,無,無
8097,常珵,TPEx,48.15,0.0,,,,,,,,,,,0.0,0.0,,0.0,,,,False,False,False,0.0,0.0,False,,,,False,,⚪ 不列入,未達標,0,0,0 張,無,無,無
8099,大世科,TPEx,59.8,-0.7,,,,,,,,,,,0.0,0.0,,0.0,,,,False,False,False,0.0,0.0,False,,,,False,,⚪ 不列入,未達標,0,0,0 張,無,無,無
8107,大億金茂,TPEx,12.05,-0.1,,,,,,,,,,,0.0,0.0,,0.0,,,,False,False,False,0.0,0.0,False,,,,False,,⚪ 不列入,未達標,0,0,0 張,無,無,無
8109,博大,TPEx,134.5,2.5,,,,,,,,,,,0.0,0.0,,0.0,,,,False,False,False,0.0,0.0,False,,,,False,,⚪ 不列入,未達標,0,0,0 張,無,無,無
8111,立碁,TPEx,79.7,3.3,,,,,,,,,,,0.0,0.0,,0.0,,,,False,False,False,0.0,0.0,False,,,,False,,⚪ 不列入,未達標,0,0,0 張,無,無,無
8121,越峰,TPEx,31.9,1.25,,,,,,,,,,,0.0,0.0,,0.0,,,,False,False,False,0.0,0.0,False,,,,False,,⚪ 不列入,未達標,0,0,0 張,無,無,無
8147,正淩,TPEx,148.0,11.5,,,,,,,,,,,0.0,0.0,,0.0,,,,False,False,False,0.0,0.0,False,,,,False,,⚪ 不列入,未達標,0,0,0 張,無,無,無
8155,博智,TPEx,306.0,-30.0,,,,,,,,,,,0.0,0.0,,0.0,,,,False,False,False,0.0,0.0,False,,,,False,,⚪ 不列入,未達標,0,0,0 張,無,無,無
8171,天宇,TPEx,20.6,0.15,,,,,,,,,,,0.0,0.0,,0.0,,,,False,False,False,0.0,0.0,False,,,,False,,⚪ 不列入,未達標,0,0,0 張,無,無,無
8176,智捷,TPEx,9.78,0.0,,,,,,,,,,,0.0,0.0,,0.0,,,,False,False,False,0.0,0.0,False,,,,False,,⚪ 不列入,未達標,0,0,0 張,無,無,無
8182,加高,TPEx,41.2,0.75,,,,,,,,,,,0.0,0.0,,0.0,,,,False,False,False,0.0,0.0,False,,,,False,,⚪ 不列入,未達標,0,0,0 張,無,無,無
8227,巨有科技,TPEx,337.0,30.5,,,,,,,,,,,0.0,0.0,,0.0,,,,False,False,False,0.0,0.0,False,,,,False,,⚪ 不列入,未達標,0,0,0 張,無,無,無
8234,新漢,TPEx,62.1,0.9,,,,,,,,,,,0.0,0.0,,0.0,,,,False,False,False,0.0,0.0,False,,,,False,,⚪ 不列入,未達標,0,0,0 張,無,無,無
8240,華宏,TPEx,54.5,2.5,,,,,,,,,,,0.0,0.0,,0.0,,,,False,False,False,0.0,0.0,False,,,,False,,⚪ 不列入,未達標,0,0,0 張,無,無,無
8255,朋程,TPEx,145.0,2.5,,,,,,,,,,,0.0,0.0,,0.0,,,,False,False,False,0.0,0.0,False,,,,False,,⚪ 不列入,未達標,0,0,0 張,無,無,無
8272,全景軟體,TPEx,65.5,2.0,,,,,,,,,,,0.0,0.0,,0.0,,,,False,False,False,0.0,0.0,False,,,,False,,⚪ 不列入,未達標,0,0,0 張,無,無,無
8277,商丞,TPEx,15.6,-0.15,,,,,,,,,,,0.0,0.0,,0.0,,,,False,False,False,0.0,0.0,False,,,,False,,⚪ 不列入,未達標,0,0,0 張,無,無,無
8279,生展,TPEx,78.7,0.5,,,,,,,,,,,0.0,0.0,,0.0,,,,False,False,False,0.0,0.0,False,,,,False,,⚪ 不列入,未達標,0,0,0 張,無,無,無
8284,三竹,TPEx,68.0,0.0,,,,,,,,,,,0.0,0.0,,0.0,,,,False,False,False,0.0,0.0,False,,,,False,,⚪ 不列入,未達標,0,0,0 張,無,無,無
8289,泰藝,TPEx,46.05,1.3,,,,,,,,,,,0.0,0.0,,0.0,,,,False,False,False,0.0,0.0,False,,,,False,,⚪ 不列入,未達標,0,0,0 張,無,無,無
8291,尚茂,TPEx,28.9,-0.85,,,,,,,,,,,0.0,0.0,,0.0,,,,False,False,False,0.0,0.0,False,,,,False,,⚪ 不列入,未達標,0,0,0 張,無,無,無
8299,群聯,TPEx,2115.0,-10.0,,,,,,,,,,,0.0,0.0,,0.0,,,,False,False,False,0.0,0.0,False,,,,False,,⚪ 不列入,未達標,0,0,0 張,無,無,無
8342,益張,TPEx,83.5,-0.3,,,,,,,,,,,0.0,0.0,,0.0,,,,False,False,False,0.0,0.0,False,,,,False,,⚪ 不列入,未達標,0,0,0 張,無,無,無
8349,恒耀,TPEx,39.6,0.0,,,,,,,,,,,0.0,0.0,,0.0,,,,False,False,False,0.0,0.0,False,,,,False,,⚪ 不列入,未達標,0,0,0 張,無,無,無
8354,冠好,TPEx,16.9,-0.2,,,,,,,,,,,0.0,0.0,,0.0,,,,False,False,False,0.0,0.0,False,,,,False,,⚪ 不列入,未達標,0,0,0 張,無,無,無
8358,金居,TPEx,498.0,-13.0,,,,,,,,,,,0.0,0.0,,0.0,,,,False,False,False,0.0,0.0,False,,,,False,,⚪ 不列入,未達標,0,0,0 張,無,無,無
8383,千附,TPEx,67.6,-0.3,,,,,,,,,,,0.0,0.0,,0.0,,,,False,False,False,0.0,0.0,False,,,,False,,⚪ 不列入,未達標,0,0,0 張,無,無,無
8390,金益鼎,TPEx,89.4,-0.6,,,,,,,,,,,0.0,0.0,,0.0,,,,False,False,False,0.0,0.0,False,,,,False,,⚪ 不列入,未達標,0,0,0 張,無,無,無
8401,白紗科,TPEx,22.75,0.0,,,,,,,,,,,0.0,0.0,,0.0,,,,False,False,False,0.0,0.0,False,,,,False,,⚪ 不列入,未達標,0,0,0 張,無,無,無
8403,盛弘,TPEx,19.05,0.1,,,,,,,,,,,0.0,0.0,,0.0,,,,False,False,False,0.0,0.0,False,,,,False,,⚪ 不列入,未達標,0,0,0 張,無,無,無
8409,商之器,TPEx,18.0,-0.1,,,,,,,,,,,0.0,0.0,,0.0,,,,False,False,False,0.0,0.0,False,,,,False,,⚪ 不列入,未達標,0,0,0 張,無,無,無
8410,森田,TPEx,28.0,0.2,,,,,,,,,,,0.0,0.0,,0.0,,,,False,False,False,0.0,0.0,False,,,,False,,⚪ 不列入,未達標,0,0,0 張,無,無,無
8415,大國鋼,TPEx,35.15,-0.3,,,,,,,,,,,0.0,0.0,,0.0,,,,False,False,False,0.0,0.0,False,,,,False,,⚪ 不列入,未達標,0,0,0 張,無,無,無
8416,實威,TPEx,169.0,0.0,,,,,,,,,,,0.0,0.0,,0.0,,,,False,False,False,0.0,0.0,False,,,,False,,⚪ 不列入,未達標,0,0,0 張,無,無,無
8421,旭源,TPEx,12.85,0.05,,,,,,,,,,,0.0,0.0,,0.0,,,,False,False,False,0.0,0.0,False,,,,False,,⚪ 不列入,未達標,0,0,0 張,無,無,無
8423,保綠-KY,TPEx,18.05,0.0,,,,,,,,,,,0.0,0.0,,0.0,,,,False,False,False,0.0,0.0,False,,,,False,,⚪ 不列入,未達標,0,0,0 張,無,無,無
8424,惠普,TPEx,70.0,-0.8,,,,,,,,,,,0.0,0.0,,0.0,,,,False,False,False,0.0,0.0,False,,,,False,,⚪ 不列入,未達標,0,0,0 張,無,無,無
8426,紅木-KY,TPEx,20.65,0.05,,,,,,,,,,,0.0,0.0,,0.0,,,,False,False,False,0.0,0.0,False,,,,False,,⚪ 不列入,未達標,0,0,0 張,無,無,無
8431,匯鑽科,TPEx,66.3,3.0,,,,,,,,,,,0.0,0.0,,0.0,,,,False,False,False,0.0,0.0,False,,,,False,,⚪ 不列入,未達標,0,0,0 張,無,無,無
8432,東生華,TPEx,50.6,0.4,,,,,,,,,,,0.0,0.0,,0.0,,,,False,False,False,0.0,0.0,False,,,,False,,⚪ 不列入,未達標,0,0,0 張,無,無,無
8433,弘帆,TPEx,53.0,0.3,,,,,,,,,,,0.0,0.0,,0.0,,,,False,False,False,0.0,0.0,False,,,,False,,⚪ 不列入,未達標,0,0,0 張,無,無,無
8435,鉅邁,TPEx,53.0,0.1,,,,,,,,,,,0.0,0.0,,0.0,,,,False,False,False,0.0,0.0,False,,,,False,,⚪ 不列入,未達標,0,0,0 張,無,無,無
8436,大江,TPEx,105.5,0.5,,,,,,,,,,,0.0,0.0,,0.0,,,,False,False,False,0.0,0.0,False,,,,False,,⚪ 不列入,未達標,0,0,0 張,無,無,無
8437,大地-KY,TPEx,10.1,-0.55,,,,,,,,,,,0.0,0.0,,0.0,,,,False,False,False,0.0,0.0,False,,,,False,,⚪ 不列入,未達標,0,0,0 張,無,無,無
8440,綠電,TPEx,20.95,0.7,,,,,,,,,,,0.0,0.0,,0.0,,,,False,False,False,0.0,0.0,False,,,,False,,⚪ 不列入,未達標,0,0,0 張,無,無,無
8444,綠河-KY,TPEx,4.4,0.0,,,,,,,,,,,0.0,0.0,,0.0,,,,False,False,False,0.0,0.0,False,,,,False,,⚪ 不列入,未達標,0,0,0 張,無,無,無
8446,華研,TPEx,84.4,-0.3,,,,,,,,,,,0.0,0.0,,0.0,,,,False,False,False,0.0,0.0,False,,,,False,,⚪ 不列入,未達標,0,0,0 張,無,無,無
8450,霹靂,TPEx,14.4,0.05,,,,,,,,,,,0.0,0.0,,0.0,,,,False,False,False,0.0,0.0,False,,,,False,,⚪ 不列入,未達標,0,0,0 張,無,無,無
8455,大拓-KY,TPEx,22.1,0.0,,,,,,,,,,,0.0,0.0,,0.0,,,,False,False,False,0.0,0.0,False,,,,False,,⚪ 不列入,未達標,0,0,0 張,無,無,無
8472,納維康,TPEx,73.1,-3.9,,,,,,,,,,,0.0,0.0,,0.0,,,,False,False,False,0.0,0.0,False,,,,False,,⚪ 不列入,未達標,0,0,0 張,無,無,無
8477,創業家,TPEx,14.1,-0.25,,,,,,,,,,,0.0,0.0,,0.0,,,,False,False,False,0.0,0.0,False,,,,False,,⚪ 不列入,未達標,0,0,0 張,無,無,無
8489,三貝德,TPEx,22.25,-0.3,,,,,,,,,,,0.0,0.0,,0.0,,,,False,False,False,0.0,0.0,False,,,,False,,⚪ 不列入,未達標,0,0,0 張,無,無,無
8905,裕國,TPEx,35.15,0.35,,,,,,,,,,,0.0,0.0,,0.0,,,,False,False,False,0.0,0.0,False,,,,False,,⚪ 不列入,未達標,0,0,0 張,無,無,無
8906,花王,TPEx,28.8,-0.2,,,,,,,,,,,0.0,0.0,,0.0,,,,False,False,False,0.0,0.0,False,,,,False,,⚪ 不列入,未達標,0,0,0 張,無,無,無
8908,欣雄,TPEx,40.25,0.2,,,,,,,,,,,0.0,0.0,,0.0,,,,False,False,False,0.0,0.0,False,,,,False,,⚪ 不列入,未達標,0,0,0 張,無,無,無
8916,光隆,TPEx,41.1,0.25,,,,,,,,,,,0.0,0.0,,0.0,,,,False,False,False,0.0,0.0,False,,,,False,,⚪ 不列入,未達標,0,0,0 張,無,無,無
8917,欣泰,TPEx,54.5,-0.5,,,,,,,,,,,0.0,0.0,,0.0,,,,False,False,False,0.0,0.0,False,,,,False,,⚪ 不列入,未達標,0,0,0 張,無,無,無
8923,時報,TPEx,18.45,-0.05,,,,,,,,,,,0.0,0.0,,0.0,,,,False,False,False,0.0,0.0,False,,,,False,,⚪ 不列入,未達標,0,0,0 張,無,無,無
8924,大田,TPEx,49.4,0.1,,,,,,,,,,,0.0,0.0,,0.0,,,,False,False,False,0.0,0.0,False,,,,False,,⚪ 不列入,未達標,0,0,0 張,無,無,無
8927,北基,TPEx,18.8,-0.2,,,,,,,,,,,0.0,0.0,,0.0,,,,False,False,False,0.0,0.0,False,,,,False,,⚪ 不列入,未達標,0,0,0 張,無,無,無
8928,鉅明,TPEx,22.9,-0.4,,,,,,,,,,,0.0,0.0,,0.0,,,,False,False,False,0.0,0.0,False,,,,False,,⚪ 不列入,未達標,0,0,0 張,無,無,無
8929,富堡,TPEx,12.9,-0.05,,,,,,,,,,,0.0,0.0,,0.0,,,,False,False,False,0.0,0.0,False,,,,False,,⚪ 不列入,未達標,0,0,0 張,無,無,無
8930,青鋼,TPEx,28.7,-0.1,,,,,,,,,,,0.0,0.0,,0.0,,,,False,False,False,0.0,0.0,False,,,,False,,⚪ 不列入,未達標,0,0,0 張,無,無,無
8931,大汽電,TPEx,43.15,0.1,,,,,,,,,,,0.0,0.0,,0.0,,,,False,False,False,0.0,0.0,False,,,,False,,⚪ 不列入,未達標,0,0,0 張,無,無,無
8932,智通*,TPEx,93.4,0.8,,,,,,,,,,,0.0,0.0,,0.0,,,,False,False,False,0.0,0.0,False,,,,False,,⚪ 不列入,未達標,0,0,0 張,無,無,無
8933,愛地雅,TPEx,4.58,0.01,,,,,,,,,,,0.0,0.0,,0.0,,,,False,False,False,0.0,0.0,False,,,,False,,⚪ 不列入,未達標,0,0,0 張,無,無,無
8935,邦泰,TPEx,19.3,1.75,,,,,,,,,,,0.0,0.0,,0.0,,,,False,False,False,0.0,0.0,False,,,,False,,⚪ 不列入,未達標,0,0,0 張,無,無,無
8936,國統,TPEx,51.9,-0.2,,,,,,,,,,,0.0,0.0,,0.0,,,,False,False,False,0.0,0.0,False,,,,False,,⚪ 不列入,未達標,0,0,0 張,無,無,無
8937,合騏*,TPEx,25.1,-1.5,,,,,,,,,,,0.0,0.0,,0.0,,,,False,False,False,0.0,0.0,False,,,,False,,⚪ 不列入,未達標,0,0,0 張,無,無,無
8938,明安,TPEx,52.7,0.6,,,,,,,,,,,0.0,0.0,,0.0,,,,False,False,False,0.0,0.0,False,,,,False,,⚪ 不列入,未達標,0,0,0 張,無,無,無
8941,關中,TPEx,44.0,0.0,,,,,,,,,,,0.0,0.0,,0.0,,,,False,False,False,0.0,0.0,False,,,,False,,⚪ 不列入,未達標,0,0,0 張,無,無,無
8942,森鉅,TPEx,40.2,-0.3,,,,,,,,,,,0.0,0.0,,0.0,,,,False,False,False,0.0,0.0,False,,,,False,,⚪ 不列入,未達標,0,0,0 張,無,無,無
9949,琉園,TPEx,24.25,0.25,,,,,,,,,,,0.0,0.0,,0.0,,,,False,False,False,0.0,0.0,False,,,,False,,⚪ 不列入,未達標,0,0,0 張,無,無,無
9950,萬國通,TPEx,10.25,-0.05,,,,,,,,,,,0.0,0.0,,0.0,,,,False,False,False,0.0,0.0,False,,,,False,,⚪ 不列入,未達標,0,0,0 張,無,無,無
9951,皇田,TPEx,47.1,-0.55,,,,,,,,,,,0.0,0.0,,0.0,,,,False,False,False,0.0,0.0,False,,,,False,,⚪ 不列入,未達標,0,0,0 張,無,無,無
9960,邁達康,TPEx,41.2,1.85,,,,,,,,,,,0.0,0.0,,0.0,,,,False,False,False,0.0,0.0,False,,,,False,,⚪ 不列入,未達標,0,0,0 張,無,無,無
9962,有益,TPEx,10.15,0.05,,,,,,,,,,,0.0,0.0,,0.0,,,,False,False,False,0.0,0.0,False,,,,False,,⚪ 不列入,未達標,0,0,0 張,無,無,無
