stock_id,stock_name,market,close,change,volume,turnover,ma10,ma20,return_5d_pct,range_10d_pct,avg_volume_5d,volume_ratio_5d,distance_ma10_pct,distance_ma20_pct,trust_buy_days_5,trust_5d_net,foreign_buy_days_5,foreign_5d_net,dealer_hedge_5d_abs,trust_volume_ratio,foreign_volume_ratio,hedge_dominant,trust_accumulation,foreign_support,trust_20d_net,foreign_20d_net,smart_money_accum_20d,month_revenue,month_revenue_yoy,month_revenue_mom,fundamental_bad,theme,signal,reason,base_score,score
2383,台光電,TWSE,5050.0,30.0,2346653.0,11846727845.0,,,,,,,,,0.0,-187675.0,0.0,-282423.0,19998.0,,,False,False,False,-187675.0,-282423.0,False,,,,False,⭐ 個人重點關注焦點股/PCB／CCL／載板,🔴 排除：法人轉賣,同賣,-3,7
1503,士電,TWSE,196.0,-0.5,625987.0,122495918.0,,,,,,,,,0.0,-1000.0,0.0,-284671.0,1074.0,,,False,False,False,-1000.0,-284671.0,False,,,,False,⭐ 個人重點關注焦點股/重電／綠能,🔴 排除：法人轉賣,同賣,-3,7
2327,國巨*,TWSE,580.0,7.0,35926454.0,20833185197.0,,,,,,,,,0.0,-1518584.0,0.0,-15516938.0,150953.0,,,False,False,False,-1518584.0,-15516938.0,False,,,,False,,🔴 排除：法人轉賣,同賣,-3,-3
3017,奇鋐,TWSE,3555.0,85.0,2261001.0,7987635275.0,,,,,,,,,0.0,-513100.0,0.0,-452792.0,11860.0,,,False,False,False,-513100.0,-452792.0,False,,,,False,散熱,🔴 排除：法人轉賣,同賣,-3,-3
6669,緯穎,TWSE,2115.0,10.0,3554942.0,7311413645.0,,,,,,,,,0.0,-91000.0,0.0,-169816.0,8529.0,,,False,False,False,-91000.0,-169816.0,False,,,,False,AI 伺服器／ODM,🔴 排除：法人轉賣,同賣,-3,-3
2345,智邦,TWSE,1895.0,5.0,2611500.0,4918443105.0,,,,,,,,,0.0,-736046.0,0.0,-632095.0,2863.0,,,False,False,False,-736046.0,-632095.0,False,,,,False,,🔴 排除：法人轉賣,同賣,-3,-3
2492,華新科,TWSE,311.5,5.5,15596998.0,4851808656.0,,,,,,,,,0.0,-61000.0,0.0,-7559673.0,93135.0,,,False,False,False,-61000.0,-7559673.0,False,,,,False,,🔴 排除：法人轉賣,同賣,-3,-3
2360,致茂,TWSE,2295.0,-30.0,1992029.0,4575812895.0,,,,,,,,,0.0,-446000.0,0.0,-25606.0,5732.0,,,False,False,False,-446000.0,-25606.0,False,,,,False,,🔴 排除：法人轉賣,同賣,-3,-3
3661,世芯-KY,TWSE,3770.0,10.0,1136496.0,4270640505.0,,,,,,,,,0.0,-2000.0,0.0,-92703.0,13243.0,,,False,False,False,-2000.0,-92703.0,False,,,,False,,🔴 排除：法人轉賣,同賣,-3,-3
6531,愛普*,TWSE,993.0,6.0,3109128.0,3059849343.0,,,,,,,,,0.0,-5000.0,0.0,-1393994.0,12519.0,,,False,False,False,-5000.0,-1393994.0,False,,,,False,,🔴 排除：法人轉賣,同賣,-3,-3
3406,玉晶光,TWSE,901.0,-4.0,2920160.0,2618076317.0,,,,,,,,,0.0,-9000.0,0.0,-23911.0,1369.0,,,False,False,False,-9000.0,-23911.0,False,,,,False,,🔴 排除：法人轉賣,同賣,-3,-3
6515,穎崴,TWSE,5850.0,-145.0,445040.0,2602423880.0,,,,,,,,,0.0,-68000.0,0.0,-40920.0,1495.0,,,False,False,False,-68000.0,-40920.0,False,,,,False,,🔴 排除：法人轉賣,同賣,-3,-3
6139,亞翔,TWSE,753.0,17.0,3399157.0,2526612604.0,,,,,,,,,0.0,-1000.0,0.0,-1609609.0,69136.0,,,False,False,False,-1000.0,-1609609.0,False,,,,False,,🔴 排除：法人轉賣,同賣,-3,-3
2603,長榮,TWSE,243.0,0.0,4944813.0,1194083439.0,,,,,,,,,0.0,-100.0,0.0,-3221855.0,83441.0,,,False,False,False,-100.0,-3221855.0,False,,,,False,,🔴 排除：法人轉賣,同賣,-3,-3
3702,大聯大,TWSE,117.5,3.5,8052382.0,936717742.0,,,,,,,,,0.0,-21000.0,0.0,-449270.0,87959.0,,,False,False,False,-21000.0,-449270.0,False,,,,False,,🔴 排除：法人轉賣,同賣,-3,-3
2412,中華電,TWSE,145.0,-0.5,6311915.0,918019598.0,,,,,,,,,0.0,-67000.0,0.0,-152945.0,33000.0,,,False,False,False,-67000.0,-152945.0,False,,,,False,,🔴 排除：法人轉賣,同賣,-3,-3
3044,健鼎,TWSE,538.0,-5.0,1426110.0,766094868.0,,,,,,,,,0.0,-118000.0,0.0,-371278.0,18151.0,,,False,False,False,-118000.0,-371278.0,False,,,,False,,🔴 排除：法人轉賣,同賣,-3,-3
2615,萬海,TWSE,115.5,2.0,6307120.0,722721116.0,,,,,,,,,0.0,-37000.0,0.0,-2107812.0,1104433.0,,,False,False,False,-37000.0,-2107812.0,False,,,,False,,🔴 排除：法人轉賣,同賣,-3,-3
4938,和碩,TWSE,91.3,0.0,7881615.0,719172561.0,,,,,,,,,0.0,-96000.0,0.0,-634544.0,381013.0,,,False,False,False,-96000.0,-634544.0,False,,,,False,,🔴 排除：法人轉賣,同賣,-3,-3
2356,英業達,TWSE,59.9,-1.1,10394874.0,622856425.0,,,,,,,,,0.0,-67000.0,0.0,-4059310.0,120114.0,,,False,False,False,-67000.0,-4059310.0,False,,,,False,,🔴 排除：法人轉賣,同賣,-3,-3
5871,中租-KY,TWSE,107.0,-1.0,5050902.0,542476330.0,,,,,,,,,0.0,-33000.0,0.0,-2344298.0,19006.0,,,False,False,False,-33000.0,-2344298.0,False,,,,False,,🔴 排除：法人轉賣,同賣,-3,-3
2610,華航,TWSE,20.3,-0.15,25331179.0,510776758.0,,,,,,,,,0.0,-216000.0,0.0,-1707958.0,25238.0,,,False,False,False,-216000.0,-1707958.0,False,,,,False,,🔴 排除：法人轉賣,同賣,-3,-3
2027,大成鋼,TWSE,47.6,1.0,10270252.0,488043368.0,,,,,,,,,0.0,-2000.0,0.0,-1569570.0,306653.0,,,False,False,False,-2000.0,-1569570.0,False,,,,False,,🔴 排除：法人轉賣,同賣,-3,-3
2542,興富發,TWSE,39.5,-0.05,12468559.0,487936244.0,,,,,,,,,0.0,-159500.0,0.0,-2534257.0,83072.0,,,False,False,False,-159500.0,-2534257.0,False,,,,False,,🔴 排除：法人轉賣,同賣,-3,-3
6691,洋基工程,TWSE,667.0,21.0,736040.0,483047025.0,,,,,,,,,0.0,-26600.0,0.0,-110779.0,12397.0,,,False,False,False,-26600.0,-110779.0,False,,,,False,,🔴 排除：法人轉賣,同賣,-3,-3
2890,永豐金,TWSE,45.15,0.1,10439331.0,470294205.0,,,,,,,,,0.0,-197000.0,0.0,-3317110.0,828114.0,,,False,False,False,-197000.0,-3317110.0,False,,,,False,,🔴 排除：法人轉賣,同賣,-3,-3
2912,統一超,TWSE,212.5,-0.5,2196330.0,467102515.0,,,,,,,,,0.0,-15000.0,0.0,-445364.0,31000.0,,,False,False,False,-15000.0,-445364.0,False,,,,False,,🔴 排除：法人轉賣,同賣,-3,-3
5880,合庫金,TWSE,26.45,-0.3,14691036.0,388719523.0,,,,,,,,,0.0,-1000.0,0.0,-2250947.0,150652.0,,,False,False,False,-1000.0,-2250947.0,False,,,,False,,🔴 排除：法人轉賣,同賣,-3,-3
2474,可成,TWSE,206.5,-2.5,1881545.0,388475950.0,,,,,,,,,0.0,-6000.0,0.0,-622143.0,21296.0,,,False,False,False,-6000.0,-622143.0,False,,,,False,,🔴 排除：法人轉賣,同賣,-3,-3
1216,統一,TWSE,74.5,-0.9,4863384.0,362929412.0,,,,,,,,,0.0,-69000.0,0.0,-1719729.0,489808.0,,,False,False,False,-69000.0,-1719729.0,False,,,,False,,🔴 排除：法人轉賣,同賣,-3,-3
2801,彰銀,TWSE,27.75,-0.1,12370808.0,343219366.0,,,,,,,,,0.0,-98000.0,0.0,-1281143.0,12237.0,,,False,False,False,-98000.0,-1281143.0,False,,,,False,,🔴 排除：法人轉賣,同賣,-3,-3
2855,統一證,TWSE,57.8,0.1,5306238.0,308177232.0,,,,,,,,,0.0,-600.0,0.0,-2641673.0,0.0,,,False,False,False,-600.0,-2641673.0,False,,,,False,,🔴 排除：法人轉賣,同賣,-3,-3
2421,建準,TWSE,167.0,4.0,1839727.0,305273897.0,,,,,,,,,0.0,-5000.0,0.0,-209115.0,91759.0,,,False,False,False,-5000.0,-209115.0,False,,,,False,,🔴 排除：法人轉賣,同賣,-3,-3
1504,東元,TWSE,68.5,-0.1,4146251.0,282734049.0,,,,,,,,,0.0,-3000.0,0.0,-121314.0,14136.0,,,False,False,False,-3000.0,-121314.0,False,,,,False,,🔴 排除：法人轉賣,同賣,-3,-3
8112,至上,TWSE,83.5,0.9,2893819.0,239194131.0,,,,,,,,,0.0,-27000.0,0.0,-2065656.0,16107.0,,,False,False,False,-27000.0,-2065656.0,False,,,,False,,🔴 排除：法人轉賣,同賣,-3,-3
2605,新興,TWSE,36.5,-0.55,6256782.0,228001751.0,,,,,,,,,0.0,-200000.0,0.0,-4703867.0,40459.0,,,False,False,False,-200000.0,-4703867.0,False,,,,False,,🔴 排除：法人轉賣,同賣,-3,-3
6409,旭隼,TWSE,879.0,-4.0,234051.0,204696964.0,,,,,,,,,0.0,-4000.0,0.0,-12151.0,1125.0,,,False,False,False,-4000.0,-12151.0,False,,,,False,,🔴 排除：法人轉賣,同賣,-3,-3
2428,興勤,TWSE,255.0,0.5,496159.0,126438995.0,,,,,,,,,0.0,-1000.0,0.0,-209598.0,5380.0,,,False,False,False,-1000.0,-209598.0,False,,,,False,,🔴 排除：法人轉賣,同賣,-3,-3
9914,美利達,TWSE,66.7,0.3,1734779.0,115399511.0,,,,,,,,,0.0,-236000.0,0.0,-22000.0,420.0,,,False,False,False,-236000.0,-22000.0,False,,,,False,,🔴 排除：法人轉賣,同賣,-3,-3
6176,瑞儀,TWSE,91.8,-1.0,1238200.0,113758225.0,,,,,,,,,0.0,-30000.0,0.0,-694835.0,5562.0,,,False,False,False,-30000.0,-694835.0,False,,,,False,,🔴 排除：法人轉賣,同賣,-3,-3
6282,康舒,TWSE,42.85,-0.15,2421281.0,103372947.0,,,,,,,,,0.0,-10000.0,0.0,-76756.0,28204.0,,,False,False,False,-10000.0,-76756.0,False,,,,False,,🔴 排除：法人轉賣,同賣,-3,-3
2851,中再保,TWSE,47.5,-0.45,1710253.0,81500322.0,,,,,,,,,0.0,-4000.0,0.0,-62340.0,1377.0,,,False,False,False,-4000.0,-62340.0,False,,,,False,,🔴 排除：法人轉賣,同賣,-3,-3
9941,裕融,TWSE,79.2,-0.5,836717.0,66340811.0,,,,,,,,,0.0,-328402.0,0.0,-113740.0,6195.0,,,False,False,False,-328402.0,-113740.0,False,,,,False,,🔴 排除：法人轉賣,同賣,-3,-3
3010,華立,TWSE,126.0,1.0,457308.0,57274671.0,,,,,,,,,0.0,-1000.0,0.0,-74950.0,1947.0,,,False,False,False,-1000.0,-74950.0,False,,,,False,,🔴 排除：法人轉賣,同賣,-3,-3
5534,長虹,TWSE,73.9,-0.4,266414.0,19700375.0,,,,,,,,,0.0,-83000.0,0.0,-121004.0,699.0,,,False,False,False,-83000.0,-121004.0,False,,,,False,,🔴 排除：法人轉賣,同賣,-3,-3
1326,台化,TWSE,67.0,1.6,18734584.0,1236693837.0,,,,,,,,,0.0,0.0,1.0,203801.0,513884.0,,,True,False,False,0.0,203801.0,False,,,,False,,🟠 排除：避險主導,避險高,-4,-4
6116,彩晶,TWSE,14.9,-0.1,41846990.0,623869586.0,,,,,,,,,0.0,0.0,0.0,-711300.0,1287976.0,,,True,False,False,0.0,-711300.0,False,,,,False,,🟠 排除：避險主導,避險高,-4,-4
2377,微星,TWSE,151.5,0.5,2626362.0,397386955.0,,,,,,,,,0.0,-3000.0,1.0,64548.0,104580.0,,,True,False,False,-3000.0,64548.0,False,,,,False,,🟠 排除：避險主導,避險高,-4,-4
5876,上海商銀,TWSE,48.95,-0.3,3026168.0,147755665.0,,,,,,,,,1.0,40000.0,1.0,299552.0,360112.0,,,True,False,False,40000.0,299552.0,False,,,,False,,🟠 排除：避險主導,避險高,-4,-4
3023,信邦,TWSE,311.0,-1.0,378175.0,118051641.0,,,,,,,,,0.0,-2000.0,0.0,-11698.0,18477.0,,,True,False,False,-2000.0,-11698.0,False,,,,False,,🟠 排除：避險主導,避險高,-4,-4
2105,正新,TWSE,30.1,0.0,2112273.0,63679619.0,,,,,,,,,1.0,23000.0,0.0,-52889.0,290904.0,,,True,False,False,23000.0,-52889.0,False,,,,False,,🟠 排除：避險主導,避險高,-4,-4
5243,乙盛-KY,TWSE,89.1,1.6,570817.0,50510535.0,,,,,,,,,0.0,0.0,1.0,167.0,3606.0,,,True,False,False,0.0,167.0,False,,,,False,,🟠 排除：避險主導,避險高,-4,-4
0053,元大電子,TWSE,253.3,0.3,148520.0,37522459.0,,,,,,,,,0.0,0.0,1.0,13.0,69658.0,,,True,False,False,0.0,13.0,False,,,,False,,🟠 排除：避險主導,避險高,-4,-4
0055,元大MSCI金融,TWSE,49.54,-0.34,608620.0,30169166.0,,,,,,,,,0.0,0.0,1.0,57109.0,564742.0,,,True,False,False,0.0,57109.0,False,,,,False,,🟠 排除：避險主導,避險高,-4,-4
6757,台灣虎航,TWSE,53.4,-0.7,485683.0,25957773.0,,,,,,,,,0.0,0.0,1.0,44040.0,56000.0,,,True,False,False,0.0,44040.0,False,,,,False,,🟠 排除：避險主導,避險高,-4,-4
3416,融程電,TWSE,161.0,0.5,88799.0,14312617.0,,,,,,,,,0.0,0.0,0.0,-12000.0,22269.0,,,True,False,False,0.0,-12000.0,False,,,,False,,🟠 排除：避險主導,避險高,-4,-4
0057,富邦摩台,TWSE,333.5,-1.7,33417.0,11136823.0,,,,,,,,,0.0,0.0,1.0,1000.0,6000.0,,,True,False,False,0.0,1000.0,False,,,,False,,🟠 排除：避險主導,避險高,-4,-4
0051,元大中型100,TWSE,148.15,1.15,61682.0,9065687.0,,,,,,,,,0.0,0.0,0.0,-1000.0,20785.0,,,True,False,False,0.0,-1000.0,False,,,,False,,🟠 排除：避險主導,避險高,-4,-4
9930,中聯資源,TWSE,60.4,-0.4,125755.0,7617696.0,,,,,,,,,0.0,0.0,0.0,0.0,257.0,,,True,False,False,0.0,0.0,False,,,,False,,🟠 排除：避險主導,避險高,-4,-4
6183,關貿,TWSE,91.3,0.1,18832.0,1721747.0,,,,,,,,,0.0,0.0,0.0,-2000.0,3000.0,,,True,False,False,0.0,-2000.0,False,,,,False,,🟠 排除：避險主導,避險高,-4,-4
2432,倚天酷碁-創,TWSE,27.25,0.0,25100.0,688355.0,,,,,,,,,0.0,0.0,0.0,0.0,6000.0,,,True,False,False,0.0,0.0,False,,,,False,,🟠 排除：避險主導,避險高,-4,-4
6771,平和環保-創,TWSE,42.0,0.0,9000.0,377400.0,,,,,,,,,0.0,0.0,0.0,-1000.0,1000.0,,,True,False,False,0.0,-1000.0,False,,,,False,,🟠 排除：避險主導,避險高,-4,-4
6955,邦睿生技-創,TWSE,94.2,-0.8,1161.0,109270.0,,,,,,,,,0.0,0.0,0.0,0.0,8.0,,,True,False,False,0.0,0.0,False,,,,False,,🟠 排除：避險主導,避險高,-4,-4
2454,聯發科,TWSE,5285.0,100.0,7817443.0,41179400531.0,,,,,,,,,0.0,-59444.0,0.0,-4669389.0,17254.0,,,False,False,False,-59444.0,-4669389.0,False,,,,False,,⚪ 排除：權值／ETF,權值/ETF,-5,-5
2330,台積電,TWSE,2475.0,-25.0,14557662.0,36107476243.0,,,,,,,,,1.0,628676.0,0.0,-3736382.0,123397.0,,,False,False,False,628676.0,-3736382.0,False,,,,False,,⚪ 排除：權值／ETF,權值/ETF,-5,-5
2308,台達電,TWSE,1910.0,10.0,8983854.0,17169518595.0,,,,,,,,,1.0,379972.0,0.0,-2790202.0,24922.0,,,False,False,False,379972.0,-2790202.0,False,,,,False,,⚪ 排除：權值／ETF,權值/ETF,-5,-5
0050,元大台灣50,TWSE,112.4,-0.05,70487939.0,7897568283.0,,,,,,,,,1.0,2250000.0,0.0,-68121726.0,1614530.0,,,False,False,False,2250000.0,-68121726.0,False,,,,False,,⚪ 排除：權值／ETF,權值/ETF,-5,-5
3711,日月光投控,TWSE,699.0,6.0,10964118.0,7573312111.0,,,,,,,,,0.0,-927000.0,0.0,-723983.0,34727.0,,,False,False,False,-927000.0,-723983.0,False,,,,False,,⚪ 排除：權值／ETF,權值/ETF,-5,-5
2882,國泰金,TWSE,110.5,-1.0,11811664.0,1305441250.0,,,,,,,,,0.0,-146000.0,1.0,3743010.0,146357.0,,,False,False,False,-146000.0,3743010.0,False,,,,False,,⚪ 排除：權值／ETF,權值/ETF,-5,-5
0056,元大高股息,TWSE,56.65,0.05,23158669.0,1303692237.0,,,,,,,,,1.0,262000.0,0.0,-5088991.0,22774421.0,,,True,False,False,262000.0,-5088991.0,False,,,,False,,⚪ 排除：權值／ETF,權值/ETF,-5,-5
2881,富邦金,TWSE,150.0,-3.0,8417116.0,1271488870.0,,,,,,,,,0.0,-1687000.0,1.0,4214038.0,575120.0,,,False,False,False,-1687000.0,4214038.0,False,,,,False,,⚪ 排除：權值／ETF,權值/ETF,-5,-5
2891,中信金,TWSE,68.5,-0.4,17628463.0,1209308494.0,,,,,,,,,1.0,189000.0,1.0,1392658.0,928692.0,,,False,False,False,189000.0,1392658.0,False,,,,False,,⚪ 排除：權值／ETF,權值/ETF,-5,-5
2884,玉山金,TWSE,45.6,0.0,18254771.0,830843674.0,,,,,,,,,1.0,221000.0,0.0,-2727040.0,832149.0,,,False,False,False,221000.0,-2727040.0,False,,,,False,,⚪ 排除：權值／ETF,權值/ETF,-5,-5
2892,第一金,TWSE,39.5,-0.35,11353509.0,449176282.0,,,,,,,,,1.0,382000.0,0.0,-3536945.0,58227.0,,,False,False,False,382000.0,-3536945.0,False,,,,False,,⚪ 排除：權值／ETF,權值/ETF,-5,-5
2886,兆豐金,TWSE,49.6,-0.4,8333068.0,412507852.0,,,,,,,,,1.0,487000.0,0.0,-3664530.0,1547624.0,,,False,False,False,487000.0,-3664530.0,False,,,,False,,⚪ 排除：權值／ETF,權值/ETF,-5,-5
2880,華南金,TWSE,45.75,-0.05,5910247.0,270172808.0,,,,,,,,,0.0,-53000.0,0.0,-2826738.0,1378536.0,,,False,False,False,-53000.0,-2826738.0,False,,,,False,,⚪ 排除：權值／ETF,權值/ETF,-5,-5
2368,金像電,TWSE,1105.0,-35.0,15757587.0,17425899975.0,,,,,,,,,1.0,803910.0,0.0,-1429677.0,49380.0,,,False,False,False,803910.0,-1429677.0,False,,,,False,⭐ 個人重點關注焦點股/PCB／CCL／載板,⚪ 不列入,未達標,0,10
4763,材料*-KY,TWSE,46.1,-0.3,7023719.0,321761759.0,,,,,,,,,1.0,8000.0,0.0,-928094.0,25422.0,,,False,False,False,8000.0,-928094.0,False,,,,False,⭐ 個人重點關注焦點股,⚪ 不列入,未達標,0,10
6919,康霈*,TWSE,80.1,-0.5,3951337.0,317649409.0,,,,,,,,,0.0,0.0,0.0,-631341.0,14219.0,,,False,False,False,0.0,-631341.0,False,,,,False,⭐ 個人重點關注焦點股,⚪ 不列入,未達標,0,10
6197,佳必琪,TWSE,320.0,3.5,993774.0,316858923.0,,,,,,,,,0.0,0.0,1.0,66712.0,11873.0,,,False,False,False,0.0,66712.0,False,,,,False,⭐ 個人重點關注焦點股/PCB／CCL／載板,⚪ 不列入,未達標,0,10
1808,潤隆,TWSE,31.9,0.0,1505021.0,47670010.0,,,,,,,,,0.0,0.0,0.0,-297000.0,0.0,,,False,False,False,0.0,-297000.0,False,,,,False,⭐ 個人重點關注焦點股,⚪ 不列入,未達標,0,10
3293,鈊象,TPEx,779.0,18.0,,,,,,,,,,,0.0,0.0,,0.0,,,,False,False,False,0.0,0.0,False,,,,False,⭐ 個人重點關注焦點股,⚪ 不列入,未達標,0,10
3189,景碩,TWSE,962.0,56.0,44137311.0,42422694809.0,,,,,,,,,1.0,287000.0,1.0,1103879.0,34829.0,,,False,False,False,287000.0,1103879.0,False,,,,False,,⚪ 不列入,未達標,0,0
2303,聯電,TWSE,154.0,-6.0,157009029.0,24163668867.0,,,,,,,,,1.0,9537000.0,0.0,-12782614.0,854616.0,,,False,False,False,9537000.0,-12782614.0,False,,,,False,,⚪ 不列入,未達標,0,0
2408,南亞科,TWSE,503.0,-12.0,40244712.0,20053560575.0,,,,,,,,,0.0,-898000.0,1.0,2281592.0,219607.0,,,False,False,False,-898000.0,2281592.0,False,,,,False,,⚪ 不列入,未達標,0,0
3037,欣興,TWSE,1185.0,25.0,16628391.0,19426284580.0,,,,,,,,,1.0,483693.0,0.0,-765924.0,32688.0,,,False,False,False,483693.0,-765924.0,False,,,,False,PCB／CCL／載板,⚪ 不列入,未達標,0,0
2409,友達,TWSE,34.2,-0.5,542503236.0,18709123996.0,,,,,,,,,0.0,0.0,1.0,15537128.0,5976187.0,,,False,False,False,0.0,15537128.0,False,,,,False,,⚪ 不列入,未達標,0,0
3653,健策,TWSE,6920.0,510.0,2756489.0,18146695600.0,,,,,,,,,1.0,127738.0,0.0,-309035.0,3204.0,,,False,False,False,127738.0,-309035.0,False,,,,False,,⚪ 不列入,未達標,0,0
8046,南電,TWSE,1240.0,30.0,13910571.0,17105070320.0,,,,,,,,,0.0,-91000.0,1.0,1587749.0,31354.0,,,False,False,False,-91000.0,1587749.0,False,,,,False,,⚪ 不列入,未達標,0,0
1303,南亞,TWSE,238.0,10.5,67158368.0,15626335879.0,,,,,,,,,1.0,1825000.0,1.0,30203488.0,1112170.0,,,False,False,False,1825000.0,30203488.0,False,,,,False,,⚪ 不列入,未達標,0,0
3443,創意,TWSE,8525.0,140.0,1471460.0,12367022922.0,,,,,,,,,0.0,-175000.0,1.0,33502.0,24052.0,,,False,False,False,-175000.0,33502.0,False,,,,False,,⚪ 不列入,未達標,0,0
3665,貿聯-KY,TWSE,2340.0,0.0,4524090.0,10639315475.0,,,,,,,,,1.0,307000.0,1.0,720485.0,3896.0,,,False,False,False,307000.0,720485.0,False,,,,False,,⚪ 不列入,未達標,0,0
3026,禾伸堂,TWSE,810.0,42.0,13190269.0,10589673273.0,,,,,,,,,1.0,185000.0,0.0,-877457.0,3255.0,,,False,False,False,185000.0,-877457.0,False,,,,False,,⚪ 不列入,未達標,0,0
6213,聯茂,TWSE,595.0,54.0,16800143.0,9995866085.0,,,,,,,,,1.0,181000.0,1.0,420317.0,60510.0,,,False,False,False,181000.0,420317.0,False,,,,False,,⚪ 不列入,未達標,0,0
4958,臻鼎-KY,TWSE,475.5,2.5,20619766.0,9800637106.0,,,,,,,,,1.0,2941000.0,1.0,9983568.0,317482.0,,,False,False,False,2941000.0,9983568.0,False,,,,False,,⚪ 不列入,未達標,0,0
8150,南茂,TWSE,112.0,5.0,83883329.0,9277388010.0,,,,,,,,,1.0,1000.0,0.0,-20626616.0,469573.0,,,False,False,False,1000.0,-20626616.0,False,,,,False,,⚪ 不列入,未達標,0,0
2317,鴻海,TWSE,250.5,-5.5,34510344.0,8650715388.0,,,,,,,,,0.0,-28041.0,1.0,3091044.0,115023.0,,,False,False,False,-28041.0,3091044.0,False,,,,False,AI 伺服器／ODM,⚪ 不列入,未達標,0,0
2344,華邦電,TWSE,171.5,-1.0,51225813.0,8631981716.0,,,,,,,,,0.0,-2002000.0,1.0,7390748.0,684031.0,,,False,False,False,-2002000.0,7390748.0,False,,,,False,,⚪ 不列入,未達標,0,0
3042,晶技,TWSE,203.0,5.0,41859153.0,8378508024.0,,,,,,,,,1.0,1050000.0,0.0,-2638681.0,148231.0,,,False,False,False,1050000.0,-2638681.0,False,,,,False,,⚪ 不列入,未達標,0,0
2449,京元電子,TWSE,311.0,7.0,27018575.0,8342753988.0,,,,,,,,,1.0,1000.0,0.0,-12634181.0,196974.0,,,False,False,False,1000.0,-12634181.0,False,,,,False,,⚪ 不列入,未達標,0,0
3167,大量,TWSE,949.0,59.0,8378906.0,7774261332.0,,,,,,,,,0.0,0.0,0.0,-582553.0,299.0,,,False,False,False,0.0,-582553.0,False,,,,False,,⚪ 不列入,未達標,0,0
7769,鴻勁,TWSE,5670.0,-305.0,1333263.0,7689145372.0,,,,,,,,,0.0,-250149.0,1.0,66836.0,4305.0,,,False,False,False,-250149.0,66836.0,False,,,,False,,⚪ 不列入,未達標,0,0
3016,嘉晶,TWSE,160.0,14.5,49083815.0,7567529613.0,,,,,,,,,0.0,0.0,1.0,2406738.0,64398.0,,,False,False,False,0.0,2406738.0,False,,,,False,,⚪ 不列入,未達標,0,0
3008,大立光,TWSE,6245.0,55.0,1200518.0,7458545535.0,,,,,,,,,1.0,1000.0,0.0,-278144.0,15326.0,,,False,False,False,1000.0,-278144.0,False,,,,False,,⚪ 不列入,未達標,0,0
6770,力積電,TWSE,72.0,-1.1,95567951.0,6793244945.0,,,,,,,,,1.0,4000.0,1.0,15263585.0,174156.0,,,False,False,False,4000.0,15263585.0,False,,,,False,,⚪ 不列入,未達標,0,0
2481,強茂,TWSE,174.5,1.5,35754052.0,6303586756.0,,,,,,,,,1.0,180000.0,0.0,-3192860.0,131473.0,,,False,False,False,180000.0,-3192860.0,False,,,,False,,⚪ 不列入,未達標,0,0
3231,緯創,TWSE,184.5,4.5,31269892.0,5690914991.0,,,,,,,,,1.0,31000.0,1.0,8079740.0,452055.0,,,False,False,False,31000.0,8079740.0,False,,,,False,AI 伺服器／ODM,⚪ 不列入,未達標,0,0
1727,中華化,TWSE,115.5,-1.0,47932996.0,5563887247.0,,,,,,,,,0.0,0.0,0.0,-253541.0,225398.0,,,False,False,False,0.0,-253541.0,False,,,,False,,⚪ 不列入,未達標,0,0
2059,川湖,TWSE,12350.0,-40.0,417513.0,5177087625.0,,,,,,,,,0.0,-19200.0,1.0,68970.0,2727.0,,,False,False,False,-19200.0,68970.0,False,,,,False,,⚪ 不列入,未達標,0,0
6672,騰輝電子-KY,TWSE,337.5,30.5,15309823.0,5098493135.0,,,,,,,,,0.0,0.0,0.0,-899995.0,34589.0,,,False,False,False,0.0,-899995.0,False,,,,False,,⚪ 不列入,未達標,0,0
3481,群創,TWSE,49.55,-0.05,101964433.0,5057297455.0,,,,,,,,,1.0,12000.0,1.0,5882780.0,666015.0,,,False,False,False,12000.0,5882780.0,False,,,,False,,⚪ 不列入,未達標,0,0
8996,高力,TWSE,1530.0,-10.0,2887200.0,4382960500.0,,,,,,,,,1.0,189000.0,0.0,-727813.0,29000.0,,,False,False,False,189000.0,-727813.0,False,,,,False,,⚪ 不列入,未達標,0,0
6526,達發,TWSE,840.0,0.0,4581078.0,3849869100.0,,,,,,,,,0.0,0.0,1.0,211639.0,6995.0,,,False,False,False,0.0,211639.0,False,,,,False,,⚪ 不列入,未達標,0,0
2382,廣達,TWSE,338.5,-3.0,10593247.0,3574222217.0,,,,,,,,,0.0,-27000.0,1.0,894127.0,190803.0,,,False,False,False,-27000.0,894127.0,False,,,,False,AI 伺服器／ODM,⚪ 不列入,未達標,0,0
2404,漢唐,TWSE,1285.0,35.0,2827024.0,3546485650.0,,,,,,,,,1.0,403000.0,0.0,-848690.0,61550.0,,,False,False,False,403000.0,-848690.0,False,,,,False,,⚪ 不列入,未達標,0,0
2426,鼎元,TWSE,96.9,-0.9,28496177.0,2808242646.0,,,,,,,,,0.0,0.0,1.0,7053914.0,103142.0,,,False,False,False,0.0,7053914.0,False,,,,False,,⚪ 不列入,未達標,0,0
6257,矽格,TWSE,243.0,-4.0,11563776.0,2787232398.0,,,,,,,,,1.0,22000.0,0.0,-2126454.0,67123.0,,,False,False,False,22000.0,-2126454.0,False,,,,False,,⚪ 不列入,未達標,0,0
8028,昇陽半導體,TWSE,269.0,11.0,10321779.0,2760821694.0,,,,,,,,,1.0,2202000.0,0.0,-2008153.0,160022.0,,,False,False,False,2202000.0,-2008153.0,False,,,,False,,⚪ 不列入,未達標,0,0
3605,宏致,TWSE,183.5,3.5,14851996.0,2720678460.0,,,,,,,,,0.0,0.0,0.0,-427560.0,5914.0,,,False,False,False,0.0,-427560.0,False,,,,False,,⚪ 不列入,未達標,0,0
6805,富世達,TWSE,2530.0,-70.0,1046299.0,2667558110.0,,,,,,,,,0.0,-111000.0,1.0,122545.0,5738.0,,,False,False,False,-111000.0,122545.0,False,,,,False,AI 伺服器／ODM,⚪ 不列入,未達標,0,0
2301,光寶科,TWSE,287.0,3.5,9401877.0,2663779492.0,,,,,,,,,1.0,2000.0,0.0,-3230216.0,7972.0,,,False,False,False,2000.0,-3230216.0,False,,,,False,,⚪ 不列入,未達標,0,0
2464,盟立,TWSE,195.5,0.5,13517821.0,2641085387.0,,,,,,,,,0.0,0.0,1.0,659704.0,118905.0,,,False,False,False,0.0,659704.0,False,,,,False,,⚪ 不列入,未達標,0,0
3450,聯鈞,TWSE,513.0,-7.0,5014009.0,2568187765.0,,,,,,,,,0.0,0.0,1.0,17404.0,905.0,,,False,False,False,0.0,17404.0,False,,,,False,矽光子／CPO／光通訊,⚪ 不列入,未達標,0,0
6933,AMAX-KY,TWSE,385.0,35.0,6076267.0,2257340297.0,,,,,,,,,0.0,0.0,0.0,-548873.0,12444.0,,,False,False,False,0.0,-548873.0,False,,,,False,,⚪ 不列入,未達標,0,0
2337,旺宏,TWSE,117.0,-2.0,18598874.0,2160144770.0,,,,,,,,,1.0,9000.0,1.0,2738707.0,188967.0,,,False,False,False,9000.0,2738707.0,False,,,,False,,⚪ 不列入,未達標,0,0
1709,和益,TWSE,43.5,-4.8,48879995.0,2159415613.0,,,,,,,,,0.0,0.0,1.0,851308.0,680.0,,,False,False,False,0.0,851308.0,False,,,,False,,⚪ 不列入,未達標,0,0
2342,茂矽,TWSE,48.2,1.85,43473432.0,2123981588.0,,,,,,,,,0.0,0.0,0.0,-479327.0,59729.0,,,False,False,False,0.0,-479327.0,False,,,,False,,⚪ 不列入,未達標,0,0
2379,瑞昱,TWSE,749.0,-12.0,2829985.0,2099433509.0,,,,,,,,,1.0,10000.0,1.0,702805.0,55847.0,,,False,False,False,10000.0,702805.0,False,,,,False,,⚪ 不列入,未達標,0,0
1560,中砂,TWSE,971.0,16.0,2172367.0,2081651165.0,,,,,,,,,1.0,2000.0,1.0,46725.0,6791.0,,,False,False,False,2000.0,46725.0,False,,,,False,,⚪ 不列入,未達標,0,0
3532,台勝科,TWSE,452.5,7.5,4617288.0,2067209452.0,,,,,,,,,1.0,1000.0,1.0,70452.0,15702.0,,,False,False,False,1000.0,70452.0,False,,,,False,,⚪ 不列入,未達標,0,0
2395,研華,TWSE,722.0,21.0,2762561.0,1985270352.0,,,,,,,,,1.0,528000.0,0.0,-545730.0,8508.0,,,False,False,False,528000.0,-545730.0,False,,,,False,,⚪ 不列入,未達標,0,0
4919,新唐,TWSE,136.0,2.0,14436318.0,1944595951.0,,,,,,,,,1.0,11000.0,0.0,-1173315.0,5498.0,,,False,False,False,11000.0,-1173315.0,False,,,,False,,⚪ 不列入,未達標,0,0
6426,統新,TWSE,389.0,-2.5,4891886.0,1914895226.0,,,,,,,,,0.0,0.0,0.0,-575054.0,3240.0,,,False,False,False,0.0,-575054.0,False,,,,False,,⚪ 不列入,未達標,0,0
3034,聯詠,TWSE,543.0,-2.0,3573000.0,1904852812.0,,,,,,,,,0.0,-186000.0,1.0,1000075.0,71438.0,,,False,False,False,-186000.0,1000075.0,False,,,,False,,⚪ 不列入,未達標,0,0
3533,嘉澤,TWSE,1690.0,0.0,1078035.0,1826562815.0,,,,,,,,,1.0,10000.0,1.0,68747.0,16855.0,,,False,False,False,10000.0,68747.0,False,,,,False,,⚪ 不列入,未達標,0,0
3055,蔚華科,TWSE,199.0,-4.5,9055993.0,1820977068.0,,,,,,,,,0.0,0.0,0.0,-485504.0,19776.0,,,False,False,False,0.0,-485504.0,False,,,,False,,⚪ 不列入,未達標,0,0
6533,晶心科,TWSE,276.0,25.0,6688397.0,1814448746.0,,,,,,,,,0.0,-5000.0,1.0,350730.0,28430.0,,,False,False,False,-5000.0,350730.0,False,,,,False,,⚪ 不列入,未達標,0,0
8039,台虹,TWSE,258.5,2.5,7006740.0,1804344087.0,,,,,,,,,1.0,70000.0,0.0,-1009153.0,246707.0,,,False,False,False,70000.0,-1009153.0,False,,,,False,,⚪ 不列入,未達標,0,0
3006,晶豪科,TWSE,275.0,1.0,6499142.0,1751771514.0,,,,,,,,,1.0,20000.0,1.0,2900127.0,237501.0,,,False,False,False,20000.0,2900127.0,False,,,,False,,⚪ 不列入,未達標,0,0
6446,藥華藥,TWSE,1155.0,-20.0,1460375.0,1697457245.0,,,,,,,,,0.0,0.0,1.0,50725.0,4111.0,,,False,False,False,0.0,50725.0,False,,,,False,,⚪ 不列入,未達標,0,0
2313,華通,TWSE,222.5,-1.5,7002467.0,1551265397.0,,,,,,,,,1.0,747000.0,1.0,1329348.0,40954.0,,,False,False,False,747000.0,1329348.0,False,,,,False,,⚪ 不列入,未達標,0,0
6239,力成,TWSE,287.0,0.5,5364014.0,1534111309.0,,,,,,,,,1.0,27000.0,0.0,-3711572.0,12683.0,,,False,False,False,27000.0,-3711572.0,False,,,,False,,⚪ 不列入,未達標,0,0
1590,亞德客-KY,TWSE,1210.0,-20.0,1242221.0,1498096925.0,,,,,,,,,0.0,-19000.0,1.0,48937.0,548.0,,,False,False,False,-19000.0,48937.0,False,,,,False,機器人／智慧自動化,⚪ 不列入,未達標,0,0
6278,台表科,TWSE,212.0,3.0,6718865.0,1408999705.0,,,,,,,,,0.0,-159000.0,1.0,268976.0,110587.0,,,False,False,False,-159000.0,268976.0,False,,,,False,,⚪ 不列入,未達標,0,0
3036,文曄,TWSE,207.0,1.0,6695518.0,1375888880.0,,,,,,,,,0.0,-15000.0,1.0,848548.0,79863.0,,,False,False,False,-15000.0,848548.0,False,,,,False,,⚪ 不列入,未達標,0,0
2376,技嘉,TWSE,361.5,-3.5,3778913.0,1368492493.0,,,,,,,,,1.0,2000.0,1.0,1778058.0,32210.0,,,False,False,False,2000.0,1778058.0,False,,,,False,,⚪ 不列入,未達標,0,0
6442,光聖,TWSE,1530.0,15.0,895074.0,1359691580.0,,,,,,,,,0.0,0.0,0.0,-241650.0,7694.0,,,False,False,False,0.0,-241650.0,False,,,,False,,⚪ 不列入,未達標,0,0
4770,上品,TWSE,281.5,6.5,4524054.0,1271464322.0,,,,,,,,,0.0,0.0,0.0,-239346.0,17127.0,,,False,False,False,0.0,-239346.0,False,,,,False,,⚪ 不列入,未達標,0,0
3094,聯傑,TWSE,54.3,0.0,22755440.0,1260564463.0,,,,,,,,,0.0,0.0,1.0,154980.0,0.0,,,False,False,False,0.0,154980.0,False,,,,False,,⚪ 不列入,未達標,0,0
2357,華碩,TWSE,953.0,-5.0,1296816.0,1236469228.0,,,,,,,,,0.0,-95500.0,1.0,403659.0,67008.0,,,False,False,False,-95500.0,403659.0,False,,,,False,,⚪ 不列入,未達標,0,0
6285,啟碁,TWSE,238.0,8.0,5064342.0,1200554585.0,,,,,,,,,1.0,2000.0,0.0,-884864.0,117658.0,,,False,False,False,2000.0,-884864.0,False,,,,False,,⚪ 不列入,未達標,0,0
2351,順德,TWSE,219.5,-6.5,5399123.0,1185185881.0,,,,,,,,,0.0,0.0,1.0,126488.0,4998.0,,,False,False,False,0.0,126488.0,False,,,,False,,⚪ 不列入,未達標,0,0
6456,GIS-KY,TWSE,81.3,2.7,14497011.0,1146567549.0,,,,,,,,,0.0,0.0,1.0,721100.0,262529.0,,,False,False,False,0.0,721100.0,False,,,,False,,⚪ 不列入,未達標,0,0
6861,睿生光電,TWSE,279.5,6.5,4029976.0,1119561950.0,,,,,,,,,0.0,0.0,0.0,-21196.0,9179.0,,,False,False,False,0.0,-21196.0,False,,,,False,,⚪ 不列入,未達標,0,0
3563,牧德,TWSE,769.0,16.0,1433099.0,1085427708.0,,,,,,,,,0.0,0.0,0.0,-192170.0,1199.0,,,False,False,False,0.0,-192170.0,False,,,,False,,⚪ 不列入,未達標,0,0
1301,台塑,TWSE,64.1,1.0,16415790.0,1046703251.0,,,,,,,,,0.0,0.0,1.0,790550.0,192200.0,,,False,False,False,0.0,790550.0,False,,,,False,,⚪ 不列入,未達標,0,0
4956,光鋐,TWSE,44.5,0.95,22783493.0,1035707837.0,,,,,,,,,0.0,0.0,1.0,968167.0,685.0,,,False,False,False,0.0,968167.0,False,,,,False,,⚪ 不列入,未達標,0,0
1101,台泥,TWSE,25.25,-0.4,39328798.0,995089243.0,,,,,,,,,1.0,1000.0,0.0,-301243.0,237002.0,,,False,False,False,1000.0,-301243.0,False,,,,False,,⚪ 不列入,未達標,0,0
7799,禾榮科,TWSE,498.0,-33.0,1987002.0,992536126.0,,,,,,,,,0.0,0.0,0.0,-79659.0,1000.0,,,False,False,False,0.0,-79659.0,False,,,,False,,⚪ 不列入,未達標,0,0
3035,智原,TWSE,206.5,2.5,4855474.0,992443973.0,,,,,,,,,0.0,-18000.0,1.0,1569855.0,62171.0,,,False,False,False,-18000.0,1569855.0,False,,,,False,,⚪ 不列入,未達標,0,0
7610,聯友金屬-創,TWSE,1830.0,5.0,540902.0,980931210.0,,,,,,,,,0.0,0.0,0.0,-36642.0,230.0,,,False,False,False,0.0,-36642.0,False,,,,False,,⚪ 不列入,未達標,0,0
2484,希華,TWSE,72.8,-0.1,13213876.0,968064216.0,,,,,,,,,0.0,0.0,1.0,4941316.0,54654.0,,,False,False,False,0.0,4941316.0,False,,,,False,,⚪ 不列入,未達標,0,0
2885,元大金,TWSE,69.2,-0.4,13758876.0,951176806.0,,,,,,,,,1.0,1331000.0,0.0,-2950685.0,657544.0,,,False,False,False,1331000.0,-2950685.0,False,,,,False,,⚪ 不列入,未達標,0,0
6505,台塑化,TWSE,87.2,-0.1,10807153.0,948354662.0,,,,,,,,,1.0,8088000.0,1.0,8411155.0,297363.0,,,False,False,False,8088000.0,8411155.0,False,,,,False,,⚪ 不列入,未達標,0,0
2887,台新新光金,TWSE,42.5,-0.45,22156657.0,944349536.0,,,,,,,,,1.0,662000.0,0.0,-11665083.0,917168.0,,,False,False,False,662000.0,-11665083.0,False,,,,False,,⚪ 不列入,未達標,0,0
2455,全新,TWSE,554.0,2.0,1640793.0,905360947.0,,,,,,,,,1.0,35000.0,0.0,-109309.0,85514.0,,,False,False,False,35000.0,-109309.0,False,,,,False,,⚪ 不列入,未達標,0,0
3576,聯合再生,TWSE,18.25,0.5,48864258.0,898047799.0,,,,,,,,,0.0,0.0,1.0,858866.0,0.0,,,False,False,False,0.0,858866.0,False,,,,False,,⚪ 不列入,未達標,0,0
6205,詮欣,TWSE,73.6,1.6,11480659.0,864233282.0,,,,,,,,,0.0,0.0,0.0,-596483.0,36.0,,,False,False,False,0.0,-596483.0,False,,,,False,散熱,⚪ 不列入,未達標,0,0
2618,長榮航,TWSE,42.0,-0.85,20371832.0,853312513.0,,,,,,,,,1.0,924000.0,0.0,-3068282.0,428423.0,,,False,False,False,924000.0,-3068282.0,False,,,,False,,⚪ 不列入,未達標,0,0
3019,亞光,TWSE,135.0,0.0,6264184.0,847921411.0,,,,,,,,,0.0,0.0,1.0,476697.0,5898.0,,,False,False,False,0.0,476697.0,False,,,,False,,⚪ 不列入,未達標,0,0
6196,帆宣,TWSE,565.0,16.0,1521343.0,845269623.0,,,,,,,,,0.0,0.0,0.0,-337544.0,9723.0,,,False,False,False,0.0,-337544.0,False,,,,False,,⚪ 不列入,未達標,0,0
2883,凱基金,TWSE,38.95,-0.4,20805805.0,809366434.0,,,,,,,,,1.0,732000.0,1.0,1546848.0,1169056.0,,,False,False,False,732000.0,1546848.0,False,,,,False,,⚪ 不列入,未達標,0,0
2609,陽明,TWSE,59.6,-0.3,12099033.0,720917783.0,,,,,,,,,1.0,11000.0,0.0,-5903084.0,225939.0,,,False,False,False,11000.0,-5903084.0,False,,,,False,,⚪ 不列入,未達標,0,0
2489,瑞軒,TWSE,40.8,-0.25,17569723.0,720535602.0,,,,,,,,,1.0,13700.0,1.0,780114.0,14964.0,,,False,False,False,13700.0,780114.0,False,,,,False,,⚪ 不列入,未達標,0,0
6834,天二科技,TWSE,116.0,2.5,5943310.0,684961658.0,,,,,,,,,0.0,0.0,0.0,-329451.0,11280.0,,,False,False,False,0.0,-329451.0,False,,,,False,,⚪ 不列入,未達標,0,0
2324,仁寶,TWSE,36.5,-0.3,18026289.0,658555242.0,,,,,,,,,1.0,11000.0,0.0,-13959215.0,239734.0,,,False,False,False,11000.0,-13959215.0,False,,,,False,,⚪ 不列入,未達標,0,0
0052,富邦科技,TWSE,65.4,-0.05,10067500.0,656638573.0,,,,,,,,,0.0,0.0,0.0,-3287134.0,1751351.0,,,False,False,False,0.0,-3287134.0,False,,,,False,,⚪ 不列入,未達標,0,0
6415,矽力*-KY,TWSE,425.5,-0.5,1518168.0,643871396.0,,,,,,,,,0.0,-133000.0,1.0,57703.0,3979.0,,,False,False,False,-133000.0,57703.0,False,,,,False,,⚪ 不列入,未達標,0,0
2436,偉詮電,TWSE,72.4,2.8,8606455.0,616258153.0,,,,,,,,,0.0,-14000.0,1.0,2249891.0,556472.0,,,False,False,False,-14000.0,2249891.0,False,,,,False,,⚪ 不列入,未達標,0,0
3045,台灣大,TWSE,122.5,-0.5,4901190.0,600040969.0,,,,,,,,,0.0,0.0,0.0,-211031.0,137322.0,,,False,False,False,0.0,-211031.0,False,,,,False,,⚪ 不列入,未達標,0,0
3714,富采,TWSE,67.6,0.1,8698127.0,591467493.0,,,,,,,,,0.0,0.0,1.0,1647283.0,460.0,,,False,False,False,0.0,1647283.0,False,,,,False,,⚪ 不列入,未達標,0,0
6831,邁科,TWSE,497.5,-17.5,1166953.0,582336495.0,,,,,,,,,0.0,0.0,1.0,90098.0,6812.0,,,False,False,False,0.0,90098.0,False,,,,False,,⚪ 不列入,未達標,0,0
4566,時碩工業,TWSE,74.3,6.7,7828463.0,570223366.0,,,,,,,,,0.0,0.0,1.0,249321.0,889.0,,,False,False,False,0.0,249321.0,False,,,,False,機器人／智慧自動化,⚪ 不列入,未達標,0,0
2030,彰源,TWSE,30.4,2.75,17985774.0,539446451.0,,,,,,,,,0.0,0.0,0.0,-336000.0,0.0,,,False,False,False,0.0,-336000.0,False,,,,False,,⚪ 不列入,未達標,0,0
6830,汎銓,TWSE,540.0,-5.0,942448.0,504905763.0,,,,,,,,,0.0,0.0,1.0,58445.0,429.0,,,False,False,False,0.0,58445.0,False,,,,False,,⚪ 不列入,未達標,0,0
8210,勤誠,TWSE,897.0,5.0,554178.0,493974277.0,,,,,,,,,0.0,0.0,0.0,-633198.0,5853.0,,,False,False,False,0.0,-633198.0,False,,,,False,,⚪ 不列入,未達標,0,0
1519,華城,TWSE,699.0,-5.0,678128.0,474591044.0,,,,,,,,,1.0,34000.0,0.0,-509211.0,10256.0,,,False,False,False,34000.0,-509211.0,False,,,,False,重電／綠能,⚪ 不列入,未達標,0,0
6214,精誠,TWSE,190.5,0.5,2488285.0,473888252.0,,,,,,,,,1.0,10000.0,0.0,-223045.0,19383.0,,,False,False,False,10000.0,-223045.0,False,,,,False,,⚪ 不列入,未達標,0,0
1802,台玻,TWSE,58.4,0.8,8054096.0,464349189.0,,,,,,,,,0.0,0.0,0.0,-2038839.0,103331.0,,,False,False,False,0.0,-2038839.0,False,,,,False,,⚪ 不列入,未達標,0,0
6209,今國光,TWSE,79.9,1.9,5832314.0,463917459.0,,,,,,,,,0.0,0.0,1.0,2202538.0,288956.0,,,False,False,False,0.0,2202538.0,False,,,,False,,⚪ 不列入,未達標,0,0
8261,富鼎,TWSE,176.0,-4.5,2571057.0,458906474.0,,,,,,,,,1.0,5000.0,1.0,30995.0,10580.0,,,False,False,False,5000.0,30995.0,False,,,,False,,⚪ 不列入,未達標,0,0
8021,尖點,TWSE,480.0,2.0,949881.0,454060350.0,,,,,,,,,0.0,-30000.0,1.0,102227.0,9000.0,,,False,False,False,-30000.0,102227.0,False,,,,False,,⚪ 不列入,未達標,0,0
6443,元晶,TWSE,28.25,0.55,15942276.0,453530032.0,,,,,,,,,0.0,0.0,1.0,89316.0,0.0,,,False,False,False,0.0,89316.0,False,,,,False,,⚪ 不列入,未達標,0,0
3645,達邁,TWSE,73.3,0.7,6118560.0,450189149.0,,,,,,,,,0.0,0.0,1.0,204233.0,2473.0,,,False,False,False,0.0,204233.0,False,,,,False,,⚪ 不列入,未達標,0,0
2363,矽統,TWSE,58.7,-0.5,7602462.0,447338078.0,,,,,,,,,1.0,10000.0,0.0,-357631.0,345051.0,,,False,False,False,10000.0,-357631.0,False,,,,False,,⚪ 不列入,未達標,0,0
2472,立隆電,TWSE,218.5,2.0,2041796.0,445790309.0,,,,,,,,,0.0,0.0,0.0,-302159.0,19791.0,,,False,False,False,0.0,-302159.0,False,,,,False,,⚪ 不列入,未達標,0,0
2049,上銀,TWSE,325.5,2.0,1357804.0,439914243.0,,,,,,,,,0.0,0.0,1.0,1054762.0,127179.0,,,False,False,False,0.0,1054762.0,False,,,,False,,⚪ 不列入,未達標,0,0
2302,麗正,TWSE,46.05,0.3,9238419.0,423107762.0,,,,,,,,,0.0,0.0,1.0,544153.0,2.0,,,False,False,False,0.0,544153.0,False,,,,False,,⚪ 不列入,未達標,0,0
5269,祥碩,TWSE,1480.0,0.0,285085.0,418191705.0,,,,,,,,,0.0,-1000.0,1.0,24084.0,11077.0,,,False,False,False,-1000.0,24084.0,False,,,,False,,⚪ 不列入,未達標,0,0
6271,同欣電,TWSE,229.0,0.5,1826003.0,417495411.0,,,,,,,,,0.0,0.0,0.0,-155327.0,9973.0,,,False,False,False,0.0,-155327.0,False,,,,False,,⚪ 不列入,未達標,0,0
6451,訊芯-KY,TWSE,412.0,-4.0,992621.0,410284878.0,,,,,,,,,0.0,0.0,0.0,-38929.0,1094.0,,,False,False,False,0.0,-38929.0,False,,,,False,矽光子／CPO／光通訊,⚪ 不列入,未達標,0,0
2354,鴻準,TWSE,65.9,0.0,6193563.0,406318684.0,,,,,,,,,1.0,2000.0,0.0,-1083171.0,151206.0,,,False,False,False,2000.0,-1083171.0,False,,,,False,,⚪ 不列入,未達標,0,0
6789,采鈺,TWSE,465.5,-2.5,862427.0,397369301.0,,,,,,,,,1.0,2000.0,1.0,74223.0,15131.0,,,False,False,False,2000.0,74223.0,False,,,,False,,⚪ 不列入,未達標,0,0
9945,潤泰新,TWSE,29.9,0.35,13127733.0,393430358.0,,,,,,,,,0.0,0.0,0.0,-1484000.0,21097.0,,,False,False,False,0.0,-1484000.0,False,,,,False,,⚪ 不列入,未達標,0,0
3715,定穎投控,TWSE,123.0,-2.5,3124677.0,384752107.0,,,,,,,,,0.0,0.0,1.0,50226.0,45707.0,,,False,False,False,0.0,50226.0,False,,,,False,,⚪ 不列入,未達標,0,0
2002,中鋼,TWSE,18.65,0.0,20491440.0,381860293.0,,,,,,,,,1.0,9000.0,1.0,10050129.0,191000.0,,,False,False,False,9000.0,10050129.0,False,,,,False,,⚪ 不列入,未達標,0,0
1708,東鹼,TWSE,52.3,2.2,7343032.0,381566874.0,,,,,,,,,0.0,0.0,0.0,-1473372.0,11824.0,,,False,False,False,0.0,-1473372.0,False,,,,False,,⚪ 不列入,未達標,0,0
1314,中石化,TWSE,8.86,-0.15,42262966.0,373808137.0,,,,,,,,,0.0,0.0,0.0,-10771239.0,0.0,,,False,False,False,0.0,-10771239.0,False,,,,False,,⚪ 不列入,未達標,0,0
1476,儒鴻,TWSE,276.5,-4.5,1332740.0,368947609.0,,,,,,,,,1.0,2000.0,0.0,-512.0,1563.0,,,False,False,False,2000.0,-512.0,False,,,,False,,⚪ 不列入,未達標,0,0
2458,義隆,TWSE,137.5,8.5,2731471.0,368155073.0,,,,,,,,,1.0,3000.0,0.0,-226594.0,24821.0,,,False,False,False,3000.0,-226594.0,False,,,,False,,⚪ 不列入,未達標,0,0
2486,一詮,TWSE,234.0,2.0,1585886.0,367991640.0,,,,,,,,,0.0,0.0,1.0,408209.0,3645.0,,,False,False,False,0.0,408209.0,False,,,,False,,⚪ 不列入,未達標,0,0
2451,創見,TWSE,284.5,0.0,1295375.0,365027656.0,,,,,,,,,1.0,17000.0,1.0,666931.0,9638.0,,,False,False,False,17000.0,666931.0,False,,,,False,,⚪ 不列入,未達標,0,0
8103,瀚荃,TWSE,123.0,-0.5,2944400.0,363449266.0,,,,,,,,,0.0,0.0,1.0,119368.0,22279.0,,,False,False,False,0.0,119368.0,False,,,,False,,⚪ 不列入,未達標,0,0
6944,兆聯實業,TWSE,760.0,29.0,469755.0,351255619.0,,,,,,,,,0.0,0.0,1.0,44851.0,3092.0,,,False,False,False,0.0,44851.0,False,,,,False,,⚪ 不列入,未達標,0,0
2441,超豐,TWSE,124.0,-1.0,2830184.0,350406976.0,,,,,,,,,1.0,54000.0,0.0,-274634.0,6897.0,,,False,False,False,54000.0,-274634.0,False,,,,False,,⚪ 不列入,未達標,0,0
3717,聯嘉投控,TWSE,25.35,-0.7,13381856.0,337770335.0,,,,,,,,,0.0,0.0,1.0,3291000.0,23651.0,,,False,False,False,0.0,3291000.0,False,,,,False,,⚪ 不列入,未達標,0,0
3014,聯陽,TWSE,140.5,-2.5,2408672.0,336971028.0,,,,,,,,,1.0,16480.0,1.0,596270.0,9458.0,,,False,False,False,16480.0,596270.0,False,,,,False,,⚪ 不列入,未達標,0,0
2467,志聖,TWSE,529.0,7.0,631344.0,333934836.0,,,,,,,,,0.0,0.0,1.0,170950.0,36704.0,,,False,False,False,0.0,170950.0,False,,,,False,,⚪ 不列入,未達標,0,0
6706,惠特,TWSE,143.0,-1.0,2291537.0,329991570.0,,,,,,,,,0.0,0.0,1.0,287842.0,197675.0,,,False,False,False,0.0,287842.0,False,,,,False,,⚪ 不列入,未達標,0,0
6168,宏齊,TWSE,44.0,2.8,7626913.0,326385155.0,,,,,,,,,0.0,0.0,1.0,464000.0,0.0,,,False,False,False,0.0,464000.0,False,,,,False,,⚪ 不列入,未達標,0,0
2406,國碩,TWSE,30.5,0.6,10613029.0,325005939.0,,,,,,,,,0.0,0.0,0.0,-717316.0,761.0,,,False,False,False,0.0,-717316.0,False,,,,False,,⚪ 不列入,未達標,0,0
8110,華東,TWSE,49.0,-0.7,6592866.0,320480985.0,,,,,,,,,0.0,0.0,1.0,457944.0,67027.0,,,False,False,False,0.0,457944.0,False,,,,False,,⚪ 不列入,未達標,0,0
1809,中釉,TWSE,45.35,4.1,7084102.0,316049101.0,,,,,,,,,0.0,0.0,0.0,-2855650.0,46956.0,,,False,False,False,0.0,-2855650.0,False,,,,False,,⚪ 不列入,未達標,0,0
3706,神達,TWSE,78.5,-0.1,4005111.0,313869034.0,,,,,,,,,0.0,-11000.0,1.0,479717.0,18107.0,,,False,False,False,-11000.0,479717.0,False,,,,False,,⚪ 不列入,未達標,0,0
1717,長興,TWSE,71.4,0.3,4319467.0,307240693.0,,,,,,,,,1.0,2000.0,1.0,2448647.0,13039.0,,,False,False,False,2000.0,2448647.0,False,,,,False,,⚪ 不列入,未達標,0,0
2498,宏達電,TWSE,41.8,0.15,7183755.0,300327908.0,,,,,,,,,0.0,0.0,1.0,565118.0,207005.0,,,False,False,False,0.0,565118.0,False,,,,False,,⚪ 不列入,未達標,0,0
3376,新日興,TWSE,174.0,-2.5,1686649.0,294594086.0,,,,,,,,,0.0,0.0,0.0,-63720.0,21856.0,,,False,False,False,0.0,-63720.0,False,,,,False,,⚪ 不列入,未達標,0,0
4916,事欣科,TWSE,102.5,-2.0,2855025.0,292230567.0,,,,,,,,,0.0,0.0,1.0,86312.0,52039.0,,,False,False,False,0.0,86312.0,False,,,,False,,⚪ 不列入,未達標,0,0
4967,十銓,TWSE,272.5,0.5,1081769.0,291854576.0,,,,,,,,,0.0,-2000.0,1.0,82111.0,2370.0,,,False,False,False,-2000.0,82111.0,False,,,,False,PCB／CCL／載板,⚪ 不列入,未達標,0,0
3090,日電貿,TWSE,165.0,0.0,1725546.0,285060744.0,,,,,,,,,0.0,0.0,0.0,-594890.0,5541.0,,,False,False,False,0.0,-594890.0,False,,,,False,,⚪ 不列入,未達標,0,0
2466,冠西電,TWSE,119.5,6.0,2401504.0,283106930.0,,,,,,,,,0.0,0.0,0.0,-702918.0,0.0,,,False,False,False,0.0,-702918.0,False,,,,False,,⚪ 不列入,未達標,0,0
2353,宏碁,TWSE,31.75,0.2,8866691.0,280698767.0,,,,,,,,,1.0,16000.0,0.0,-1721914.0,25966.0,,,False,False,False,16000.0,-1721914.0,False,,,,False,,⚪ 不列入,未達標,0,0
2305,全友,TWSE,62.9,-0.7,4243609.0,268303249.0,,,,,,,,,0.0,0.0,1.0,801100.0,0.0,,,False,False,False,0.0,801100.0,False,,,,False,,⚪ 不列入,未達標,0,0
1102,亞泥,TWSE,35.7,-0.25,7449257.0,265593417.0,,,,,,,,,1.0,25000.0,1.0,398156.0,330719.0,,,False,False,False,25000.0,398156.0,False,,,,False,,⚪ 不列入,未達標,0,0
7822,倍利科,TWSE,920.0,37.0,292136.0,265392840.0,,,,,,,,,1.0,36000.0,1.0,26695.0,3182.0,,,False,False,False,36000.0,26695.0,False,,,,False,,⚪ 不列入,未達標,0,0
6166,凌華,TWSE,132.0,5.5,2054478.0,264867312.0,,,,,,,,,0.0,0.0,1.0,682738.0,21753.0,,,False,False,False,0.0,682738.0,False,,,,False,,⚪ 不列入,未達標,0,0
7750,新代,TWSE,1970.0,20.0,132618.0,262492495.0,,,,,,,,,0.0,0.0,1.0,3116.0,2890.0,,,False,False,False,0.0,3116.0,False,,,,False,,⚪ 不列入,未達標,0,0
2493,揚博,TWSE,191.0,-6.0,1360568.0,262239132.0,,,,,,,,,0.0,0.0,1.0,447277.0,18771.0,,,False,False,False,0.0,447277.0,False,,,,False,,⚪ 不列入,未達標,0,0
6715,嘉基,TWSE,468.5,9.0,560936.0,261758055.0,,,,,,,,,0.0,0.0,0.0,-18000.0,1663.0,,,False,False,False,0.0,-18000.0,False,,,,False,,⚪ 不列入,未達標,0,0
3518,柏騰,TWSE,34.0,1.55,7183649.0,249545912.0,,,,,,,,,0.0,0.0,1.0,1019000.0,0.0,,,False,False,False,0.0,1019000.0,False,,,,False,,⚪ 不列入,未達標,0,0
2834,臺企銀,TWSE,17.85,-0.05,13930042.0,248306267.0,,,,,,,,,1.0,9000.0,0.0,-8188275.0,14759.0,,,False,False,False,9000.0,-8188275.0,False,,,,False,,⚪ 不列入,未達標,0,0
7711,永擎,TWSE,542.0,-1.0,458792.0,247855106.0,,,,,,,,,0.0,0.0,1.0,92081.0,3498.0,,,False,False,False,0.0,92081.0,False,,,,False,,⚪ 不列入,未達標,0,0
3029,零壹,TWSE,120.0,1.5,2034946.0,245547769.0,,,,,,,,,0.0,0.0,0.0,-396683.0,12987.0,,,False,False,False,0.0,-396683.0,False,,,,False,,⚪ 不列入,未達標,0,0
7795,長廣,TWSE,490.5,0.0,502168.0,245282623.0,,,,,,,,,0.0,0.0,1.0,123331.0,1000.0,,,False,False,False,0.0,123331.0,False,,,,False,,⚪ 不列入,未達標,0,0
2812,台中銀,TWSE,19.0,-0.15,12860098.0,244900842.0,,,,,,,,,0.0,0.0,0.0,-11633119.0,48146.0,,,False,False,False,0.0,-11633119.0,False,,,,False,,⚪ 不列入,未達標,0,0
2634,漢翔,TWSE,63.1,0.6,3731436.0,233002378.0,,,,,,,,,1.0,2000.0,0.0,-1095856.0,13848.0,,,False,False,False,2000.0,-1095856.0,False,,,,False,,⚪ 不列入,未達標,0,0
1605,華新,TWSE,36.65,0.0,6282328.0,229183726.0,,,,,,,,,1.0,4000.0,0.0,-3894323.0,250599.0,,,False,False,False,4000.0,-3894323.0,False,,,,False,,⚪ 不列入,未達標,0,0
2606,裕民,TWSE,76.7,0.0,2953322.0,226261983.0,,,,,,,,,1.0,1000.0,0.0,-2044573.0,58150.0,,,False,False,False,1000.0,-2044573.0,False,,,,False,,⚪ 不列入,未達標,0,0
6155,鈞寶,TWSE,60.2,4.0,3762326.0,223852300.0,,,,,,,,,0.0,0.0,0.0,-1063534.0,39628.0,,,False,False,False,0.0,-1063534.0,False,,,,False,,⚪ 不列入,未達標,0,0
2347,聯強,TWSE,94.5,0.0,2371286.0,222627928.0,,,,,,,,,1.0,14600.0,1.0,347231.0,105792.0,,,False,False,False,14600.0,347231.0,False,,,,False,,⚪ 不列入,未達標,0,0
6414,樺漢,TWSE,374.0,2.5,590230.0,219819496.0,,,,,,,,,0.0,-3000.0,1.0,600740.0,41296.0,,,False,False,False,-3000.0,600740.0,False,,,,False,,⚪ 不列入,未達標,0,0
3031,佰鴻,TWSE,30.45,2.15,7189070.0,217049568.0,,,,,,,,,0.0,0.0,0.0,-1247337.0,0.0,,,False,False,False,0.0,-1247337.0,False,,,,False,,⚪ 不列入,未達標,0,0
6472,保瑞,TWSE,421.5,-14.5,508828.0,216565426.0,,,,,,,,,0.0,0.0,1.0,118881.0,14940.0,,,False,False,False,0.0,118881.0,False,,,,False,,⚪ 不列入,未達標,0,0
2254,巨鎧精密-創,TWSE,88.8,2.2,2388502.0,211028422.0,,,,,,,,,0.0,0.0,1.0,421000.0,2762.0,,,False,False,False,0.0,421000.0,False,,,,False,,⚪ 不列入,未達標,0,0
1513,中興電,TWSE,166.0,0.5,1271637.0,210651536.0,,,,,,,,,1.0,101000.0,1.0,741227.0,45112.0,,,False,False,False,101000.0,741227.0,False,,,,False,重電／綠能,⚪ 不列入,未達標,0,0
1722,台肥,TWSE,41.3,-0.45,5078445.0,210375976.0,,,,,,,,,1.0,1000.0,0.0,-531891.0,0.0,,,False,False,False,1000.0,-531891.0,False,,,,False,,⚪ 不列入,未達標,0,0
4764,雙鍵,TWSE,183.0,-6.5,1145874.0,210270310.0,,,,,,,,,0.0,-205521.0,1.0,166341.0,1742.0,,,False,False,False,-205521.0,166341.0,False,,,,False,,⚪ 不列入,未達標,0,0
4904,遠傳,TWSE,105.5,0.0,1985784.0,209827535.0,,,,,,,,,0.0,0.0,0.0,-792308.0,337216.0,,,False,False,False,0.0,-792308.0,False,,,,False,,⚪ 不列入,未達標,0,0
2371,大同,TWSE,28.85,-0.15,7247738.0,208643267.0,,,,,,,,,0.0,0.0,0.0,-585636.0,239931.0,,,False,False,False,0.0,-585636.0,False,,,,False,,⚪ 不列入,未達標,0,0
3583,辛耘,TWSE,698.0,7.0,299371.0,207315337.0,,,,,,,,,0.0,0.0,1.0,71124.0,12819.0,,,False,False,False,0.0,71124.0,False,,,,False,,⚪ 不列入,未達標,0,0
9904,寶成,TWSE,24.95,0.05,8323733.0,207296288.0,,,,,,,,,0.0,-51000.0,1.0,424398.0,116718.0,,,False,False,False,-51000.0,424398.0,False,,,,False,,⚪ 不列入,未達標,0,0
2241,艾姆勒,TWSE,43.6,-0.05,4744337.0,206840478.0,,,,,,,,,0.0,0.0,0.0,-366089.0,0.0,,,False,False,False,0.0,-366089.0,False,,,,False,,⚪ 不列入,未達標,0,0
6937,天虹,TWSE,300.5,0.5,678835.0,204554526.0,,,,,,,,,0.0,0.0,1.0,196145.0,64596.0,,,False,False,False,0.0,196145.0,False,,,,False,,⚪ 不列入,未達標,0,0
6005,群益證,TWSE,32.0,-0.55,6338990.0,203253423.0,,,,,,,,,1.0,4000.0,0.0,-2030062.0,0.0,,,False,False,False,4000.0,-2030062.0,False,,,,False,,⚪ 不列入,未達標,0,0
1528,恩德,TWSE,25.45,-0.2,7813369.0,202237589.0,,,,,,,,,0.0,0.0,1.0,158699.0,46.0,,,False,False,False,0.0,158699.0,False,,,,False,,⚪ 不列入,未達標,0,0
6902,GOGOLOOK,TWSE,176.5,8.0,1144665.0,201553671.0,,,,,,,,,0.0,0.0,0.0,-78846.0,0.0,,,False,False,False,0.0,-78846.0,False,,,,False,,⚪ 不列入,未達標,0,0
8033,雷虎,TWSE,168.5,0.0,1182926.0,198841095.0,,,,,,,,,0.0,0.0,0.0,-53991.0,0.0,,,False,False,False,0.0,-53991.0,False,,,,False,,⚪ 不列入,未達標,0,0
2034,允強,TWSE,22.8,0.8,8643926.0,196814676.0,,,,,,,,,0.0,0.0,0.0,-2188221.0,31145.0,,,False,False,False,0.0,-2188221.0,False,,,,False,,⚪ 不列入,未達標,0,0
8271,宇瞻,TWSE,200.0,-0.5,977099.0,193926980.0,,,,,,,,,0.0,0.0,0.0,-103000.0,8001.0,,,False,False,False,0.0,-103000.0,False,,,,False,,⚪ 不列入,未達標,0,0
2637,慧洋-KY,TWSE,100.5,0.0,1912163.0,191057657.0,,,,,,,,,1.0,1000.0,0.0,-1498003.0,33573.0,,,False,False,False,1000.0,-1498003.0,False,,,,False,,⚪ 不列入,未達標,0,0
1514,亞力,TWSE,102.0,-3.0,1861115.0,189059177.0,,,,,,,,,0.0,0.0,1.0,682605.0,8058.0,,,False,False,False,0.0,682605.0,False,,,,False,,⚪ 不列入,未達標,0,0
2338,光罩,TWSE,47.1,0.65,4013030.0,187461258.0,,,,,,,,,0.0,0.0,1.0,204248.0,28972.0,,,False,False,False,0.0,204248.0,False,,,,False,,⚪ 不列入,未達標,0,0
4576,大銀微系統,TWSE,225.0,1.5,810171.0,179944934.0,,,,,,,,,0.0,0.0,1.0,788396.0,112912.0,,,False,False,False,0.0,788396.0,False,,,,False,,⚪ 不列入,未達標,0,0
6438,迅得,TWSE,157.5,4.5,1118497.0,177352467.0,,,,,,,,,0.0,0.0,1.0,479781.0,19126.0,,,False,False,False,0.0,479781.0,False,,,,False,,⚪ 不列入,未達標,0,0
2388,威盛,TWSE,70.1,-0.7,2490248.0,174940332.0,,,,,,,,,1.0,20000.0,1.0,732540.0,20821.0,,,False,False,False,20000.0,732540.0,False,,,,False,,⚪ 不列入,未達標,0,0
3596,智易,TWSE,153.5,1.5,1094859.0,167767988.0,,,,,,,,,0.0,0.0,0.0,-97674.0,314.0,,,False,False,False,0.0,-97674.0,False,,,,False,,⚪ 不列入,未達標,0,0
4551,智伸科,TWSE,163.5,0.0,1013120.0,166144302.0,,,,,,,,,1.0,131000.0,1.0,295986.0,42556.0,,,False,False,False,131000.0,295986.0,False,,,,False,,⚪ 不列入,未達標,0,0
3149,正達,TWSE,63.3,0.1,2594500.0,164860738.0,,,,,,,,,0.0,0.0,1.0,1152680.0,721.0,,,False,False,False,0.0,1152680.0,False,,,,False,,⚪ 不列入,未達標,0,0
3673,TPK-KY,TWSE,65.6,0.8,2491440.0,162082152.0,,,,,,,,,0.0,0.0,0.0,-843518.0,278960.0,,,False,False,False,0.0,-843518.0,False,,,,False,,⚪ 不列入,未達標,0,0
4977,眾達-KY,TWSE,168.5,2.0,962856.0,159551190.0,,,,,,,,,0.0,0.0,0.0,-138684.0,49722.0,,,False,False,False,0.0,-138684.0,False,,,,False,,⚪ 不列入,未達標,0,0
2889,國票金,TWSE,16.55,-0.25,9529220.0,158398915.0,,,,,,,,,0.0,0.0,0.0,-3631000.0,41.0,,,False,False,False,0.0,-3631000.0,False,,,,False,,⚪ 不列入,未達標,0,0
1402,遠東新,TWSE,28.15,0.25,5471043.0,153439939.0,,,,,,,,,1.0,4000.0,0.0,-1640379.0,78192.0,,,False,False,False,4000.0,-1640379.0,False,,,,False,,⚪ 不列入,未達標,0,0
2645,長榮航太,TWSE,172.0,0.0,869516.0,148999058.0,,,,,,,,,0.0,0.0,0.0,-70987.0,10616.0,,,False,False,False,0.0,-70987.0,False,,,,False,,⚪ 不列入,未達標,0,0
1477,聚陽,TWSE,191.0,-1.5,781995.0,148977032.0,,,,,,,,,1.0,13001.0,0.0,-163776.0,4782.0,,,False,False,False,13001.0,-163776.0,False,,,,False,,⚪ 不列入,未達標,0,0
2385,群光,TWSE,104.5,0.5,1411766.0,146955594.0,,,,,,,,,0.0,-30300.0,1.0,285969.0,32408.0,,,False,False,False,-30300.0,285969.0,False,,,,False,PCB／CCL／載板,⚪ 不列入,未達標,0,0
6781,AES-KY,TWSE,1005.0,-10.0,143940.0,144914095.0,,,,,,,,,0.0,0.0,0.0,-34217.0,2810.0,,,False,False,False,0.0,-34217.0,False,,,,False,,⚪ 不列入,未達標,0,0
6269,台郡,TWSE,64.8,0.8,2254738.0,144646436.0,,,,,,,,,0.0,0.0,1.0,500448.0,32017.0,,,False,False,False,0.0,500448.0,False,,,,False,,⚪ 不列入,未達標,0,0
2006,東和鋼鐵,TWSE,87.8,2.0,1650426.0,144306210.0,,,,,,,,,0.0,0.0,0.0,-306425.0,1655.0,,,False,False,False,0.0,-306425.0,False,,,,False,,⚪ 不列入,未達標,0,0
4722,國精化,TWSE,184.0,-5.0,767926.0,142894147.0,,,,,,,,,0.0,0.0,1.0,128033.0,24316.0,,,False,False,False,0.0,128033.0,False,,,,False,,⚪ 不列入,未達標,0,0
3022,威強電,TWSE,93.1,2.4,1540683.0,142465110.0,,,,,,,,,0.0,0.0,1.0,63907.0,133.0,,,False,False,False,0.0,63907.0,False,,,,False,,⚪ 不列入,未達標,0,0
2332,友訊,TWSE,20.1,-0.3,7152630.0,142443053.0,,,,,,,,,0.0,0.0,1.0,1538970.0,0.0,,,False,False,False,0.0,1538970.0,False,,,,False,,⚪ 不列入,未達標,0,0
2478,大毅,TWSE,120.0,0.5,1175569.0,141433270.0,,,,,,,,,0.0,0.0,0.0,-438884.0,9425.0,,,False,False,False,0.0,-438884.0,False,,,,False,,⚪ 不列入,未達標,0,0
6957,裕慶-KY,TWSE,307.0,11.5,467387.0,139242188.0,,,,,,,,,0.0,0.0,1.0,20519.0,0.0,,,False,False,False,0.0,20519.0,False,,,,False,,⚪ 不列入,未達標,0,0
2207,和泰車,TWSE,510.0,-10.0,270934.0,138932843.0,,,,,,,,,1.0,1000.0,0.0,-94215.0,1000.0,,,False,False,False,1000.0,-94215.0,False,,,,False,,⚪ 不列入,未達標,0,0
2375,凱美,TWSE,117.5,-0.5,1160416.0,137194733.0,,,,,,,,,0.0,0.0,1.0,114047.0,5409.0,,,False,False,False,0.0,114047.0,False,,,,False,,⚪ 不列入,未達標,0,0
3413,京鼎,TWSE,288.0,2.5,476069.0,136434470.0,,,,,,,,,0.0,0.0,1.0,106517.0,19424.0,,,False,False,False,0.0,106517.0,False,,,,False,,⚪ 不列入,未達標,0,0
7788,松川精密,TWSE,289.5,-0.5,470469.0,135679724.0,,,,,,,,,0.0,0.0,1.0,73420.0,24191.0,,,False,False,False,0.0,73420.0,False,,,,False,,⚪ 不列入,未達標,0,0
4927,泰鼎-KY,TWSE,43.7,-0.05,3046929.0,133352698.0,,,,,,,,,0.0,0.0,1.0,55155.0,0.0,,,False,False,False,0.0,55155.0,False,,,,False,,⚪ 不列入,未達標,0,0
6949,沛爾生醫*-創,TWSE,50.3,0.0,2671825.0,132969669.0,,,,,,,,,0.0,0.0,0.0,-597429.0,8598.0,,,False,False,False,0.0,-597429.0,False,,,,False,,⚪ 不列入,未達標,0,0
1215,卜蜂,TWSE,105.5,0.0,1243333.0,130364771.0,,,,,,,,,0.0,0.0,1.0,6604.0,0.0,,,False,False,False,0.0,6604.0,False,,,,False,,⚪ 不列入,未達標,0,0
5434,崇越,TWSE,542.0,0.0,234099.0,126366756.0,,,,,,,,,0.0,0.0,0.0,-18219.0,3082.0,,,False,False,False,0.0,-18219.0,False,,,,False,,⚪ 不列入,未達標,0,0
6225,天瀚,TWSE,50.4,4.2,2846605.0,124867383.0,,,,,,,,,0.0,0.0,1.0,132000.0,0.0,,,False,False,False,0.0,132000.0,False,,,,False,,⚪ 不列入,未達標,0,0
2340,台亞,TWSE,34.55,0.2,3550658.0,124363739.0,,,,,,,,,0.0,0.0,1.0,3025234.0,227703.0,,,False,False,False,0.0,3025234.0,False,,,,False,,⚪ 不列入,未達標,0,0
2727,王品,TWSE,232.0,2.0,526585.0,122408219.0,,,,,,,,,0.0,-99000.0,1.0,293941.0,332.0,,,False,False,False,-99000.0,293941.0,False,,,,False,,⚪ 不列入,未達標,0,0
6742,澤米,TWSE,54.7,-0.5,2199168.0,121700834.0,,,,,,,,,0.0,0.0,1.0,142064.0,0.0,,,False,False,False,0.0,142064.0,False,,,,False,,⚪ 不列入,未達標,0,0
3030,德律,TWSE,270.0,5.5,456455.0,121636052.0,,,,,,,,,0.0,0.0,1.0,242076.0,74491.0,,,False,False,False,0.0,242076.0,False,,,,False,,⚪ 不列入,未達標,0,0
2413,環科,TWSE,51.3,-0.9,2307936.0,118839149.0,,,,,,,,,0.0,0.0,1.0,28500.0,581.0,,,False,False,False,0.0,28500.0,False,,,,False,,⚪ 不列入,未達標,0,0
7749,意騰-KY,TWSE,395.5,-6.5,295771.0,117777110.0,,,,,,,,,1.0,10000.0,1.0,29000.0,2661.0,,,False,False,False,10000.0,29000.0,False,,,,False,,⚪ 不列入,未達標,0,0
4989,榮科,TWSE,59.4,-0.5,1972543.0,116872258.0,,,,,,,,,0.0,0.0,0.0,-60699.0,2356.0,,,False,False,False,0.0,-60699.0,False,,,,False,,⚪ 不列入,未達標,0,0
3138,耀登,TWSE,99.4,2.3,1133071.0,114565142.0,,,,,,,,,0.0,0.0,0.0,-4900.0,553.0,,,False,False,False,0.0,-4900.0,False,,,,False,,⚪ 不列入,未達標,0,0
1409,新纖,TWSE,24.3,0.2,4672108.0,113068078.0,,,,,,,,,1.0,1000.0,1.0,536765.0,7970.0,,,False,False,False,1000.0,536765.0,False,,,,False,,⚪ 不列入,未達標,0,0
2393,億光,TWSE,63.4,1.2,1785998.0,112821304.0,,,,,,,,,0.0,-296852.0,1.0,498100.0,950.0,,,False,False,False,-296852.0,498100.0,False,,,,False,,⚪ 不列入,未達標,0,0
1312,國喬,TWSE,14.6,0.0,7756553.0,112242883.0,,,,,,,,,0.0,0.0,0.0,-2628569.0,16161.0,,,False,False,False,0.0,-2628569.0,False,,,,False,,⚪ 不列入,未達標,0,0
5285,界霖,TWSE,89.9,-2.3,1236954.0,111887719.0,,,,,,,,,0.0,0.0,1.0,140711.0,1024.0,,,False,False,False,0.0,140711.0,False,,,,False,,⚪ 不列入,未達標,0,0
2033,佳大,TWSE,36.8,-0.5,3052504.0,111841133.0,,,,,,,,,0.0,0.0,0.0,-37026.0,0.0,,,False,False,False,0.0,-37026.0,False,,,,False,,⚪ 不列入,未達標,0,0
2359,所羅門,TWSE,127.5,-0.5,878250.0,111615493.0,,,,,,,,,0.0,0.0,0.0,-41017.0,1869.0,,,False,False,False,0.0,-41017.0,False,,,,False,機器人／智慧自動化,⚪ 不列入,未達標,0,0
2104,國際中橡,TWSE,11.15,-0.5,9828558.0,110326311.0,,,,,,,,,0.0,0.0,0.0,-1303346.0,0.0,,,False,False,False,0.0,-1303346.0,False,,,,False,,⚪ 不列入,未達標,0,0
3535,晶彩科,TWSE,88.4,2.4,1225076.0,109428552.0,,,,,,,,,0.0,0.0,1.0,303685.0,4463.0,,,False,False,False,0.0,303685.0,False,,,,False,,⚪ 不列入,未達標,0,0
6668,中揚光,TWSE,47.55,0.6,2272592.0,108387954.0,,,,,,,,,0.0,0.0,1.0,63185.0,0.0,,,False,False,False,0.0,63185.0,False,,,,False,,⚪ 不列入,未達標,0,0
2312,金寶,TWSE,30.65,0.05,3523917.0,107494527.0,,,,,,,,,1.0,2000.0,1.0,31100.0,12160.0,,,False,False,False,2000.0,31100.0,False,,,,False,,⚪ 不列入,未達標,0,0
5284,jpp-KY,TWSE,295.5,-5.5,356041.0,105593482.0,,,,,,,,,0.0,0.0,1.0,83202.0,4187.0,,,False,False,False,0.0,83202.0,False,,,,False,,⚪ 不列入,未達標,0,0
6112,邁達特,TWSE,47.7,-0.5,2136528.0,103328278.0,,,,,,,,,0.0,0.0,1.0,221009.0,729.0,,,False,False,False,0.0,221009.0,False,,,,False,,⚪ 不列入,未達標,0,0
3135,凌航,TWSE,156.5,-2.5,639398.0,100226816.0,,,,,,,,,0.0,0.0,0.0,-19343.0,880.0,,,False,False,False,0.0,-19343.0,False,,,,False,,⚪ 不列入,未達標,0,0
6226,光鼎,TWSE,44.0,1.3,2311220.0,100156589.0,,,,,,,,,0.0,0.0,1.0,144010.0,0.0,,,False,False,False,0.0,144010.0,False,,,,False,,⚪ 不列入,未達標,0,0
5388,中磊,TWSE,73.4,0.8,1360869.0,99122880.0,,,,,,,,,0.0,0.0,0.0,-1545391.0,9453.0,,,False,False,False,0.0,-1545391.0,False,,,,False,,⚪ 不列入,未達標,0,0
2316,楠梓電,TWSE,160.5,1.5,602793.0,96266541.0,,,,,,,,,0.0,0.0,1.0,170344.0,36890.0,,,False,False,False,0.0,170344.0,False,,,,False,,⚪ 不列入,未達標,0,0
4915,致伸,TWSE,64.1,-0.3,1492781.0,95660254.0,,,,,,,,,1.0,3000.0,0.0,-458475.0,30913.0,,,False,False,False,3000.0,-458475.0,False,,,,False,,⚪ 不列入,未達標,0,0
2369,菱生,TWSE,31.25,-0.4,3015587.0,94032499.0,,,,,,,,,0.0,0.0,1.0,1014240.0,44150.0,,,False,False,False,0.0,1014240.0,False,,,,False,,⚪ 不列入,未達標,0,0
6449,鈺邦,TWSE,209.5,-1.0,447534.0,93948795.0,,,,,,,,,0.0,0.0,0.0,-222264.0,1501.0,,,False,False,False,0.0,-222264.0,False,,,,False,,⚪ 不列入,未達標,0,0
2915,潤泰全,TWSE,60.0,-0.1,1536402.0,92330674.0,,,,,,,,,0.0,0.0,0.0,-146005.0,5150.0,,,False,False,False,0.0,-146005.0,False,,,,False,,⚪ 不列入,未達標,0,0
8016,矽創,TWSE,283.5,2.0,323090.0,90583917.0,,,,,,,,,1.0,16000.0,1.0,36025.0,2000.0,,,False,False,False,16000.0,36025.0,False,,,,False,,⚪ 不列入,未達標,0,0
6141,柏承,TWSE,51.8,0.0,1742591.0,90257545.0,,,,,,,,,0.0,0.0,1.0,63929.0,0.0,,,False,False,False,0.0,63929.0,False,,,,False,,⚪ 不列入,未達標,0,0
4906,正文,TWSE,37.65,-0.45,2374151.0,89324381.0,,,,,,,,,0.0,0.0,1.0,2077611.0,417796.0,,,False,False,False,0.0,2077611.0,False,,,,False,,⚪ 不列入,未達標,0,0
2329,華泰,TWSE,44.4,0.05,2017252.0,89062111.0,,,,,,,,,0.0,0.0,0.0,-216011.0,9165.0,,,False,False,False,0.0,-216011.0,False,,,,False,,⚪ 不列入,未達標,0,0
2633,台灣高鐵,TWSE,25.55,-0.05,3474946.0,88801888.0,,,,,,,,,1.0,80000.0,0.0,-5166841.0,5000.0,,,False,False,False,80000.0,-5166841.0,False,,,,False,,⚪ 不列入,未達標,0,0
3005,神基,TWSE,116.5,-1.0,758055.0,88305833.0,,,,,,,,,1.0,22566.0,1.0,318407.0,44470.0,,,False,False,False,22566.0,318407.0,False,,,,False,,⚪ 不列入,未達標,0,0
6658,聯策,TWSE,179.0,1.5,484819.0,88131574.0,,,,,,,,,0.0,0.0,1.0,53678.0,951.0,,,False,False,False,0.0,53678.0,False,,,,False,,⚪ 不列入,未達標,0,0
2476,鉅祥,TWSE,122.5,0.5,721500.0,87743290.0,,,,,,,,,0.0,0.0,1.0,286296.0,29824.0,,,False,False,False,0.0,286296.0,False,,,,False,,⚪ 不列入,未達標,0,0
9958,世紀鋼,TWSE,92.2,0.3,930936.0,85837031.0,,,,,,,,,0.0,0.0,1.0,198605.0,2985.0,,,False,False,False,0.0,198605.0,False,,,,False,,⚪ 不列入,未達標,0,0
3504,揚明光,TWSE,78.5,0.5,1077317.0,84958435.0,,,,,,,,,0.0,0.0,1.0,96000.0,6302.0,,,False,False,False,0.0,96000.0,False,,,,False,,⚪ 不列入,未達標,0,0
2468,華經,TWSE,46.25,0.8,1795696.0,84167303.0,,,,,,,,,0.0,0.0,1.0,47000.0,0.0,,,False,False,False,0.0,47000.0,False,,,,False,,⚪ 不列入,未達標,0,0
8422,可寧衛*,TWSE,25.55,-0.1,3243126.0,82883984.0,,,,,,,,,1.0,1000.0,1.0,63100.0,35000.0,,,False,False,False,1000.0,63100.0,False,,,,False,,⚪ 不列入,未達標,0,0
3229,晟鈦,TWSE,56.4,-1.0,1457101.0,82603596.0,,,,,,,,,0.0,0.0,0.0,-103445.0,0.0,,,False,False,False,0.0,-103445.0,False,,,,False,,⚪ 不列入,未達標,0,0
2399,映泰,TWSE,47.3,0.2,1726908.0,80979116.0,,,,,,,,,0.0,0.0,1.0,1668603.0,32438.0,,,False,False,False,0.0,1668603.0,False,,,,False,,⚪ 不列入,未達標,0,0
9105,泰金寶-DR,TWSE,8.43,0.1,9537724.0,80251707.0,,,,,,,,,0.0,0.0,1.0,2144301.0,743714.0,,,False,False,False,0.0,2144301.0,False,,,,False,,⚪ 不列入,未達標,0,0
3048,益登,TWSE,51.9,1.5,1556204.0,80024512.0,,,,,,,,,0.0,0.0,0.0,-297000.0,0.0,,,False,False,False,0.0,-297000.0,False,,,,False,,⚪ 不列入,未達標,0,0
8438,昶昕,TWSE,76.6,-1.4,998074.0,78507176.0,,,,,,,,,0.0,0.0,1.0,159888.0,434.0,,,False,False,False,0.0,159888.0,False,,,,False,,⚪ 不列入,未達標,0,0
4540,全球傳動,TWSE,60.0,0.4,1301410.0,78056052.0,,,,,,,,,0.0,0.0,1.0,1668192.0,0.0,,,False,False,False,0.0,1668192.0,False,,,,False,,⚪ 不列入,未達標,0,0
8070,長華*,TWSE,49.7,0.15,1577793.0,77619644.0,,,,,,,,,0.0,0.0,1.0,1001.0,84.0,,,False,False,False,0.0,1001.0,False,,,,False,,⚪ 不列入,未達標,0,0
2367,燿華,TWSE,41.7,0.0,1869210.0,77609694.0,,,,,,,,,0.0,0.0,1.0,224097.0,425.0,,,False,False,False,0.0,224097.0,False,,,,False,,⚪ 不列入,未達標,0,0
2211,長榮鋼,TWSE,79.6,-0.8,968162.0,76987719.0,,,,,,,,,1.0,5000.0,0.0,-264725.0,4000.0,,,False,False,False,5000.0,-264725.0,False,,,,False,,⚪ 不列入,未達標,0,0
4961,天鈺,TWSE,180.5,2.0,430723.0,76759150.0,,,,,,,,,0.0,-2000.0,1.0,186771.0,18059.0,,,False,False,False,-2000.0,186771.0,False,,,,False,,⚪ 不列入,未達標,0,0
1711,永光,TWSE,38.6,-0.3,1949606.0,75513351.0,,,,,,,,,0.0,0.0,1.0,1596808.0,61872.0,,,False,False,False,0.0,1596808.0,False,,,,False,,⚪ 不列入,未達標,0,0
1795,美時,TWSE,175.5,-2.0,420878.0,74168959.0,,,,,,,,,0.0,0.0,1.0,100072.0,3837.0,,,False,False,False,0.0,100072.0,False,,,,False,,⚪ 不列入,未達標,0,0
2636,台驊控股,TWSE,71.9,1.1,1009165.0,72361343.0,,,,,,,,,0.0,0.0,0.0,-100000.0,0.0,,,False,False,False,0.0,-100000.0,False,,,,False,,⚪ 不列入,未達標,0,0
6491,晶碩,TWSE,402.0,-5.5,177464.0,71600250.0,,,,,,,,,0.0,0.0,1.0,116224.0,439.0,,,False,False,False,0.0,116224.0,False,,,,False,,⚪ 不列入,未達標,0,0
6243,迅杰,TWSE,39.5,-1.75,1765177.0,70568501.0,,,,,,,,,0.0,0.0,0.0,-18667.0,286.0,,,False,False,False,0.0,-18667.0,False,,,,False,,⚪ 不列入,未達標,0,0
8162,微矽電子-創,TWSE,65.1,2.1,1079258.0,70438365.0,,,,,,,,,0.0,0.0,0.0,-72946.0,321.0,,,False,False,False,0.0,-72946.0,False,,,,False,,⚪ 不列入,未達標,0,0
6224,聚鼎,TWSE,82.2,0.0,842435.0,69525175.0,,,,,,,,,0.0,0.0,1.0,112411.0,0.0,,,False,False,False,0.0,112411.0,False,,,,False,,⚪ 不列入,未達標,0,0
2850,新產,TWSE,157.5,-1.0,438941.0,69063415.0,,,,,,,,,0.0,0.0,1.0,145463.0,0.0,,,False,False,False,0.0,145463.0,False,,,,False,,⚪ 不列入,未達標,0,0
1440,南紡,TWSE,13.5,0.25,5143466.0,68962900.0,,,,,,,,,0.0,0.0,0.0,-774333.0,0.0,,,False,False,False,0.0,-774333.0,False,,,,False,,⚪ 不列入,未達標,0,0
3033,威健,TWSE,41.8,0.2,1650028.0,68579426.0,,,,,,,,,0.0,0.0,1.0,263019.0,32709.0,,,False,False,False,0.0,263019.0,False,,,,False,,⚪ 不列入,未達標,0,0
8926,台汽電,TWSE,58.8,0.4,1170114.0,68555271.0,,,,,,,,,1.0,1000.0,0.0,-321865.0,6878.0,,,False,False,False,1000.0,-321865.0,False,,,,False,,⚪ 不列入,未達標,0,0
2465,麗臺,TWSE,88.9,-0.3,760389.0,67358120.0,,,,,,,,,0.0,0.0,1.0,198982.0,0.0,,,False,False,False,0.0,198982.0,False,,,,False,,⚪ 不列入,未達標,0,0
6191,精成科,TWSE,82.3,-0.5,813601.0,66974349.0,,,,,,,,,0.0,0.0,1.0,595030.0,6874.0,,,False,False,False,0.0,595030.0,False,,,,False,,⚪ 不列入,未達標,0,0
4960,誠美材,TWSE,22.45,-0.3,2974800.0,66586540.0,,,,,,,,,0.0,0.0,1.0,1335280.0,5999.0,,,False,False,False,0.0,1335280.0,False,,,,False,,⚪ 不列入,未達標,0,0
2032,新鋼,TWSE,18.55,1.0,3573551.0,65907419.0,,,,,,,,,0.0,0.0,0.0,-1987.0,0.0,,,False,False,False,0.0,-1987.0,False,,,,False,,⚪ 不列入,未達標,0,0
1609,大亞,TWSE,37.85,0.0,1730773.0,65189415.0,,,,,,,,,0.0,0.0,0.0,-937383.0,1562.0,,,False,False,False,0.0,-937383.0,False,,,,False,,⚪ 不列入,未達標,0,0
2352,佳世達,TWSE,29.0,0.0,2247808.0,65151357.0,,,,,,,,,0.0,0.0,1.0,669699.0,9758.0,,,False,False,False,0.0,669699.0,False,,,,False,,⚪ 不列入,未達標,0,0
2014,中鴻,TWSE,16.9,0.25,3896414.0,64768975.0,,,,,,,,,0.0,0.0,0.0,-300897.0,0.0,,,False,False,False,0.0,-300897.0,False,,,,False,,⚪ 不列入,未達標,0,0
8464,億豐,TWSE,372.5,-2.0,172907.0,64494076.0,,,,,,,,,1.0,30000.0,1.0,65974.0,176.0,,,False,False,False,30000.0,65974.0,False,,,,False,,⚪ 不列入,未達標,0,0
1714,和桐,TWSE,15.75,-0.05,4047440.0,63901518.0,,,,,,,,,0.0,0.0,1.0,72944.0,5594.0,,,False,False,False,0.0,72944.0,False,,,,False,,⚪ 不列入,未達標,0,0
7768,頌勝科技,TWSE,304.5,12.5,209303.0,63874731.0,,,,,,,,,0.0,0.0,0.0,-30000.0,0.0,,,False,False,False,0.0,-30000.0,False,,,,False,,⚪ 不列入,未達標,0,0
1773,勝一,TWSE,164.5,-0.5,385456.0,63533031.0,,,,,,,,,1.0,1000.0,1.0,215487.0,12249.0,,,False,False,False,1000.0,215487.0,False,,,,False,,⚪ 不列入,未達標,0,0
2845,遠東銀,TWSE,13.3,-0.05,4754137.0,63185895.0,,,,,,,,,0.0,0.0,0.0,-2588000.0,76.0,,,False,False,False,0.0,-2588000.0,False,,,,False,,⚪ 不列入,未達標,0,0
2374,佳能,TWSE,66.3,0.2,953374.0,63035152.0,,,,,,,,,0.0,0.0,1.0,219000.0,4950.0,,,False,False,False,0.0,219000.0,False,,,,False,,⚪ 不列入,未達標,0,0
1597,直得,TWSE,133.5,0.0,467381.0,62202747.0,,,,,,,,,0.0,0.0,1.0,729690.0,79317.0,,,False,False,False,0.0,729690.0,False,,,,False,,⚪ 不列入,未達標,0,0
2820,華票,TWSE,17.0,-0.25,3574481.0,60921188.0,,,,,,,,,0.0,0.0,0.0,-95507.0,0.0,,,False,False,False,0.0,-95507.0,False,,,,False,,⚪ 不列入,未達標,0,0
2439,美律,TWSE,78.2,0.2,780903.0,60841746.0,,,,,,,,,0.0,-2000.0,1.0,487517.0,438.0,,,False,False,False,-2000.0,487517.0,False,,,,False,,⚪ 不列入,未達標,0,0
6133,金橋,TWSE,25.95,-0.1,2307472.0,60477780.0,,,,,,,,,0.0,0.0,1.0,2471125.0,0.0,,,False,False,False,0.0,2471125.0,False,,,,False,,⚪ 不列入,未達標,0,0
6525,捷敏-KY,TWSE,133.5,0.5,449529.0,60054965.0,,,,,,,,,0.0,0.0,1.0,151539.0,6562.0,,,False,False,False,0.0,151539.0,False,,,,False,,⚪ 不列入,未達標,0,0
7827,漢康-KY創,TWSE,162.5,-0.5,370700.0,59227941.0,,,,,,,,,0.0,0.0,0.0,-52612.0,114.0,,,False,False,False,0.0,-52612.0,False,,,,False,,⚪ 不列入,未達標,0,0
8454,富邦媒,TWSE,239.0,-5.5,246679.0,59078727.0,,,,,,,,,0.0,0.0,0.0,-81100.0,134.0,,,False,False,False,0.0,-81100.0,False,,,,False,,⚪ 不列入,未達標,0,0
2392,正崴,TWSE,41.85,-0.3,1407640.0,58930481.0,,,,,,,,,0.0,0.0,0.0,-1428000.0,123125.0,,,False,False,False,0.0,-1428000.0,False,,,,False,,⚪ 不列入,未達標,0,0
9921,巨大,TWSE,90.6,0.3,646617.0,58623828.0,,,,,,,,,0.0,0.0,1.0,660213.0,8480.0,,,False,False,False,0.0,660213.0,False,,,,False,,⚪ 不列入,未達標,0,0
3592,瑞鼎,TWSE,224.5,1.5,258281.0,57603441.0,,,,,,,,,1.0,8000.0,1.0,101987.0,0.0,,,False,False,False,8000.0,101987.0,False,,,,False,,⚪ 不列入,未達標,0,0
1718,中纖,TWSE,10.5,-0.1,5447791.0,57255103.0,,,,,,,,,0.0,0.0,1.0,1388821.0,0.0,,,False,False,False,0.0,1388821.0,False,,,,False,,⚪ 不列入,未達標,0,0
3032,偉訓,TWSE,79.0,-3.0,716619.0,56712852.0,,,,,,,,,0.0,0.0,0.0,-47940.0,0.0,,,False,False,False,0.0,-47940.0,False,,,,False,,⚪ 不列入,未達標,0,0
8081,致新,TWSE,254.0,3.5,224628.0,56663372.0,,,,,,,,,1.0,10400.0,1.0,97483.0,2000.0,,,False,False,False,10400.0,97483.0,False,,,,False,,⚪ 不列入,未達標,0,0
3437,榮創,TWSE,22.0,0.4,2575324.0,56650091.0,,,,,,,,,0.0,0.0,1.0,222674.0,0.0,,,False,False,False,0.0,222674.0,False,,,,False,,⚪ 不列入,未達標,0,0
1710,東聯,TWSE,16.4,-0.3,3365755.0,55600583.0,,,,,,,,,0.0,0.0,1.0,332613.0,52129.0,,,False,False,False,0.0,332613.0,False,,,,False,,⚪ 不列入,未達標,0,0
9933,中鼎,TWSE,41.0,-0.1,1284584.0,53055756.0,,,,,,,,,1.0,1000.0,0.0,-996741.0,0.0,,,False,False,False,1000.0,-996741.0,False,,,,False,,⚪ 不列入,未達標,0,0
1229,聯華,TWSE,40.1,0.1,1314141.0,52623337.0,,,,,,,,,1.0,3000.0,0.0,-1959585.0,7683.0,,,False,False,False,3000.0,-1959585.0,False,,,,False,,⚪ 不列入,未達標,0,0
2233,宇隆,TWSE,164.0,0.5,317462.0,51905189.0,,,,,,,,,0.0,0.0,1.0,21000.0,3141.0,,,False,False,False,0.0,21000.0,False,,,,False,,⚪ 不列入,未達標,0,0
6719,力智,TWSE,184.0,1.0,283508.0,51802736.0,,,,,,,,,1.0,10000.0,1.0,43339.0,142.0,,,False,False,False,10000.0,43339.0,False,,,,False,,⚪ 不列入,未達標,0,0
6202,盛群,TWSE,58.2,-0.8,879959.0,51297329.0,,,,,,,,,1.0,10000.0,1.0,94455.0,5497.0,,,False,False,False,10000.0,94455.0,False,,,,False,,⚪ 不列入,未達標,0,0
2236,百達-KY,TWSE,107.5,-3.5,470851.0,51053069.0,,,,,,,,,0.0,0.0,1.0,433922.0,1104.0,,,False,False,False,0.0,433922.0,False,,,,False,,⚪ 不列入,未達標,0,0
2069,運錩,TWSE,25.7,0.8,1991600.0,50775090.0,,,,,,,,,0.0,0.0,0.0,-276443.0,0.0,,,False,False,False,0.0,-276443.0,False,,,,False,,⚪ 不列入,未達標,0,0
1319,東陽,TWSE,78.9,0.1,638673.0,50307415.0,,,,,,,,,1.0,3000.0,0.0,-198820.0,3787.0,,,False,False,False,3000.0,-198820.0,False,,,,False,,⚪ 不列入,未達標,0,0
3380,明泰,TWSE,31.6,0.6,1565415.0,49171127.0,,,,,,,,,1.0,1000.0,0.0,-229983.0,3611.0,,,False,False,False,1000.0,-229983.0,False,,,,False,,⚪ 不列入,未達標,0,0
2355,敬鵬,TWSE,41.7,0.1,1176852.0,49070336.0,,,,,,,,,0.0,0.0,0.0,-1247.0,1106.0,,,False,False,False,0.0,-1247.0,False,,,,False,,⚪ 不列入,未達標,0,0
3028,增你強,TWSE,62.5,0.8,783469.0,49044338.0,,,,,,,,,1.0,6100.0,0.0,-109884.0,5333.0,,,False,False,False,6100.0,-109884.0,False,,,,False,,⚪ 不列入,未達標,0,0
2201,裕隆,TWSE,29.25,0.0,1659665.0,48554093.0,,,,,,,,,0.0,0.0,0.0,-326914.0,1914.0,,,False,False,False,0.0,-326914.0,False,,,,False,,⚪ 不列入,未達標,0,0
7740,熙特爾-創,TWSE,109.5,-2.0,448580.0,48363615.0,,,,,,,,,0.0,0.0,1.0,31000.0,543.0,,,False,False,False,0.0,31000.0,False,,,,False,,⚪ 不列入,未達標,0,0
8131,福懋科,TWSE,61.4,0.0,792721.0,48235361.0,,,,,,,,,0.0,0.0,1.0,161762.0,188.0,,,False,False,False,0.0,161762.0,False,,,,False,,⚪ 不列入,未達標,0,0
6177,達麗,TWSE,46.2,-0.3,1039055.0,48087808.0,,,,,,,,,1.0,22804.0,0.0,-136897.0,0.0,,,False,False,False,22804.0,-136897.0,False,,,,False,,⚪ 不列入,未達標,0,0
3013,晟銘電,TWSE,84.5,0.2,569586.0,47694986.0,,,,,,,,,0.0,0.0,0.0,-46000.0,316.0,,,False,False,False,0.0,-46000.0,False,,,,False,,⚪ 不列入,未達標,0,0
2646,星宇航空,TWSE,20.2,-0.15,2334494.0,47229167.0,,,,,,,,,1.0,2000.0,0.0,-1183899.0,26000.0,,,False,False,False,2000.0,-1183899.0,False,,,,False,,⚪ 不列入,未達標,0,0
2402,毅嘉,TWSE,54.8,1.2,860023.0,46725314.0,,,,,,,,,0.0,0.0,1.0,431119.0,138012.0,,,False,False,False,0.0,431119.0,False,,,,False,,⚪ 不列入,未達標,0,0
1536,和大,TWSE,47.0,0.7,996126.0,46522882.0,,,,,,,,,0.0,0.0,0.0,-82080.0,94.0,,,False,False,False,0.0,-82080.0,False,,,,False,,⚪ 不列入,未達標,0,0
2504,國產,TWSE,30.9,-0.2,1456108.0,44705131.0,,,,,,,,,1.0,29499.0,0.0,-1247622.0,14000.0,,,False,False,False,29499.0,-1247622.0,False,,,,False,,⚪ 不列入,未達標,0,0
9910,豐泰,TWSE,69.4,-0.6,643314.0,44699303.0,,,,,,,,,1.0,9000.0,1.0,25005.0,1007.0,,,False,False,False,9000.0,25005.0,False,,,,False,,⚪ 不列入,未達標,0,0
3021,鴻名,TWSE,26.95,2.45,1664520.0,44202287.0,,,,,,,,,0.0,0.0,1.0,294000.0,0.0,,,False,False,False,0.0,294000.0,False,,,,False,,⚪ 不列入,未達標,0,0
6206,飛捷,TWSE,139.0,0.0,318098.0,44072801.0,,,,,,,,,0.0,-2000.0,1.0,387844.0,45326.0,,,False,False,False,-2000.0,387844.0,False,,,,False,,⚪ 不列入,未達標,0,0
6589,台康生技,TWSE,51.4,-2.5,832462.0,43322445.0,,,,,,,,,0.0,0.0,1.0,115363.0,16.0,,,False,False,False,0.0,115363.0,False,,,,False,,⚪ 不列入,未達標,0,0
2103,台橡,TWSE,27.8,-0.1,1545422.0,42728193.0,,,,,,,,,0.0,0.0,0.0,-497814.0,4757.0,,,False,False,False,0.0,-497814.0,False,,,,False,,⚪ 不列入,未達標,0,0
3617,碩天,TWSE,242.5,-0.5,177345.0,42707757.0,,,,,,,,,0.0,0.0,1.0,65343.0,358.0,,,False,False,False,0.0,65343.0,False,,,,False,,⚪ 不列入,未達標,0,0
3528,安馳,TWSE,85.0,0.5,504831.0,42681763.0,,,,,,,,,0.0,0.0,1.0,1799.0,0.0,,,False,False,False,0.0,1799.0,False,,,,False,,⚪ 不列入,未達標,0,0
5608,四維航,TWSE,17.0,-0.2,2438650.0,41435895.0,,,,,,,,,0.0,0.0,1.0,39665.0,0.0,,,False,False,False,0.0,39665.0,False,,,,False,,⚪ 不列入,未達標,0,0
5522,遠雄,TWSE,60.7,-0.2,682178.0,41288423.0,,,,,,,,,1.0,9519.0,0.0,-67422.0,0.0,,,False,False,False,9519.0,-67422.0,False,,,,False,,⚪ 不列入,未達標,0,0
3704,合勤控,TWSE,40.5,0.2,1010185.0,40861022.0,,,,,,,,,0.0,0.0,0.0,-29000.0,1563.0,,,False,False,False,0.0,-29000.0,False,,,,False,,⚪ 不列入,未達標,0,0
6885,全福生技,TWSE,31.15,0.9,1319077.0,40790354.0,,,,,,,,,0.0,0.0,1.0,153020.0,0.0,,,False,False,False,0.0,153020.0,False,,,,False,,⚪ 不列入,未達標,0,0
3312,弘憶股,TWSE,50.5,0.0,802159.0,40358347.0,,,,,,,,,0.0,0.0,1.0,217130.0,0.0,,,False,False,False,0.0,217130.0,False,,,,False,,⚪ 不列入,未達標,0,0
8114,振樺電,TWSE,177.5,2.5,228963.0,40328070.0,,,,,,,,,0.0,-2000.0,1.0,17990.0,0.0,,,False,False,False,-2000.0,17990.0,False,,,,False,,⚪ 不列入,未達標,0,0
2539,櫻花建,TWSE,34.45,-0.45,1158192.0,39906251.0,,,,,,,,,0.0,-26620.0,1.0,57890.0,0.0,,,False,False,False,-26620.0,57890.0,False,,,,False,,⚪ 不列入,未達標,0,0
2485,兆赫,TWSE,39.15,-0.1,1008262.0,39450015.0,,,,,,,,,0.0,0.0,1.0,473960.0,343.0,,,False,False,False,0.0,473960.0,False,,,,False,,⚪ 不列入,未達標,0,0
9939,宏全,TWSE,124.5,-0.5,312764.0,38952501.0,,,,,,,,,0.0,0.0,0.0,-43953.0,0.0,,,False,False,False,0.0,-43953.0,False,,,,False,,⚪ 不列入,未達標,0,0
5471,松翰,TWSE,51.7,0.1,758373.0,38921953.0,,,,,,,,,0.0,0.0,1.0,190150.0,2000.0,,,False,False,False,0.0,190150.0,False,,,,False,,⚪ 不列入,未達標,0,0
1608,華榮,TWSE,35.5,-0.25,1084797.0,38515098.0,,,,,,,,,0.0,0.0,0.0,-848634.0,1787.0,,,False,False,False,0.0,-848634.0,False,,,,False,,⚪ 不列入,未達標,0,0
2031,新光鋼,TWSE,46.1,0.75,819549.0,37638069.0,,,,,,,,,1.0,5000.0,1.0,735347.0,3532.0,,,False,False,False,5000.0,735347.0,False,,,,False,,⚪ 不列入,未達標,0,0
2328,廣宇,TWSE,47.0,-0.1,797393.0,37473249.0,,,,,,,,,0.0,0.0,1.0,117614.0,14000.0,,,False,False,False,0.0,117614.0,False,,,,False,,⚪ 不列入,未達標,0,0
4912,聯德控股-KY,TWSE,96.8,-1.6,373546.0,36780315.0,,,,,,,,,0.0,0.0,1.0,14000.0,0.0,,,False,False,False,0.0,14000.0,False,,,,False,,⚪ 不列入,未達標,0,0
1736,喬山,TWSE,127.5,1.5,287781.0,36698783.0,,,,,,,,,0.0,0.0,1.0,180084.0,335.0,,,False,False,False,0.0,180084.0,False,,,,False,,⚪ 不列入,未達標,0,0
6782,視陽,TWSE,233.5,-6.5,156032.0,36578313.0,,,,,,,,,0.0,0.0,0.0,-1581.0,767.0,,,False,False,False,0.0,-1581.0,False,,,,False,,⚪ 不列入,未達標,0,0
3305,昇貿,TWSE,103.0,1.0,355654.0,36497963.0,,,,,,,,,0.0,0.0,1.0,226766.0,16236.0,,,False,False,False,0.0,226766.0,False,,,,False,,⚪ 不列入,未達標,0,0
2501,國建,TWSE,21.1,-0.1,1723858.0,36320947.0,,,,,,,,,0.0,0.0,1.0,473000.0,1531.0,,,False,False,False,0.0,473000.0,False,,,,False,,⚪ 不列入,未達標,0,0
3543,州巧,TWSE,45.7,-0.3,784913.0,35870027.0,,,,,,,,,0.0,0.0,0.0,-61616.0,0.0,,,False,False,False,0.0,-61616.0,False,,,,False,,⚪ 不列入,未達標,0,0
5469,瀚宇博,TWSE,73.0,0.4,491986.0,35802180.0,,,,,,,,,0.0,0.0,1.0,218449.0,1000.0,,,False,False,False,0.0,218449.0,False,,,,False,,⚪ 不列入,未達標,0,0
6215,和椿,TWSE,96.8,-0.5,367400.0,35666970.0,,,,,,,,,0.0,0.0,1.0,25109.0,648.0,,,False,False,False,0.0,25109.0,False,,,,False,,⚪ 不列入,未達標,0,0
2520,冠德,TWSE,37.3,0.35,937879.0,34873983.0,,,,,,,,,0.0,0.0,0.0,-254544.0,292.0,,,False,False,False,0.0,-254544.0,False,,,,False,,⚪ 不列入,未達標,0,0
6670,復盛應用,TWSE,273.0,0.0,126922.0,34694484.0,,,,,,,,,0.0,0.0,1.0,93728.0,0.0,,,False,False,False,0.0,93728.0,False,,,,False,,⚪ 不列入,未達標,0,0
1563,巧新,TWSE,75.2,1.5,457123.0,34383286.0,,,,,,,,,0.0,0.0,1.0,41597.0,265.0,,,False,False,False,0.0,41597.0,False,,,,False,,⚪ 不列入,未達標,0,0
2009,第一銅,TWSE,39.15,-0.2,874995.0,34160272.0,,,,,,,,,0.0,0.0,0.0,-419675.0,12309.0,,,False,False,False,0.0,-419675.0,False,,,,False,,⚪ 不列入,未達標,0,0
2323,中環,TWSE,10.8,0.0,3157028.0,34051639.0,,,,,,,,,0.0,0.0,0.0,-2050123.0,14000.0,,,False,False,False,0.0,-2050123.0,False,,,,False,,⚪ 不列入,未達標,0,0
9802,鈺齊-KY,TWSE,63.7,-0.5,524913.0,33434253.0,,,,,,,,,0.0,0.0,1.0,203416.0,0.0,,,False,False,False,0.0,203416.0,False,,,,False,,⚪ 不列入,未達標,0,0
2434,統懋,TWSE,65.2,-2.2,507659.0,33137337.0,,,,,,,,,0.0,0.0,0.0,-26722.0,0.0,,,False,False,False,0.0,-26722.0,False,,,,False,,⚪ 不列入,未達標,0,0
2401,凌陽,TWSE,25.55,-0.15,1298421.0,33132151.0,,,,,,,,,1.0,10000.0,1.0,174783.0,29066.0,,,False,False,False,10000.0,174783.0,False,,,,False,,⚪ 不列入,未達標,0,0
6153,嘉聯益,TWSE,17.2,0.15,1902952.0,32842259.0,,,,,,,,,0.0,0.0,1.0,1073076.0,0.0,,,False,False,False,0.0,1073076.0,False,,,,False,,⚪ 不列入,未達標,0,0
6753,龍德造船,TWSE,132.5,1.0,248283.0,32822054.0,,,,,,,,,0.0,0.0,0.0,-74975.0,12780.0,,,False,False,False,0.0,-74975.0,False,,,,False,,⚪ 不列入,未達標,0,0
2010,春源,TWSE,22.35,0.45,1464117.0,32541924.0,,,,,,,,,0.0,0.0,0.0,-173456.0,3000.0,,,False,False,False,0.0,-173456.0,False,,,,False,,⚪ 不列入,未達標,0,0
4739,康普,TWSE,79.5,-0.6,409578.0,32511266.0,,,,,,,,,0.0,0.0,1.0,403647.0,42100.0,,,False,False,False,0.0,403647.0,False,,,,False,,⚪ 不列入,未達標,0,0
3311,閎暉,TWSE,38.05,1.35,855155.0,32454222.0,,,,,,,,,0.0,0.0,1.0,12534.0,0.0,,,False,False,False,0.0,12534.0,False,,,,False,,⚪ 不列入,未達標,0,0
2535,達欣工,TWSE,89.8,-0.1,359976.0,32052451.0,,,,,,,,,0.0,0.0,1.0,27507.0,0.0,,,False,False,False,0.0,27507.0,False,,,,False,,⚪ 不列入,未達標,0,0
2495,普安,TWSE,39.05,0.2,821681.0,31901732.0,,,,,,,,,0.0,0.0,1.0,297137.0,2000.0,,,False,False,False,0.0,297137.0,False,,,,False,,⚪ 不列入,未達標,0,0
6689,伊雲谷,TWSE,63.9,-0.1,490273.0,31840524.0,,,,,,,,,0.0,0.0,1.0,30022.0,0.0,,,False,False,False,0.0,30022.0,False,,,,False,,⚪ 不列入,未達標,0,0
1904,正隆,TWSE,24.9,0.05,1260898.0,31611629.0,,,,,,,,,0.0,0.0,0.0,-881476.0,1000.0,,,False,False,False,0.0,-881476.0,False,,,,False,,⚪ 不列入,未達標,0,0
2444,兆勁,TWSE,14.8,-0.15,2121301.0,31358942.0,,,,,,,,,0.0,0.0,1.0,304526.0,0.0,,,False,False,False,0.0,304526.0,False,,,,False,,⚪ 不列入,未達標,0,0
3515,華擎,TWSE,211.0,-0.5,147990.0,31277132.0,,,,,,,,,0.0,0.0,0.0,-1000.0,627.0,,,False,False,False,0.0,-1000.0,False,,,,False,,⚪ 不列入,未達標,0,0
3062,建漢,TWSE,21.95,-0.25,1420020.0,31107515.0,,,,,,,,,0.0,0.0,1.0,14513.0,877.0,,,False,False,False,0.0,14513.0,False,,,,False,,⚪ 不列入,未達標,0,0
4746,台耀,TWSE,48.05,-0.6,644992.0,30869077.0,,,,,,,,,0.0,-115000.0,1.0,390000.0,0.0,,,False,False,False,-115000.0,390000.0,False,,,,False,,⚪ 不列入,未達標,0,0
2897,王道銀行,TWSE,11.05,-0.05,2781975.0,30741714.0,,,,,,,,,0.0,0.0,0.0,-2213945.0,0.0,,,False,False,False,0.0,-2213945.0,False,,,,False,,⚪ 不列入,未達標,0,0
5234,達興材料,TWSE,293.0,-2.5,103977.0,30383224.0,,,,,,,,,0.0,0.0,1.0,162968.0,14932.0,,,False,False,False,0.0,162968.0,False,,,,False,,⚪ 不列入,未達標,0,0
2208,台船,TWSE,19.4,-0.2,1566691.0,30302268.0,,,,,,,,,0.0,0.0,0.0,-627561.0,0.0,,,False,False,False,0.0,-627561.0,False,,,,False,,⚪ 不列入,未達標,0,0
2548,華固,TWSE,93.2,-0.2,324548.0,30290105.0,,,,,,,,,1.0,3300.0,0.0,-356180.0,4686.0,,,False,False,False,3300.0,-356180.0,False,,,,False,,⚪ 不列入,未達標,0,0
8215,明基材,TWSE,27.9,0.05,1084525.0,30263950.0,,,,,,,,,0.0,0.0,1.0,234711.0,14.0,,,False,False,False,0.0,234711.0,False,,,,False,,⚪ 不列入,未達標,0,0
2597,潤弘,TWSE,167.5,-1.0,180208.0,30124547.0,,,,,,,,,1.0,1000.0,1.0,16942.0,714.0,,,False,False,False,1000.0,16942.0,False,,,,False,,⚪ 不列入,未達標,0,0
1210,大成,TWSE,51.9,-0.4,576370.0,29951791.0,,,,,,,,,1.0,1000.0,0.0,-505056.0,0.0,,,False,False,False,1000.0,-505056.0,False,,,,False,,⚪ 不列入,未達標,0,0
6416,瑞祺電通,TWSE,116.5,0.5,257186.0,29830021.0,,,,,,,,,0.0,0.0,0.0,-4994.0,0.0,,,False,False,False,0.0,-4994.0,False,,,,False,,⚪ 不列入,未達標,0,0
2101,南港,TWSE,29.85,-0.2,989879.0,29574698.0,,,,,,,,,0.0,0.0,0.0,-145562.0,3447.0,,,False,False,False,0.0,-145562.0,False,,,,False,,⚪ 不列入,未達標,0,0
6477,安集,TWSE,34.0,-0.2,852394.0,29252134.0,,,,,,,,,0.0,0.0,0.0,-17948.0,0.0,,,False,False,False,0.0,-17948.0,False,,,,False,,⚪ 不列入,未達標,0,0
2072,世紀風電,TWSE,127.0,-0.5,229616.0,29167805.0,,,,,,,,,0.0,0.0,1.0,59231.0,3314.0,,,False,False,False,0.0,59231.0,False,,,,False,,⚪ 不列入,未達標,0,0
5515,建國,TWSE,52.7,1.5,555267.0,28958910.0,,,,,,,,,0.0,0.0,0.0,-20975.0,3000.0,,,False,False,False,0.0,-20975.0,False,,,,False,,⚪ 不列入,未達標,0,0
7855,和運租車,TWSE,41.85,-0.15,688907.0,28881737.0,,,,,,,,,0.0,0.0,0.0,-107000.0,0.0,,,False,False,False,0.0,-107000.0,False,,,,False,,⚪ 不列入,未達標,0,0
3049,精金,TWSE,12.25,-0.15,2304349.0,28485809.0,,,,,,,,,0.0,0.0,1.0,369000.0,18086.0,,,False,False,False,0.0,369000.0,False,,,,False,,⚪ 不列入,未達標,0,0
3591,艾笛森,TWSE,24.65,0.05,1125915.0,27829872.0,,,,,,,,,0.0,0.0,1.0,436226.0,75000.0,,,False,False,False,0.0,436226.0,False,,,,False,,⚪ 不列入,未達標,0,0
6108,競國,TWSE,24.4,0.4,1139657.0,27686272.0,,,,,,,,,0.0,0.0,1.0,83800.0,0.0,,,False,False,False,0.0,83800.0,False,,,,False,,⚪ 不列入,未達標,0,0
3003,健和興,TWSE,60.1,1.5,460508.0,27473415.0,,,,,,,,,0.0,0.0,0.0,-4783.0,1.0,,,False,False,False,0.0,-4783.0,False,,,,False,,⚪ 不列入,未達標,0,0
4771,望隼,TWSE,212.0,-6.0,128002.0,27284030.0,,,,,,,,,0.0,0.0,1.0,14043.0,1.0,,,False,False,False,0.0,14043.0,False,,,,False,,⚪ 不列入,未達標,0,0
1304,台聚,TWSE,12.5,0.25,2215118.0,27232477.0,,,,,,,,,0.0,0.0,0.0,-618309.0,115044.0,,,False,False,False,0.0,-618309.0,False,,,,False,,⚪ 不列入,未達標,0,0
2419,仲琦,TWSE,28.65,-0.35,928764.0,26628688.0,,,,,,,,,0.0,0.0,0.0,-100771.0,2000.0,,,False,False,False,0.0,-100771.0,False,,,,False,,⚪ 不列入,未達標,0,0
9938,百和,TWSE,38.05,-0.3,694238.0,26471847.0,,,,,,,,,1.0,20535.0,1.0,119000.0,36.0,,,False,False,False,20535.0,119000.0,False,,,,False,,⚪ 不列入,未達標,0,0
6592,和潤企業,TWSE,57.6,-0.4,459236.0,26466283.0,,,,,,,,,0.0,0.0,0.0,-389391.0,386.0,,,False,False,False,0.0,-389391.0,False,,,,False,,⚪ 不列入,未達標,0,0
6579,研揚,TWSE,153.5,3.5,170694.0,26023211.0,,,,,,,,,0.0,0.0,1.0,76972.0,31266.0,,,False,False,False,0.0,76972.0,False,,,,False,,⚪ 不列入,未達標,0,0
6869,雲豹能源,TWSE,69.5,-1.5,371509.0,25979741.0,,,,,,,,,0.0,0.0,1.0,155873.0,5999.0,,,False,False,False,0.0,155873.0,False,,,,False,,⚪ 不列入,未達標,0,0
4536,拓凱,TWSE,165.0,-0.5,156387.0,25831519.0,,,,,,,,,0.0,0.0,0.0,-36989.0,0.0,,,False,False,False,0.0,-36989.0,False,,,,False,,⚪ 不列入,未達標,0,0
3708,上緯投控,TWSE,99.7,2.2,258069.0,25525011.0,,,,,,,,,0.0,0.0,0.0,-169410.0,19.0,,,False,False,False,0.0,-169410.0,False,,,,False,,⚪ 不列入,未達標,0,0
1907,永豐餘,TWSE,28.25,-0.2,898147.0,25407638.0,,,,,,,,,1.0,3000.0,0.0,-243576.0,13000.0,,,False,False,False,3000.0,-243576.0,False,,,,False,,⚪ 不列入,未達標,0,0
2025,千興,TWSE,13.1,0.45,1899021.0,24888786.0,,,,,,,,,0.0,0.0,0.0,-124073.0,0.0,,,False,False,False,0.0,-124073.0,False,,,,False,,⚪ 不列入,未達標,0,0
2838,聯邦銀,TWSE,21.0,-0.2,1171002.0,24661779.0,,,,,,,,,1.0,5000.0,0.0,-2488963.0,34789.0,,,False,False,False,5000.0,-2488963.0,False,,,,False,,⚪ 不列入,未達標,0,0
3059,華晶科,TWSE,37.85,-0.1,647194.0,24525874.0,,,,,,,,,0.0,0.0,1.0,97000.0,531.0,,,False,False,False,0.0,97000.0,False,,,,False,,⚪ 不列入,未達標,0,0
4766,南寶,TWSE,343.5,2.0,70421.0,24082636.0,,,,,,,,,0.0,0.0,1.0,5994.0,244.0,,,False,False,False,0.0,5994.0,False,,,,False,,⚪ 不列入,未達標,0,0
7765,中華資安,TWSE,241.0,-2.0,99930.0,24007631.0,,,,,,,,,0.0,0.0,0.0,-18000.0,0.0,,,False,False,False,0.0,-18000.0,False,,,,False,,⚪ 不列入,未達標,0,0
4526,東台,TWSE,31.75,0.55,751944.0,23700238.0,,,,,,,,,0.0,0.0,1.0,403702.0,842.0,,,False,False,False,0.0,403702.0,False,,,,False,,⚪ 不列入,未達標,0,0
6412,群電,TWSE,74.6,0.3,319411.0,23698022.0,,,,,,,,,0.0,0.0,0.0,-28000.0,21621.0,,,False,False,False,0.0,-28000.0,False,,,,False,,⚪ 不列入,未達標,0,0
3356,奇偶,TWSE,65.2,-0.1,354461.0,23077076.0,,,,,,,,,0.0,0.0,0.0,-16820.0,0.0,,,False,False,False,0.0,-16820.0,False,,,,False,,⚪ 不列入,未達標,0,0
2731,雄獅,TWSE,144.0,-0.5,159511.0,23045340.0,,,,,,,,,0.0,0.0,1.0,21014.0,0.0,,,False,False,False,0.0,21014.0,False,,,,False,,⚪ 不列入,未達標,0,0
1434,福懋,TWSE,17.95,0.05,1287285.0,22959911.0,,,,,,,,,0.0,0.0,0.0,-65771.0,0.0,,,False,False,False,0.0,-65771.0,False,,,,False,,⚪ 不列入,未達標,0,0
4736,泰博,TWSE,129.5,-2.5,174852.0,22746916.0,,,,,,,,,0.0,0.0,0.0,-26810.0,0.0,,,False,False,False,0.0,-26810.0,False,,,,False,,⚪ 不列入,未達標,0,0
2471,資通,TWSE,51.4,-0.4,432876.0,22639804.0,,,,,,,,,0.0,0.0,1.0,28001.0,0.0,,,False,False,False,0.0,28001.0,False,,,,False,,⚪ 不列入,未達標,0,0
6405,悅城,TWSE,41.45,-0.1,538439.0,22441297.0,,,,,,,,,0.0,0.0,1.0,285000.0,113.0,,,False,False,False,0.0,285000.0,False,,,,False,,⚪ 不列入,未達標,0,0
2527,宏璟,TWSE,47.95,-0.45,469702.0,22382070.0,,,,,,,,,0.0,0.0,1.0,252054.0,107.0,,,False,False,False,0.0,252054.0,False,,,,False,,⚪ 不列入,未達標,0,0
5607,遠雄港,TWSE,52.2,0.0,426451.0,22254183.0,,,,,,,,,0.0,0.0,0.0,-91000.0,0.0,,,False,False,False,0.0,-91000.0,False,,,,False,,⚪ 不列入,未達標,0,0
2905,三商,TWSE,18.3,-0.35,1197315.0,22061494.0,,,,,,,,,0.0,0.0,1.0,273533.0,0.0,,,False,False,False,0.0,273533.0,False,,,,False,,⚪ 不列入,未達標,0,0
6120,達運,TWSE,12.75,-0.05,1718317.0,21950755.0,,,,,,,,,0.0,0.0,1.0,1232411.0,643.0,,,False,False,False,0.0,1232411.0,False,,,,False,,⚪ 不列入,未達標,0,0
6962,奕力-KY,TWSE,31.45,-0.1,686362.0,21517450.0,,,,,,,,,1.0,10000.0,1.0,618000.0,3800.0,,,False,False,False,10000.0,618000.0,False,,,,False,,⚪ 不列入,未達標,0,0
2515,中工,TWSE,11.95,0.0,1780532.0,21245759.0,,,,,,,,,0.0,0.0,0.0,-1976114.0,15590.0,,,False,False,False,0.0,-1976114.0,False,,,,False,,⚪ 不列入,未達標,0,0
2491,吉祥全,TWSE,39.55,-0.6,534954.0,21238110.0,,,,,,,,,0.0,0.0,1.0,267999.0,0.0,,,False,False,False,0.0,267999.0,False,,,,False,,⚪ 不列入,未達標,0,0
8072,陞泰,TWSE,28.35,1.2,740235.0,20984206.0,,,,,,,,,0.0,0.0,0.0,-64000.0,0.0,,,False,False,False,0.0,-64000.0,False,,,,False,,⚪ 不列入,未達標,0,0
6890,來億-KY,TWSE,146.5,-2.0,140614.0,20717291.0,,,,,,,,,0.0,0.0,0.0,-2000.0,165.0,,,False,False,False,0.0,-2000.0,False,,,,False,,⚪ 不列入,未達標,0,0
1721,國慶科技,TWSE,24.2,-0.2,864008.0,20690690.0,,,,,,,,,0.0,0.0,1.0,896344.0,0.0,,,False,False,False,0.0,896344.0,False,,,,False,,⚪ 不列入,未達標,0,0
3209,全科,TWSE,45.8,0.05,451816.0,20602256.0,,,,,,,,,0.0,0.0,0.0,-337894.0,169.0,,,False,False,False,0.0,-337894.0,False,,,,False,,⚪ 不列入,未達標,0,0
2630,亞航,TWSE,46.3,0.0,443905.0,20517826.0,,,,,,,,,0.0,0.0,0.0,-40599.0,23050.0,,,False,False,False,0.0,-40599.0,False,,,,False,,⚪ 不列入,未達標,0,0
1810,和成,TWSE,23.95,0.1,835697.0,19974382.0,,,,,,,,,0.0,0.0,1.0,91473.0,243.0,,,False,False,False,0.0,91473.0,False,,,,False,,⚪ 不列入,未達標,0,0
3545,敦泰,TWSE,51.0,-0.3,386758.0,19619315.0,,,,,,,,,1.0,10000.0,1.0,74325.0,20.0,,,False,False,False,10000.0,74325.0,False,,,,False,,⚪ 不列入,未達標,0,0
4532,瑞智,TWSE,25.2,0.3,767760.0,19267284.0,,,,,,,,,1.0,11242.0,0.0,-14693.0,0.0,,,False,False,False,11242.0,-14693.0,False,,,,False,,⚪ 不列入,未達標,0,0
1310,台苯,TWSE,8.9,0.06,2181415.0,19226965.0,,,,,,,,,0.0,0.0,0.0,-389867.0,0.0,,,False,False,False,0.0,-389867.0,False,,,,False,,⚪ 不列入,未達標,0,0
6901,鑽石投資,TWSE,15.7,-0.05,1233148.0,19183648.0,,,,,,,,,0.0,0.0,1.0,1154808.0,0.0,,,False,False,False,0.0,1154808.0,False,,,,False,,⚪ 不列入,未達標,0,0
6799,來頡,TWSE,86.6,-1.2,219429.0,19144602.0,,,,,,,,,0.0,0.0,1.0,135223.0,0.0,,,False,False,False,0.0,135223.0,False,,,,False,,⚪ 不列入,未達標,0,0
4968,立積,TWSE,92.5,0.5,207951.0,19097948.0,,,,,,,,,1.0,20000.0,1.0,67950.0,1376.0,,,False,False,False,20000.0,67950.0,False,,,,False,,⚪ 不列入,未達標,0,0
5288,豐祥-KY,TWSE,187.5,-1.5,101067.0,18901625.0,,,,,,,,,0.0,-10000.0,1.0,23813.0,0.0,,,False,False,False,-10000.0,23813.0,False,,,,False,,⚪ 不列入,未達標,0,0
4585,達明,TWSE,293.0,-2.0,64201.0,18843367.0,,,,,,,,,0.0,0.0,0.0,-2200.0,0.0,,,False,False,False,0.0,-2200.0,False,,,,False,,⚪ 不列入,未達標,0,0
2617,台航,TWSE,32.8,-0.05,575669.0,18842769.0,,,,,,,,,0.0,0.0,0.0,-440300.0,24505.0,,,False,False,False,0.0,-440300.0,False,,,,False,,⚪ 不列入,未達標,0,0
3550,聯穎,TWSE,23.85,0.05,785551.0,18812868.0,,,,,,,,,0.0,0.0,1.0,409476.0,0.0,,,False,False,False,0.0,409476.0,False,,,,False,,⚪ 不列入,未達標,0,0
4976,佳凌,TWSE,35.2,-0.05,528809.0,18603529.0,,,,,,,,,0.0,0.0,1.0,108000.0,172.0,,,False,False,False,0.0,108000.0,False,,,,False,,⚪ 不列入,未達標,0,0
2903,遠百,TWSE,22.1,-0.15,838175.0,18570315.0,,,,,,,,,0.0,0.0,0.0,-703734.0,0.0,,,False,False,False,0.0,-703734.0,False,,,,False,,⚪ 不列入,未達標,0,0
6235,華孚,TWSE,38.7,-1.2,471977.0,18355989.0,,,,,,,,,0.0,0.0,1.0,90093.0,1724.0,,,False,False,False,0.0,90093.0,False,,,,False,,⚪ 不列入,未達標,0,0
1582,信錦,TWSE,70.0,-0.4,257013.0,18011589.0,,,,,,,,,0.0,0.0,1.0,116840.0,242.0,,,False,False,False,0.0,116840.0,False,,,,False,,⚪ 不列入,未達標,0,0
4949,有成精密,TWSE,74.6,1.0,238177.0,17693934.0,,,,,,,,,0.0,0.0,1.0,124100.0,0.0,,,False,False,False,0.0,124100.0,False,,,,False,,⚪ 不列入,未達標,0,0
1723,中碳,TWSE,80.5,-0.2,217702.0,17561845.0,,,,,,,,,0.0,0.0,0.0,-223651.0,194.0,,,False,False,False,0.0,-223651.0,False,,,,False,,⚪ 不列入,未達標,0,0
8163,達方,TWSE,30.05,0.25,579483.0,17290562.0,,,,,,,,,0.0,0.0,1.0,180016.0,23.0,,,False,False,False,0.0,180016.0,False,,,,False,,⚪ 不列入,未達標,0,0
2348,海悅,TWSE,72.0,-1.0,237401.0,17170082.0,,,,,,,,,0.0,0.0,0.0,-54000.0,6361.0,,,False,False,False,0.0,-54000.0,False,,,,False,,⚪ 不列入,未達標,0,0
1313,聯成,TWSE,12.15,0.0,1402278.0,17030317.0,,,,,,,,,0.0,0.0,0.0,-575244.0,4210.0,,,False,False,False,0.0,-575244.0,False,,,,False,,⚪ 不列入,未達標,0,0
4590,富田-創,TWSE,89.7,0.0,189967.0,16967651.0,,,,,,,,,0.0,0.0,0.0,-69950.0,140.0,,,False,False,False,0.0,-69950.0,False,,,,False,,⚪ 不列入,未達標,0,0
4164,承業醫,TWSE,26.4,-0.75,627427.0,16726747.0,,,,,,,,,0.0,0.0,1.0,100190.0,0.0,,,False,False,False,0.0,100190.0,False,,,,False,,⚪ 不列入,未達標,0,0
6743,安普新,TWSE,30.6,0.25,535034.0,16283811.0,,,,,,,,,1.0,3633.0,1.0,154547.0,0.0,,,False,False,False,3633.0,154547.0,False,,,,False,,⚪ 不列入,未達標,0,0
2020,美亞,TWSE,22.1,0.5,739085.0,16234894.0,,,,,,,,,0.0,0.0,0.0,-78748.0,0.0,,,False,False,False,0.0,-78748.0,False,,,,False,,⚪ 不列入,未達標,0,0
1227,佳格,TWSE,28.15,-0.1,556585.0,15666075.0,,,,,,,,,0.0,0.0,0.0,-469000.0,0.0,,,False,False,False,0.0,-469000.0,False,,,,False,,⚪ 不列入,未達標,0,0
6838,台新藥,TWSE,25.5,-0.75,603017.0,15634672.0,,,,,,,,,0.0,0.0,0.0,-48000.0,0.0,,,False,False,False,0.0,-48000.0,False,,,,False,,⚪ 不列入,未達標,0,0
2457,飛宏,TWSE,21.95,-0.3,708477.0,15554862.0,,,,,,,,,0.0,0.0,0.0,-154805.0,348.0,,,False,False,False,0.0,-154805.0,False,,,,False,,⚪ 不列入,未達標,0,0
2707,晶華,TWSE,176.5,-1.0,87537.0,15476554.0,,,,,,,,,0.0,0.0,0.0,-94975.0,0.0,,,False,False,False,0.0,-94975.0,False,,,,False,,⚪ 不列入,未達標,0,0
6873,泓德能源,TWSE,67.9,-1.6,226797.0,15457007.0,,,,,,,,,0.0,0.0,0.0,-33072.0,1000.0,,,False,False,False,0.0,-33072.0,False,,,,False,重電／綠能,⚪ 不列入,未達標,0,0
6541,泰福-KY,TWSE,30.3,-1.15,501087.0,15337745.0,,,,,,,,,0.0,0.0,0.0,-102256.0,0.0,,,False,False,False,0.0,-102256.0,False,,,,False,,⚪ 不列入,未達標,0,0
6605,帝寶,TWSE,138.5,0.0,109831.0,15222295.0,,,,,,,,,0.0,0.0,1.0,72035.0,497.0,,,False,False,False,0.0,72035.0,False,,,,False,,⚪ 不列入,未達標,0,0
2612,中航,TWSE,62.2,-0.2,244146.0,15151762.0,,,,,,,,,0.0,0.0,0.0,-45594.0,244.0,,,False,False,False,0.0,-45594.0,False,,,,False,,⚪ 不列入,未達標,0,0
1308,亞聚,TWSE,14.3,0.1,1063872.0,15114405.0,,,,,,,,,0.0,0.0,0.0,-449485.0,1327.0,,,False,False,False,0.0,-449485.0,False,,,,False,,⚪ 不列入,未達標,0,0
8105,凌巨,TWSE,14.85,-0.05,1003115.0,14875675.0,,,,,,,,,0.0,0.0,1.0,591770.0,184.0,,,False,False,False,0.0,591770.0,False,,,,False,,⚪ 不列入,未達標,0,0
2102,泰豐,TWSE,16.35,-0.3,888765.0,14678237.0,,,,,,,,,0.0,0.0,0.0,-53063.0,0.0,,,False,False,False,0.0,-53063.0,False,,,,False,,⚪ 不列入,未達標,0,0
9927,泰銘,TWSE,70.2,-0.1,207769.0,14569165.0,,,,,,,,,0.0,0.0,0.0,-185035.0,0.0,,,False,False,False,0.0,-185035.0,False,,,,False,,⚪ 不列入,未達標,0,0
3701,大眾控,TWSE,41.25,0.0,350805.0,14470817.0,,,,,,,,,0.0,0.0,1.0,52250.0,189.0,,,False,False,False,0.0,52250.0,False,,,,False,,⚪ 不列入,未達標,0,0
2480,敦陽科,TWSE,161.0,0.0,89757.0,14429562.0,,,,,,,,,0.0,0.0,0.0,-36286.0,0.0,,,False,False,False,0.0,-36286.0,False,,,,False,,⚪ 不列入,未達標,0,0
1617,榮星,TWSE,19.95,-0.2,705831.0,14201548.0,,,,,,,,,0.0,0.0,1.0,407000.0,0.0,,,False,False,False,0.0,407000.0,False,,,,False,,⚪ 不列入,未達標,0,0
2453,凌群,TWSE,53.5,-0.1,262272.0,14153774.0,,,,,,,,,0.0,0.0,1.0,28000.0,0.0,,,False,False,False,0.0,28000.0,False,,,,False,,⚪ 不列入,未達標,0,0
6854,錼創科技-KY創,TWSE,91.4,-1.2,153317.0,14021078.0,,,,,,,,,0.0,0.0,1.0,5000.0,3758.0,,,False,False,False,0.0,5000.0,False,,,,False,,⚪ 不列入,未達標,0,0
2206,三陽工業,TWSE,62.9,-0.8,220086.0,13864564.0,,,,,,,,,1.0,2000.0,0.0,-182234.0,0.0,,,False,False,False,2000.0,-182234.0,False,,,,False,,⚪ 不列入,未達標,0,0
3346,麗清,TWSE,23.6,-0.05,587047.0,13794625.0,,,,,,,,,0.0,0.0,1.0,17437.0,0.0,,,False,False,False,0.0,17437.0,False,,,,False,,⚪ 不列入,未達標,0,0
2543,皇昌,TWSE,38.15,-0.15,357734.0,13671427.0,,,,,,,,,0.0,0.0,1.0,253071.0,61.0,,,False,False,False,0.0,253071.0,False,,,,False,,⚪ 不列入,未達標,0,0
4560,強信-KY,TWSE,29.55,0.6,462430.0,13487781.0,,,,,,,,,0.0,0.0,0.0,-6000.0,0.0,,,False,False,False,0.0,-6000.0,False,,,,False,,⚪ 不列入,未達標,0,0
1712,興農,TWSE,39.85,-0.1,335237.0,13385157.0,,,,,,,,,1.0,16996.0,0.0,-446948.0,0.0,,,False,False,False,16996.0,-446948.0,False,,,,False,,⚪ 不列入,未達標,0,0
1316,上曜,TWSE,10.45,-0.15,1273099.0,13333140.0,,,,,,,,,0.0,0.0,0.0,-162683.0,0.0,,,False,False,False,0.0,-162683.0,False,,,,False,,⚪ 不列入,未達標,0,0
2516,新建,TWSE,15.45,0.65,864916.0,13245196.0,,,,,,,,,0.0,0.0,0.0,-16000.0,0.0,,,False,False,False,0.0,-16000.0,False,,,,False,,⚪ 不列入,未達標,0,0
1201,味全,TWSE,11.6,-0.05,1127705.0,13126192.0,,,,,,,,,0.0,0.0,0.0,-194000.0,0.0,,,False,False,False,0.0,-194000.0,False,,,,False,,⚪ 不列入,未達標,0,0
2816,旺旺保,TWSE,40.15,-0.3,324599.0,13055832.0,,,,,,,,,0.0,0.0,0.0,-59820.0,0.0,,,False,False,False,0.0,-59820.0,False,,,,False,,⚪ 不列入,未達標,0,0
4142,國光生,TWSE,17.9,0.05,727893.0,13019884.0,,,,,,,,,0.0,0.0,1.0,450360.0,557.0,,,False,False,False,0.0,450360.0,False,,,,False,,⚪ 不列入,未達標,0,0
3004,豐達科,TWSE,117.0,-1.0,111407.0,13017522.0,,,,,,,,,0.0,0.0,0.0,-7604.0,123.0,,,False,False,False,0.0,-7604.0,False,,,,False,,⚪ 不列入,未達標,0,0
3024,憶聲,TWSE,14.6,0.25,876861.0,12722482.0,,,,,,,,,0.0,0.0,0.0,-240709.0,0.0,,,False,False,False,0.0,-240709.0,False,,,,False,,⚪ 不列入,未達標,0,0
1905,華紙,TWSE,13.1,0.0,966312.0,12665500.0,,,,,,,,,0.0,0.0,0.0,-1984152.0,55568.0,,,False,False,False,0.0,-1984152.0,False,,,,False,,⚪ 不列入,未達標,0,0
1612,宏泰,TWSE,35.05,0.1,358528.0,12549722.0,,,,,,,,,1.0,4000.0,1.0,249894.0,435.0,,,False,False,False,4000.0,249894.0,False,,,,False,,⚪ 不列入,未達標,0,0
9911,櫻花,TWSE,81.4,-0.1,152929.0,12458331.0,,,,,,,,,0.0,0.0,1.0,56026.0,0.0,,,False,False,False,0.0,56026.0,False,,,,False,,⚪ 不列入,未達標,0,0
6189,豐藝,TWSE,49.2,0.1,253498.0,12423690.0,,,,,,,,,1.0,3000.0,1.0,586970.0,5898.0,,,False,False,False,3000.0,586970.0,False,,,,False,,⚪ 不列入,未達標,0,0
3694,海華,TWSE,50.3,0.1,246631.0,12395366.0,,,,,,,,,0.0,0.0,1.0,81000.0,1.0,,,False,False,False,0.0,81000.0,False,,,,False,,⚪ 不列入,未達標,0,0
2547,日勝生,TWSE,9.82,-0.12,1238412.0,12192256.0,,,,,,,,,1.0,44080.0,1.0,77000.0,0.0,,,False,False,False,44080.0,77000.0,False,,,,False,,⚪ 不列入,未達標,0,0
1515,力山,TWSE,29.45,-0.1,406535.0,12029182.0,,,,,,,,,0.0,0.0,1.0,13900.0,92.0,,,False,False,False,0.0,13900.0,False,,,,False,,⚪ 不列入,未達標,0,0
5222,全訊,TWSE,105.0,-1.0,113167.0,11942006.0,,,,,,,,,0.0,0.0,0.0,-35002.0,677.0,,,False,False,False,0.0,-35002.0,False,,,,False,,⚪ 不列入,未達標,0,0
2427,三商電,TWSE,23.4,-0.1,500406.0,11820730.0,,,,,,,,,0.0,0.0,1.0,21324.0,0.0,,,False,False,False,0.0,21324.0,False,,,,False,,⚪ 不列入,未達標,0,0
1309,台達化,TWSE,13.8,-0.05,859601.0,11765933.0,,,,,,,,,0.0,0.0,0.0,-218225.0,2843.0,,,False,False,False,0.0,-218225.0,False,,,,False,,⚪ 不列入,未達標,0,0
3015,全漢,TWSE,53.3,0.0,219501.0,11729576.0,,,,,,,,,0.0,0.0,0.0,-33500.0,0.0,,,False,False,False,0.0,-33500.0,False,,,,False,,⚪ 不列入,未達標,0,0
2607,榮運,TWSE,53.7,0.0,216362.0,11588770.0,,,,,,,,,0.0,0.0,0.0,-138339.0,293.0,,,False,False,False,0.0,-138339.0,False,,,,False,,⚪ 不列入,未達標,0,0
1707,葡萄王,TWSE,87.0,-0.1,132935.0,11580953.0,,,,,,,,,1.0,2000.0,0.0,-247746.0,540.0,,,False,False,False,2000.0,-247746.0,False,,,,False,,⚪ 不列入,未達標,0,0
2204,中華,TWSE,52.5,0.0,218504.0,11475069.0,,,,,,,,,1.0,18598.0,0.0,-164049.0,193.0,,,False,False,False,18598.0,-164049.0,False,,,,False,,⚪ 不列入,未達標,0,0
1110,東泥,TWSE,14.75,-0.15,785532.0,11440921.0,,,,,,,,,0.0,0.0,0.0,-14960.0,0.0,,,False,False,False,0.0,-14960.0,False,,,,False,,⚪ 不列入,未達標,0,0
4441,振大環球,TWSE,171.0,0.0,66722.0,11359408.0,,,,,,,,,0.0,0.0,0.0,-1960.0,0.0,,,False,False,False,0.0,-1960.0,False,,,,False,,⚪ 不列入,未達標,0,0
7722,LINEPAY,TWSE,260.0,-2.0,43574.0,11350745.0,,,,,,,,,0.0,0.0,0.0,-25183.0,0.0,,,False,False,False,0.0,-25183.0,False,,,,False,,⚪ 不列入,未達標,0,0
5519,隆大,TWSE,25.05,-0.45,451181.0,11302121.0,,,,,,,,,0.0,0.0,0.0,-46350.0,0.0,,,False,False,False,0.0,-46350.0,False,,,,False,,⚪ 不列入,未達標,0,0
9940,信義,TWSE,20.05,-0.25,560778.0,11259396.0,,,,,,,,,0.0,0.0,1.0,47000.0,4139.0,,,False,False,False,0.0,47000.0,False,,,,False,,⚪ 不列入,未達標,0,0
2362,藍天,TWSE,47.6,-0.15,236155.0,11250250.0,,,,,,,,,0.0,0.0,0.0,-268774.0,198.0,,,False,False,False,0.0,-268774.0,False,,,,False,,⚪ 不列入,未達標,0,0
2483,百容,TWSE,32.55,0.05,341412.0,11177210.0,,,,,,,,,0.0,0.0,1.0,32000.0,0.0,,,False,False,False,0.0,32000.0,False,,,,False,,⚪ 不列入,未達標,0,0
4169,泰宗,TWSE,148.5,-2.0,74543.0,11136096.0,,,,,,,,,0.0,0.0,0.0,-1000.0,0.0,,,False,False,False,0.0,-1000.0,False,,,,False,,⚪ 不列入,未達標,0,0
8374,羅昇,TWSE,75.3,-0.8,147506.0,11135075.0,,,,,,,,,0.0,0.0,0.0,-16000.0,1045.0,,,False,False,False,0.0,-16000.0,False,,,,False,,⚪ 不列入,未達標,0,0
2540,愛山林,TWSE,49.0,-0.65,226455.0,11120572.0,,,,,,,,,0.0,0.0,0.0,-53780.0,0.0,,,False,False,False,0.0,-53780.0,False,,,,False,,⚪ 不列入,未達標,0,0
2247,汎德永業,TWSE,229.0,-1.0,48504.0,11042152.0,,,,,,,,,1.0,972.0,0.0,-13000.0,0.0,,,False,False,False,972.0,-13000.0,False,,,,False,,⚪ 不列入,未達標,0,0
4306,炎洲,TWSE,14.5,-0.1,755148.0,10935316.0,,,,,,,,,0.0,0.0,0.0,-103983.0,0.0,,,False,False,False,0.0,-103983.0,False,,,,False,,⚪ 不列入,未達標,0,0
1623,大東電,TWSE,197.5,-2.5,55119.0,10915978.0,,,,,,,,,0.0,0.0,0.0,-14010.0,0.0,,,False,False,False,0.0,-14010.0,False,,,,False,,⚪ 不列入,未達標,0,0
1442,名軒,TWSE,27.7,-0.1,389288.0,10724308.0,,,,,,,,,0.0,0.0,1.0,17300.0,0.0,,,False,False,False,0.0,17300.0,False,,,,False,,⚪ 不列入,未達標,0,0
1410,南染,TWSE,24.0,-0.3,441547.0,10643816.0,,,,,,,,,0.0,0.0,0.0,-7000.0,0.0,,,False,False,False,0.0,-7000.0,False,,,,False,,⚪ 不列入,未達標,0,0
1909,榮成,TWSE,10.1,0.0,1046393.0,10598033.0,,,,,,,,,0.0,0.0,0.0,-497586.0,0.0,,,False,False,False,0.0,-497586.0,False,,,,False,,⚪ 不列入,未達標,0,0
8473,山林水,TWSE,39.4,0.55,270278.0,10574556.0,,,,,,,,,0.0,0.0,1.0,1087.0,0.0,,,False,False,False,0.0,1087.0,False,,,,False,,⚪ 不列入,未達標,0,0
2023,燁輝,TWSE,13.65,0.05,765267.0,10433791.0,,,,,,,,,1.0,2000.0,0.0,-592471.0,0.0,,,False,False,False,2000.0,-592471.0,False,,,,False,,⚪ 不列入,未達標,0,0
2331,精英,TWSE,18.85,-0.15,549135.0,10355278.0,,,,,,,,,0.0,0.0,0.0,-223000.0,0.0,,,False,False,False,0.0,-223000.0,False,,,,False,,⚪ 不列入,未達標,0,0
9917,中保科,TWSE,106.0,-0.5,96786.0,10272773.0,,,,,,,,,1.0,1000.0,0.0,-88695.0,0.0,,,False,False,False,1000.0,-88695.0,False,,,,False,,⚪ 不列入,未達標,0,0
2417,圓剛,TWSE,39.05,0.05,260302.0,10154345.0,,,,,,,,,0.0,0.0,1.0,33000.0,0.0,,,False,False,False,0.0,33000.0,False,,,,False,,⚪ 不列入,未達標,0,0
3338,泰碩,TWSE,67.6,0.6,150367.0,10117600.0,,,,,,,,,0.0,0.0,1.0,8314.0,0.0,,,False,False,False,0.0,8314.0,False,,,,False,,⚪ 不列入,未達標,0,0
2442,新美齊,TWSE,14.3,-0.25,701204.0,10048559.0,,,,,,,,,0.0,0.0,0.0,-10380.0,0.0,,,False,False,False,0.0,-10380.0,False,,,,False,,⚪ 不列入,未達標,0,0
2425,承啟,TWSE,36.95,-0.15,263492.0,9742513.0,,,,,,,,,0.0,0.0,0.0,-9919.0,0.0,,,False,False,False,0.0,-9919.0,False,,,,False,,⚪ 不列入,未達標,0,0
2349,錸德,TWSE,10.35,0.0,941000.0,9721058.0,,,,,,,,,0.0,0.0,0.0,-218550.0,0.0,,,False,False,False,0.0,-218550.0,False,,,,False,,⚪ 不列入,未達標,0,0
2423,固緯,TWSE,72.3,-1.6,132973.0,9641681.0,,,,,,,,,0.0,0.0,0.0,-32701.0,0.0,,,False,False,False,0.0,-32701.0,False,,,,False,,⚪ 不列入,未達標,0,0
2405,輔信,TWSE,15.05,0.05,637095.0,9558296.0,,,,,,,,,0.0,0.0,1.0,164186.0,0.0,,,False,False,False,0.0,164186.0,False,,,,False,,⚪ 不列入,未達標,0,0
1537,廣隆,TWSE,115.0,0.0,82180.0,9428315.0,,,,,,,,,0.0,0.0,0.0,-3984.0,0.0,,,False,False,False,0.0,-3984.0,False,,,,False,,⚪ 不列入,未達標,0,0
1231,聯華食,TWSE,79.6,-0.1,118009.0,9401492.0,,,,,,,,,0.0,0.0,1.0,9013.0,0.0,,,False,False,False,0.0,9013.0,False,,,,False,,⚪ 不列入,未達標,0,0
8478,東哥遊艇,TWSE,139.5,0.0,67019.0,9294014.0,,,,,,,,,0.0,0.0,1.0,3783.0,0.0,,,False,False,False,0.0,3783.0,False,,,,False,,⚪ 不列入,未達標,0,0
4571,鈞興-KY,TWSE,152.5,-0.5,61006.0,9289748.0,,,,,,,,,0.0,0.0,1.0,5185.0,5000.0,,,False,False,False,0.0,5185.0,False,,,,False,,⚪ 不列入,未達標,0,0
1256,鮮活果汁-KY,TWSE,166.5,-0.5,55393.0,9288546.0,,,,,,,,,0.0,0.0,0.0,-9573.0,0.0,,,False,False,False,0.0,-9573.0,False,,,,False,,⚪ 不列入,未達標,0,0
3705,永信,TWSE,56.0,-0.2,164289.0,9221416.0,,,,,,,,,0.0,0.0,1.0,2447.0,0.0,,,False,False,False,0.0,2447.0,False,,,,False,,⚪ 不列入,未達標,0,0
3588,通嘉,TWSE,52.4,0.3,174053.0,9202982.0,,,,,,,,,0.0,0.0,1.0,36110.0,131.0,,,False,False,False,0.0,36110.0,False,,,,False,,⚪ 不列入,未達標,0,0
4137,麗豐-KY,TWSE,76.2,-1.4,119730.0,9199402.0,,,,,,,,,1.0,2031.0,1.0,23763.0,0.0,,,False,False,False,2031.0,23763.0,False,,,,False,,⚪ 不列入,未達標,0,0
1618,合機,TWSE,38.65,-0.2,238013.0,9187239.0,,,,,,,,,0.0,0.0,0.0,-43000.0,536.0,,,False,False,False,0.0,-43000.0,False,,,,False,,⚪ 不列入,未達標,0,0
2243,宏旭-KY,TWSE,50.2,-1.1,182750.0,9183165.0,,,,,,,,,0.0,0.0,0.0,-40999.0,0.0,,,False,False,False,0.0,-40999.0,False,,,,False,,⚪ 不列入,未達標,0,0
4755,三福化,TWSE,115.5,0.5,79103.0,9122736.0,,,,,,,,,0.0,0.0,1.0,80494.0,0.0,,,False,False,False,0.0,80494.0,False,,,,False,,⚪ 不列入,未達標,0,0
3041,揚智,TWSE,23.2,-0.4,390785.0,9093355.0,,,,,,,,,0.0,0.0,1.0,106819.0,0.0,,,False,False,False,0.0,106819.0,False,,,,False,,⚪ 不列入,未達標,0,0
6947,台鎔科技,TWSE,67.2,-0.3,134696.0,9059065.0,,,,,,,,,0.0,0.0,1.0,10085.0,0.0,,,False,False,False,0.0,10085.0,False,,,,False,,⚪ 不列入,未達標,0,0
1531,高林股,TWSE,11.65,-0.2,776324.0,9057293.0,,,,,,,,,0.0,0.0,0.0,-15000.0,0.0,,,False,False,False,0.0,-15000.0,False,,,,False,,⚪ 不列入,未達標,0,0
2913,農林,TWSE,11.05,-0.1,813993.0,8994051.0,,,,,,,,,0.0,0.0,1.0,152800.0,0.0,,,False,False,False,0.0,152800.0,False,,,,False,,⚪ 不列入,未達標,0,0
3060,銘異,TWSE,26.55,0.25,339363.0,8974406.0,,,,,,,,,0.0,0.0,0.0,-20393.0,297.0,,,False,False,False,0.0,-20393.0,False,,,,False,,⚪ 不列入,未達標,0,0
4583,台灣精銳,TWSE,429.0,-1.5,20683.0,8866857.0,,,,,,,,,0.0,0.0,0.0,-7000.0,1000.0,,,False,False,False,0.0,-7000.0,False,,,,False,,⚪ 不列入,未達標,0,0
7812,稜研科技*-創,TWSE,69.8,-1.1,126071.0,8851570.0,,,,,,,,,0.0,0.0,0.0,-10000.0,0.0,,,False,False,False,0.0,-10000.0,False,,,,False,,⚪ 不列入,未達標,0,0
5258,虹堡,TWSE,41.4,0.35,213538.0,8830446.0,,,,,,,,,0.0,0.0,1.0,5000.0,0.0,,,False,False,False,0.0,5000.0,False,,,,False,,⚪ 不列入,未達標,0,0
8462,柏文,TWSE,158.0,0.0,55682.0,8780304.0,,,,,,,,,0.0,0.0,0.0,-23082.0,0.0,,,False,False,False,0.0,-23082.0,False,,,,False,,⚪ 不列入,未達標,0,0
6969,成信實業*-創,TWSE,30.65,-1.15,281313.0,8690066.0,,,,,,,,,0.0,0.0,0.0,-75000.0,720.0,,,False,False,False,0.0,-75000.0,False,,,,False,,⚪ 不列入,未達標,0,0
7786,東方風能,TWSE,118.0,1.0,73689.0,8658534.0,,,,,,,,,0.0,0.0,1.0,20000.0,0.0,,,False,False,False,0.0,20000.0,False,,,,False,,⚪ 不列入,未達標,0,0
2231,為升,TWSE,90.3,-1.1,95310.0,8613356.0,,,,,,,,,0.0,0.0,1.0,15011.0,6498.0,,,False,False,False,0.0,15011.0,False,,,,False,,⚪ 不列入,未達標,0,0
3703,欣陸,TWSE,19.75,-0.15,431649.0,8549704.0,,,,,,,,,0.0,0.0,0.0,-701000.0,0.0,,,False,False,False,0.0,-701000.0,False,,,,False,,⚪ 不列入,未達標,0,0
1305,華夏,TWSE,12.1,0.05,702649.0,8492003.0,,,,,,,,,0.0,0.0,1.0,257109.0,0.0,,,False,False,False,0.0,257109.0,False,,,,False,,⚪ 不列入,未達標,0,0
2546,根基,TWSE,106.5,0.5,80044.0,8475344.0,,,,,,,,,0.0,0.0,0.0,-28097.0,0.0,,,False,False,False,0.0,-28097.0,False,,,,False,,⚪ 不列入,未達標,0,0
3622,洋華,TWSE,44.2,-0.25,188618.0,8362645.0,,,,,,,,,0.0,0.0,1.0,47000.0,95.0,,,False,False,False,0.0,47000.0,False,,,,False,,⚪ 不列入,未達標,0,0
2365,昆盈,TWSE,28.2,-0.25,295591.0,8341474.0,,,,,,,,,0.0,0.0,1.0,191000.0,0.0,,,False,False,False,0.0,191000.0,False,,,,False,,⚪ 不列入,未達標,0,0
2505,國揚,TWSE,17.15,0.0,489277.0,8334064.0,,,,,,,,,0.0,0.0,0.0,-191643.0,0.0,,,False,False,False,0.0,-191643.0,False,,,,False,,⚪ 不列入,未達標,0,0
9925,新保,TWSE,39.65,-0.1,207382.0,8225642.0,,,,,,,,,0.0,0.0,0.0,-140000.0,297.0,,,False,False,False,0.0,-140000.0,False,,,,False,,⚪ 不列入,未達標,0,0
2723,美食-KY,TWSE,78.5,0.1,101462.0,7965855.0,,,,,,,,,0.0,0.0,0.0,-4000.0,0.0,,,False,False,False,0.0,-4000.0,False,,,,False,,⚪ 不列入,未達標,0,0
1529,樂事綠能,TWSE,15.45,-0.25,512347.0,7950429.0,,,,,,,,,0.0,0.0,0.0,-24534.0,0.0,,,False,False,False,0.0,-24534.0,False,,,,False,,⚪ 不列入,未達標,0,0
2460,建通,TWSE,30.2,-0.6,264150.0,7929740.0,,,,,,,,,0.0,0.0,1.0,5000.0,0.0,,,False,False,False,0.0,5000.0,False,,,,False,,⚪ 不列入,未達標,0,0
7780,大研生醫*,TWSE,16.05,-0.15,493328.0,7929664.0,,,,,,,,,0.0,0.0,1.0,10000.0,1467.0,,,False,False,False,0.0,10000.0,False,,,,False,,⚪ 不列入,未達標,0,0
1522,堤維西,TWSE,26.65,0.3,296101.0,7853381.0,,,,,,,,,0.0,0.0,1.0,139194.0,781.0,,,False,False,False,0.0,139194.0,False,,,,False,,⚪ 不列入,未達標,0,0
5521,工信,TWSE,10.5,-0.1,745188.0,7832226.0,,,,,,,,,0.0,0.0,0.0,-90000.0,0.0,,,False,False,False,0.0,-90000.0,False,,,,False,,⚪ 不列入,未達標,0,0
6695,芯鼎,TWSE,49.9,-0.2,156551.0,7792452.0,,,,,,,,,0.0,0.0,1.0,141071.0,101.0,,,False,False,False,0.0,141071.0,False,,,,False,,⚪ 不列入,未達標,0,0
8341,日友,TWSE,74.5,-0.1,104313.0,7785439.0,,,,,,,,,0.0,0.0,0.0,-24000.0,0.0,,,False,False,False,0.0,-24000.0,False,,,,False,,⚪ 不列入,未達標,0,0
3047,訊舟,TWSE,14.55,-0.15,534436.0,7766220.0,,,,,,,,,0.0,0.0,1.0,82000.0,0.0,,,False,False,False,0.0,82000.0,False,,,,False,,⚪ 不列入,未達標,0,0
2038,海光,TWSE,12.55,0.45,609228.0,7654773.0,,,,,,,,,0.0,0.0,0.0,-160926.0,0.0,,,False,False,False,0.0,-160926.0,False,,,,False,,⚪ 不列入,未達標,0,0
6756,威鋒電子,TWSE,97.5,-1.0,78807.0,7613675.0,,,,,,,,,0.0,0.0,1.0,15000.0,0.0,,,False,False,False,0.0,15000.0,False,,,,False,,⚪ 不列入,未達標,0,0
6165,浪凡,TWSE,48.95,0.45,150868.0,7386085.0,,,,,,,,,0.0,0.0,0.0,-3000.0,0.0,,,False,False,False,0.0,-3000.0,False,,,,False,,⚪ 不列入,未達標,0,0
1532,勤美,TWSE,22.3,-0.1,328911.0,7336566.0,,,,,,,,,0.0,0.0,0.0,-84951.0,0.0,,,False,False,False,0.0,-84951.0,False,,,,False,,⚪ 不列入,未達標,0,0
1232,大統益,TWSE,154.5,0.0,46996.0,7264615.0,,,,,,,,,0.0,0.0,0.0,-16988.0,0.0,,,False,False,False,0.0,-16988.0,False,,,,False,,⚪ 不列入,未達標,0,0
2536,宏普,TWSE,19.2,-0.2,376183.0,7256740.0,,,,,,,,,0.0,0.0,1.0,87000.0,0.0,,,False,False,False,0.0,87000.0,False,,,,False,,⚪ 不列入,未達標,0,0
6152,百一,TWSE,15.0,-0.05,480652.0,7207502.0,,,,,,,,,0.0,0.0,1.0,112096.0,0.0,,,False,False,False,0.0,112096.0,False,,,,False,,⚪ 不列入,未達標,0,0
2106,建大,TWSE,16.65,0.0,425210.0,7097536.0,,,,,,,,,0.0,0.0,0.0,-360000.0,417.0,,,False,False,False,0.0,-360000.0,False,,,,False,,⚪ 不列入,未達標,0,0
1235,興泰,TWSE,35.5,0.0,189960.0,6957149.0,,,,,,,,,0.0,0.0,0.0,-25000.0,0.0,,,False,False,False,0.0,-25000.0,False,,,,False,,⚪ 不列入,未達標,0,0
6909,創控,TWSE,41.5,0.05,167616.0,6908314.0,,,,,,,,,0.0,0.0,1.0,125000.0,0.0,,,False,False,False,0.0,125000.0,False,,,,False,,⚪ 不列入,未達標,0,0
1726,永記,TWSE,76.3,-0.5,89465.0,6831241.0,,,,,,,,,0.0,0.0,0.0,-9000.0,0.0,,,False,False,False,0.0,-9000.0,False,,,,False,,⚪ 不列入,未達標,0,0
6862,三集瑞-KY,TWSE,139.0,-0.5,49026.0,6812444.0,,,,,,,,,0.0,0.0,0.0,-805.0,0.0,,,False,False,False,0.0,-805.0,False,,,,False,,⚪ 不列入,未達標,0,0
5236,凌陽創新,TWSE,135.5,-1.0,49832.0,6738405.0,,,,,,,,,1.0,10000.0,0.0,-8049.0,0.0,,,False,False,False,10000.0,-8049.0,False,,,,False,,⚪ 不列入,未達標,0,0
1104,環泥,TWSE,26.65,-0.15,251430.0,6710620.0,,,,,,,,,1.0,1000.0,0.0,-303305.0,0.0,,,False,False,False,1000.0,-303305.0,False,,,,False,,⚪ 不列入,未達標,0,0
9907,統一實,TWSE,14.85,0.0,448732.0,6678287.0,,,,,,,,,1.0,46305.0,0.0,-1275860.0,0.0,,,False,False,False,46305.0,-1275860.0,False,,,,False,,⚪ 不列入,未達標,0,0
3130,一零四,TWSE,208.5,0.0,31931.0,6658614.0,,,,,,,,,0.0,0.0,0.0,-31000.0,0.0,,,False,False,False,0.0,-31000.0,False,,,,False,,⚪ 不列入,未達標,0,0
5225,東科-KY,TWSE,56.2,0.0,116779.0,6559407.0,,,,,,,,,0.0,0.0,0.0,-36000.0,0.0,,,False,False,False,0.0,-36000.0,False,,,,False,,⚪ 不列入,未達標,0,0
6024,群益期,TWSE,60.8,-0.1,107319.0,6528404.0,,,,,,,,,0.0,0.0,0.0,-46000.0,0.0,,,False,False,False,0.0,-46000.0,False,,,,False,,⚪ 不列入,未達標,0,0
2029,盛餘,TWSE,21.55,0.2,302641.0,6495836.0,,,,,,,,,0.0,0.0,1.0,199455.0,0.0,,,False,False,False,0.0,199455.0,False,,,,False,,⚪ 不列入,未達標,0,0
6994,富威電力,TWSE,26.8,-0.5,240031.0,6466917.0,,,,,,,,,0.0,0.0,1.0,62000.0,0.0,,,False,False,False,0.0,62000.0,False,,,,False,,⚪ 不列入,未達標,0,0
2836,高雄銀,TWSE,12.15,0.0,529445.0,6437949.0,,,,,,,,,0.0,0.0,0.0,-1171490.0,0.0,,,False,False,False,0.0,-1171490.0,False,,,,False,,⚪ 不列入,未達標,0,0
1307,三芳,TWSE,30.7,0.05,208728.0,6388980.0,,,,,,,,,1.0,5000.0,1.0,178538.0,12000.0,,,False,False,False,5000.0,178538.0,False,,,,False,,⚪ 不列入,未達標,0,0
5292,華懋,TWSE,217.5,-1.0,29227.0,6323665.0,,,,,,,,,0.0,0.0,1.0,1120.0,9.0,,,False,False,False,0.0,1120.0,False,,,,False,,⚪ 不列入,未達標,0,0
6591,動力-KY,TWSE,44.2,0.05,140273.0,6286359.0,,,,,,,,,0.0,0.0,0.0,-20000.0,0.0,,,False,False,False,0.0,-20000.0,False,,,,False,,⚪ 不列入,未達標,0,0
2397,友通,TWSE,62.2,0.1,100308.0,6237839.0,,,,,,,,,0.0,0.0,1.0,89160.0,0.0,,,False,False,False,0.0,89160.0,False,,,,False,,⚪ 不列入,未達標,0,0
2753,八方雲集,TWSE,180.0,0.0,34563.0,6223170.0,,,,,,,,,1.0,2007.0,0.0,-39325.0,0.0,,,False,False,False,2007.0,-39325.0,False,,,,False,,⚪ 不列入,未達標,0,0
2852,第一保,TWSE,27.95,-0.15,220545.0,6171002.0,,,,,,,,,0.0,0.0,0.0,-96000.0,0.0,,,False,False,False,0.0,-96000.0,False,,,,False,,⚪ 不列入,未達標,0,0
2908,特力,TWSE,22.15,0.0,275895.0,6078289.0,,,,,,,,,0.0,0.0,0.0,-189651.0,0.0,,,False,False,False,0.0,-189651.0,False,,,,False,,⚪ 不列入,未達標,0,0
9919,康那香,TWSE,13.85,-0.15,437689.0,6060840.0,,,,,,,,,0.0,0.0,1.0,87000.0,0.0,,,False,False,False,0.0,87000.0,False,,,,False,,⚪ 不列入,未達標,0,0
4119,旭富,TWSE,56.7,-0.1,105787.0,6002507.0,,,,,,,,,0.0,0.0,0.0,-19546.0,125.0,,,False,False,False,0.0,-19546.0,False,,,,False,,⚪ 不列入,未達標,0,0
8476,台境*,TWSE,19.5,0.0,304998.0,5970196.0,,,,,,,,,0.0,0.0,1.0,81240.0,0.0,,,False,False,False,0.0,81240.0,False,,,,False,,⚪ 不列入,未達標,0,0
3051,力特,TWSE,22.3,-0.2,267019.0,5953418.0,,,,,,,,,0.0,0.0,1.0,139001.0,0.0,,,False,False,False,0.0,139001.0,False,,,,False,,⚪ 不列入,未達標,0,0
8213,志超,TWSE,33.1,-0.05,179430.0,5944196.0,,,,,,,,,0.0,0.0,0.0,-105000.0,305.0,,,False,False,False,0.0,-105000.0,False,,,,False,,⚪ 不列入,未達標,0,0
2109,華豐,TWSE,15.0,0.15,392021.0,5869925.0,,,,,,,,,0.0,0.0,0.0,-71000.0,0.0,,,False,False,False,0.0,-71000.0,False,,,,False,,⚪ 不列入,未達標,0,0
8104,錸寶,TWSE,31.05,0.2,189594.0,5848300.0,,,,,,,,,0.0,0.0,1.0,215456.0,0.0,,,False,False,False,0.0,215456.0,False,,,,False,,⚪ 不列入,未達標,0,0
2614,東森,TWSE,18.25,-0.05,320181.0,5844521.0,,,,,,,,,0.0,0.0,1.0,1175337.0,0.0,,,False,False,False,0.0,1175337.0,False,,,,False,,⚪ 不列入,未達標,0,0
6192,巨路,TWSE,110.5,-0.5,52488.0,5790729.0,,,,,,,,,0.0,0.0,0.0,-43000.0,0.0,,,False,False,False,0.0,-43000.0,False,,,,False,,⚪ 不列入,未達標,0,0
2364,倫飛,TWSE,65.7,-0.6,87979.0,5772278.0,,,,,,,,,0.0,0.0,0.0,-2784.0,0.0,,,False,False,False,0.0,-2784.0,False,,,,False,,⚪ 不列入,未達標,0,0
1342,八貫,TWSE,101.0,0.0,56993.0,5739119.0,,,,,,,,,0.0,0.0,0.0,-2352.0,1182.0,,,False,False,False,0.0,-2352.0,False,,,,False,,⚪ 不列入,未達標,0,0
7631,聚賢研發-創,TWSE,138.5,0.5,41366.0,5719743.0,,,,,,,,,0.0,0.0,0.0,-1611.0,251.0,,,False,False,False,0.0,-1611.0,False,,,,False,,⚪ 不列入,未達標,0,0
8201,無敵,TWSE,13.3,1.2,421852.0,5586276.0,,,,,,,,,0.0,0.0,1.0,46000.0,0.0,,,False,False,False,0.0,46000.0,False,,,,False,,⚪ 不列入,未達標,0,0
2108,南帝,TWSE,28.7,-0.05,194171.0,5569031.0,,,,,,,,,0.0,0.0,0.0,-181760.0,3564.0,,,False,False,False,0.0,-181760.0,False,,,,False,,⚪ 不列入,未達標,0,0
1789,神隆,TWSE,18.6,-0.3,295668.0,5519013.0,,,,,,,,,0.0,0.0,0.0,-62177.0,78.0,,,False,False,False,0.0,-62177.0,False,,,,False,,⚪ 不列入,未達標,0,0
2258,鴻華先進-創,TWSE,30.5,-0.1,180155.0,5500459.0,,,,,,,,,0.0,0.0,1.0,124944.0,4003.0,,,False,False,False,0.0,124944.0,False,,,,False,,⚪ 不列入,未達標,0,0
4952,凌通,TWSE,48.95,0.1,112021.0,5469300.0,,,,,,,,,0.0,0.0,1.0,55010.0,248.0,,,False,False,False,0.0,55010.0,False,,,,False,,⚪ 不列入,未達標,0,0
3501,維熹,TWSE,37.9,-0.05,143731.0,5441658.0,,,,,,,,,0.0,0.0,0.0,-83000.0,0.0,,,False,False,False,0.0,-83000.0,False,,,,False,,⚪ 不列入,未達標,0,0
1568,倉佑,TWSE,30.9,0.0,176644.0,5416556.0,,,,,,,,,0.0,0.0,1.0,27886.0,263.0,,,False,False,False,0.0,27886.0,False,,,,False,,⚪ 不列入,未達標,0,0
1734,杏輝,TWSE,32.1,0.0,168535.0,5389240.0,,,,,,,,,0.0,0.0,0.0,-45629.0,0.0,,,False,False,False,0.0,-45629.0,False,,,,False,,⚪ 不列入,未達標,0,0
2420,新巨,TWSE,53.9,0.2,99586.0,5364243.0,,,,,,,,,0.0,0.0,1.0,17001.0,1403.0,,,False,False,False,0.0,17001.0,False,,,,False,,⚪ 不列入,未達標,0,0
3419,譁裕,TWSE,10.75,-0.15,490127.0,5293097.0,,,,,,,,,0.0,0.0,1.0,129000.0,0.0,,,False,False,False,0.0,129000.0,False,,,,False,,⚪ 不列入,未達標,0,0
6277,宏正,TWSE,77.8,0.1,67573.0,5249244.0,,,,,,,,,0.0,0.0,0.0,-8000.0,0.0,,,False,False,False,0.0,-8000.0,False,,,,False,,⚪ 不列入,未達標,0,0
1217,愛之味,TWSE,9.95,0.04,526934.0,5230909.0,,,,,,,,,0.0,0.0,1.0,29000.0,0.0,,,False,False,False,0.0,29000.0,False,,,,False,,⚪ 不列入,未達標,0,0
6585,鼎基,TWSE,105.5,-0.5,49421.0,5185665.0,,,,,,,,,0.0,0.0,0.0,-1000.0,0.0,,,False,False,False,0.0,-1000.0,False,,,,False,,⚪ 不列入,未達標,0,0
4104,佳醫,TWSE,71.9,-0.3,71688.0,5158807.0,,,,,,,,,0.0,0.0,1.0,17612.0,0.0,,,False,False,False,0.0,17612.0,False,,,,False,,⚪ 不列入,未達標,0,0
1444,力麗,TWSE,6.86,0.0,751776.0,5146752.0,,,,,,,,,0.0,0.0,1.0,357888.0,0.0,,,False,False,False,0.0,357888.0,False,,,,False,,⚪ 不列入,未達標,0,0
2461,光群雷,TWSE,17.8,0.25,291344.0,5136212.0,,,,,,,,,0.0,0.0,0.0,-122033.0,0.0,,,False,False,False,0.0,-122033.0,False,,,,False,,⚪ 不列入,未達標,0,0
2762,世界健身-KY,TWSE,79.0,-0.8,64363.0,5101849.0,,,,,,,,,0.0,0.0,0.0,-9979.0,0.0,,,False,False,False,0.0,-9979.0,False,,,,False,,⚪ 不列入,未達標,0,0
2832,台產,TWSE,57.5,-0.3,86239.0,4965652.0,,,,,,,,,1.0,4377.0,0.0,-99080.0,433.0,,,False,False,False,4377.0,-99080.0,False,,,,False,,⚪ 不列入,未達標,0,0
6863,永道-KY,TWSE,97.3,-0.7,50850.0,4934888.0,,,,,,,,,0.0,0.0,0.0,-15000.0,0.0,,,False,False,False,0.0,-15000.0,False,,,,False,,⚪ 不列入,未達標,0,0
9942,茂順,TWSE,114.0,0.0,43351.0,4922629.0,,,,,,,,,0.0,0.0,0.0,-29000.0,0.0,,,False,False,False,0.0,-29000.0,False,,,,False,,⚪ 不列入,未達標,0,0
2530,華建,TWSE,20.15,0.0,244629.0,4920617.0,,,,,,,,,1.0,25321.0,1.0,14540.0,0.0,,,False,False,False,25321.0,14540.0,False,,,,False,,⚪ 不列入,未達標,0,0
6534,正瀚-創,TWSE,90.5,-0.4,54140.0,4912549.0,,,,,,,,,0.0,0.0,0.0,-7000.0,7.0,,,False,False,False,0.0,-7000.0,False,,,,False,,⚪ 不列入,未達標,0,0
2107,厚生,TWSE,26.95,0.05,180208.0,4855843.0,,,,,,,,,0.0,0.0,0.0,-68338.0,0.0,,,False,False,False,0.0,-68338.0,False,,,,False,,⚪ 不列入,未達標,0,0
3025,星通,TWSE,52.4,0.4,92285.0,4824778.0,,,,,,,,,0.0,0.0,1.0,16000.0,0.0,,,False,False,False,0.0,16000.0,False,,,,False,,⚪ 不列入,未達標,0,0
6230,尼得科超眾,TWSE,113.0,1.5,42552.0,4781331.0,,,,,,,,,0.0,0.0,0.0,-11000.0,0.0,,,False,False,False,0.0,-11000.0,False,,,,False,,⚪ 不列入,未達標,0,0
6923,中台,TWSE,75.9,-0.8,62772.0,4760629.0,,,,,,,,,0.0,0.0,0.0,-37000.0,0.0,,,False,False,False,0.0,-37000.0,False,,,,False,,⚪ 不列入,未達標,0,0
6272,驊陞,TWSE,25.3,-0.1,187267.0,4760463.0,,,,,,,,,0.0,0.0,1.0,11000.0,0.0,,,False,False,False,0.0,11000.0,False,,,,False,,⚪ 不列入,未達標,0,0
3002,歐格,TWSE,18.9,0.0,251151.0,4749159.0,,,,,,,,,0.0,0.0,0.0,-27000.0,114.0,,,False,False,False,0.0,-27000.0,False,,,,False,,⚪ 不列入,未達標,0,0
1558,伸興,TWSE,112.0,0.0,42146.0,4720560.0,,,,,,,,,0.0,0.0,1.0,75234.0,0.0,,,False,False,False,0.0,75234.0,False,,,,False,,⚪ 不列入,未達標,0,0
1325,恆大,TWSE,25.7,-0.05,182787.0,4719411.0,,,,,,,,,0.0,0.0,0.0,-43023.0,0.0,,,False,False,False,0.0,-43023.0,False,,,,False,,⚪ 不列入,未達標,0,0
3050,鈺德,TWSE,11.5,0.0,409041.0,4675016.0,,,,,,,,,0.0,0.0,1.0,39020.0,0.0,,,False,False,False,0.0,39020.0,False,,,,False,,⚪ 不列入,未達標,0,0
3054,立萬利,TWSE,58.4,-0.1,81396.0,4674240.0,,,,,,,,,0.0,0.0,1.0,28000.0,0.0,,,False,False,False,0.0,28000.0,False,,,,False,,⚪ 不列入,未達標,0,0
4934,太極,TWSE,14.15,-0.3,324032.0,4615350.0,,,,,,,,,0.0,0.0,1.0,39850.0,0.0,,,False,False,False,0.0,39850.0,False,,,,False,,⚪ 不列入,未達標,0,0
1447,力鵬,TWSE,6.39,-0.03,717743.0,4578941.0,,,,,,,,,0.0,0.0,1.0,103858.0,0.0,,,False,False,False,0.0,103858.0,False,,,,False,,⚪ 不列入,未達標,0,0
6934,心誠鎂,TWSE,75.5,1.0,60109.0,4481532.0,,,,,,,,,0.0,0.0,1.0,1000.0,0.0,,,False,False,False,0.0,1000.0,False,,,,False,,⚪ 不列入,未達標,0,0
2459,敦吉,TWSE,65.2,-0.2,67374.0,4382685.0,,,,,,,,,0.0,0.0,0.0,-13000.0,0.0,,,False,False,False,0.0,-13000.0,False,,,,False,,⚪ 不列入,未達標,0,0
2534,宏盛,TWSE,16.7,-0.25,260385.0,4351226.0,,,,,,,,,0.0,0.0,1.0,73000.0,0.0,,,False,False,False,0.0,73000.0,False,,,,False,,⚪ 不列入,未達標,0,0
4569,六方科-KY,TWSE,155.0,1.0,28158.0,4331406.0,,,,,,,,,0.0,0.0,0.0,-3000.0,0.0,,,False,False,False,0.0,-3000.0,False,,,,False,,⚪ 不列入,未達標,0,0
1218,泰山,TWSE,14.4,0.0,300906.0,4329493.0,,,,,,,,,0.0,0.0,1.0,78000.0,0.0,,,False,False,False,0.0,78000.0,False,,,,False,,⚪ 不列入,未達標,0,0
4555,氣立,TWSE,41.65,-0.2,103719.0,4310382.0,,,,,,,,,0.0,0.0,1.0,22000.0,0.0,,,False,False,False,0.0,22000.0,False,,,,False,,⚪ 不列入,未達標,0,0
6164,華興,TWSE,12.25,0.1,348731.0,4303805.0,,,,,,,,,0.0,0.0,1.0,81000.0,0.0,,,False,False,False,0.0,81000.0,False,,,,False,,⚪ 不列入,未達標,0,0
8045,達運光電,TWSE,53.3,0.7,80890.0,4291904.0,,,,,,,,,0.0,0.0,1.0,3000.0,0.0,,,False,False,False,0.0,3000.0,False,,,,False,,⚪ 不列入,未達標,0,0
4564,元翎,TWSE,16.05,0.05,268356.0,4281118.0,,,,,,,,,0.0,0.0,1.0,167240.0,27.0,,,False,False,False,0.0,167240.0,False,,,,False,,⚪ 不列入,未達標,0,0
1524,耿鼎,TWSE,26.0,-0.15,162765.0,4240387.0,,,,,,,,,0.0,0.0,0.0,-23944.0,0.0,,,False,False,False,0.0,-23944.0,False,,,,False,,⚪ 不列入,未達標,0,0
2611,志信,TWSE,14.05,-0.1,286922.0,4037760.0,,,,,,,,,0.0,0.0,0.0,-41541.0,0.0,,,False,False,False,0.0,-41541.0,False,,,,False,,⚪ 不列入,未達標,0,0
9946,三發地產,TWSE,17.1,-0.2,233111.0,4004389.0,,,,,,,,,0.0,0.0,0.0,-25000.0,0.0,,,False,False,False,0.0,-25000.0,False,,,,False,,⚪ 不列入,未達標,0,0
2497,怡利電,TWSE,43.8,0.4,92124.0,3998620.0,,,,,,,,,0.0,0.0,0.0,-25438.0,130.0,,,False,False,False,0.0,-25438.0,False,,,,False,,⚪ 不列入,未達標,0,0
4195,基米-創,TWSE,14.4,1.3,278278.0,3976424.0,,,,,,,,,0.0,0.0,0.0,-61000.0,862.0,,,False,False,False,0.0,-61000.0,False,,,,False,,⚪ 不列入,未達標,0,0
4737,華廣,TWSE,56.3,-1.6,70457.0,3958481.0,,,,,,,,,0.0,0.0,0.0,-6000.0,0.0,,,False,False,False,0.0,-6000.0,False,,,,False,,⚪ 不列入,未達標,0,0
3046,建碁,TWSE,53.8,-0.2,73645.0,3950885.0,,,,,,,,,0.0,0.0,0.0,-14122.0,0.0,,,False,False,False,0.0,-14122.0,False,,,,False,,⚪ 不列入,未達標,0,0
5203,訊連,TWSE,58.3,0.2,67344.0,3942924.0,,,,,,,,,0.0,0.0,1.0,56398.0,0.0,,,False,False,False,0.0,56398.0,False,,,,False,,⚪ 不列入,未達標,0,0
1611,中電,TWSE,11.4,0.05,344799.0,3915072.0,,,,,,,,,0.0,0.0,0.0,-169000.0,0.0,,,False,False,False,0.0,-169000.0,False,,,,False,,⚪ 不列入,未達標,0,0
6906,現觀科,TWSE,83.0,1.1,47047.0,3905963.0,,,,,,,,,0.0,0.0,1.0,1000.0,0.0,,,False,False,False,0.0,1000.0,False,,,,False,,⚪ 不列入,未達標,0,0
3530,晶相光,TWSE,58.3,-0.7,66222.0,3864562.0,,,,,,,,,0.0,0.0,1.0,6004.0,0.0,,,False,False,False,0.0,6004.0,False,,,,False,,⚪ 不列入,未達標,0,0
2387,精元,TWSE,36.65,-0.35,104425.0,3830446.0,,,,,,,,,1.0,7795.0,0.0,-84000.0,0.0,,,False,False,False,7795.0,-84000.0,False,,,,False,,⚪ 不列入,未達標,0,0
2739,寒舍,TWSE,36.4,-0.3,105339.0,3828808.0,,,,,,,,,0.0,0.0,0.0,-13050.0,0.0,,,False,False,False,0.0,-13050.0,False,,,,False,,⚪ 不列入,未達標,0,0
2901,欣欣,TWSE,23.35,0.4,163902.0,3801823.0,,,,,,,,,0.0,0.0,1.0,21010.0,0.0,,,False,False,False,0.0,21010.0,False,,,,False,,⚪ 不列入,未達標,0,0
1437,勤益控,TWSE,32.5,-0.35,115052.0,3753046.0,,,,,,,,,0.0,0.0,0.0,-15000.0,0.0,,,False,False,False,0.0,-15000.0,False,,,,False,,⚪ 不列入,未達標,0,0
1456,怡華,TWSE,14.7,0.75,259796.0,3752879.0,,,,,,,,,0.0,0.0,0.0,-3039.0,0.0,,,False,False,False,0.0,-3039.0,False,,,,False,,⚪ 不列入,未達標,0,0
1786,科妍,TWSE,42.65,-0.35,87618.0,3739613.0,,,,,,,,,0.0,0.0,1.0,27000.0,0.0,,,False,False,False,0.0,27000.0,False,,,,False,,⚪ 不列入,未達標,0,0
8488,吉源-KY,TWSE,9.85,-0.07,371009.0,3722718.0,,,,,,,,,0.0,0.0,0.0,-2000.0,0.0,,,False,False,False,0.0,-2000.0,False,,,,False,,⚪ 不列入,未達標,0,0
5007,三星,TWSE,55.6,-0.4,66094.0,3693816.0,,,,,,,,,0.0,0.0,0.0,-15000.0,0.0,,,False,False,False,0.0,-15000.0,False,,,,False,,⚪ 不列入,未達標,0,0
5531,鄉林,TWSE,6.98,-0.05,529559.0,3691162.0,,,,,,,,,0.0,0.0,0.0,-374000.0,0.0,,,False,False,False,0.0,-374000.0,False,,,,False,,⚪ 不列入,未達標,0,0
6117,迎廣,TWSE,61.7,-0.1,59417.0,3667450.0,,,,,,,,,0.0,0.0,1.0,42000.0,0.0,,,False,False,False,0.0,42000.0,False,,,,False,,⚪ 不列入,未達標,0,0
6674,鋐寶科技,TWSE,18.35,-0.05,199815.0,3662185.0,,,,,,,,,0.0,0.0,0.0,0.0,0.0,,,False,False,False,0.0,0.0,False,,,,False,,⚪ 不列入,未達標,0,0
6558,興能高,TWSE,24.5,-0.3,147224.0,3624546.0,,,,,,,,,0.0,0.0,0.0,-307870.0,0.0,,,False,False,False,0.0,-307870.0,False,,,,False,,⚪ 不列入,未達標,0,0
2429,銘旺科,TWSE,30.5,-0.25,116086.0,3540135.0,,,,,,,,,0.0,0.0,1.0,81000.0,0.0,,,False,False,False,0.0,81000.0,False,,,,False,,⚪ 不列入,未達標,0,0
1449,佳和,TWSE,12.45,0.15,285781.0,3536177.0,,,,,,,,,0.0,0.0,0.0,-57285.0,2.0,,,False,False,False,0.0,-57285.0,False,,,,False,,⚪ 不列入,未達標,0,0
2923,鼎固-KY,TWSE,24.3,-1.4,143243.0,3516473.0,,,,,,,,,0.0,0.0,0.0,-57990.0,0.0,,,False,False,False,0.0,-57990.0,False,,,,False,,⚪ 不列入,未達標,0,0
3257,虹冠電,TWSE,48.7,-0.25,71864.0,3505863.0,,,,,,,,,0.0,0.0,1.0,40109.0,0.0,,,False,False,False,0.0,40109.0,False,,,,False,,⚪ 不列入,未達標,0,0
2028,威致,TWSE,16.4,0.6,214794.0,3496813.0,,,,,,,,,0.0,0.0,1.0,2000.0,0.0,,,False,False,False,0.0,2000.0,False,,,,False,,⚪ 不列入,未達標,0,0
1598,岱宇,TWSE,20.35,-0.2,170591.0,3487969.0,,,,,,,,,0.0,0.0,1.0,17627.0,0.0,,,False,False,False,0.0,17627.0,False,,,,False,,⚪ 不列入,未達標,0,0
4720,德淵,TWSE,19.05,-0.15,180299.0,3441418.0,,,,,,,,,0.0,0.0,1.0,241101.0,0.0,,,False,False,False,0.0,241101.0,False,,,,False,,⚪ 不列入,未達標,0,0
2440,太空梭,TWSE,14.35,0.0,237173.0,3371674.0,,,,,,,,,0.0,0.0,0.0,-14000.0,0.0,,,False,False,False,0.0,-14000.0,False,,,,False,,⚪ 不列入,未達標,0,0
8222,寶一,TWSE,35.15,-0.05,95393.0,3358878.0,,,,,,,,,0.0,0.0,0.0,-3710.0,0.0,,,False,False,False,0.0,-3710.0,False,,,,False,,⚪ 不列入,未達標,0,0
2511,太子,TWSE,8.39,-0.01,392569.0,3293283.0,,,,,,,,,0.0,0.0,1.0,2000.0,0.0,,,False,False,False,0.0,2000.0,False,,,,False,,⚪ 不列入,未達標,0,0
6776,展碁國際,TWSE,52.2,-0.2,63140.0,3293050.0,,,,,,,,,0.0,0.0,1.0,28000.0,0.0,,,False,False,False,0.0,28000.0,False,,,,False,,⚪ 不列入,未達標,0,0
5484,慧友,TWSE,39.45,-0.05,83756.0,3292921.0,,,,,,,,,0.0,0.0,1.0,11000.0,0.0,,,False,False,False,0.0,11000.0,False,,,,False,,⚪ 不列入,未達標,0,0
3056,富華新,TWSE,14.05,0.0,235342.0,3292732.0,,,,,,,,,0.0,0.0,0.0,-97000.0,0.0,,,False,False,False,0.0,-97000.0,False,,,,False,,⚪ 不列入,未達標,0,0
8442,威宏-KY,TWSE,44.45,-0.65,73000.0,3248650.0,,,,,,,,,1.0,1184.0,0.0,-6000.0,0.0,,,False,False,False,1184.0,-6000.0,False,,,,False,,⚪ 不列入,未達標,0,0
6136,富爾特,TWSE,24.9,0.05,130061.0,3233378.0,,,,,,,,,0.0,0.0,0.0,-9065.0,0.0,,,False,False,False,0.0,-9065.0,False,,,,False,,⚪ 不列入,未達標,0,0
3716,中化控股,TWSE,33.95,0.0,95053.0,3228159.0,,,,,,,,,0.0,0.0,1.0,8000.0,0.0,,,False,False,False,0.0,8000.0,False,,,,False,,⚪ 不列入,未達標,0,0
3712,永崴投控,TWSE,20.7,0.05,156631.0,3227179.0,,,,,,,,,0.0,0.0,1.0,26000.0,0.0,,,False,False,False,0.0,26000.0,False,,,,False,,⚪ 不列入,未達標,0,0
9955,佳龍,TWSE,23.0,-0.2,138353.0,3194464.0,,,,,,,,,0.0,0.0,0.0,-42000.0,0.0,,,False,False,False,0.0,-42000.0,False,,,,False,,⚪ 不列入,未達標,0,0
1720,生達,TWSE,56.2,0.1,56600.0,3180747.0,,,,,,,,,0.0,0.0,0.0,-49764.0,0.0,,,False,False,False,0.0,-49764.0,False,,,,False,,⚪ 不列入,未達標,0,0
1417,嘉裕,TWSE,8.1,0.02,392002.0,3156440.0,,,,,,,,,0.0,0.0,0.0,-130000.0,0.0,,,False,False,False,0.0,-130000.0,False,,,,False,,⚪ 不列入,未達標,0,0
2415,錩新,TWSE,27.0,0.15,114450.0,3093140.0,,,,,,,,,0.0,0.0,1.0,46000.0,0.0,,,False,False,False,0.0,46000.0,False,,,,False,,⚪ 不列入,未達標,0,0
2017,官田鋼,TWSE,8.99,0.02,340921.0,3066936.0,,,,,,,,,0.0,0.0,1.0,77277.0,0.0,,,False,False,False,0.0,77277.0,False,,,,False,,⚪ 不列入,未達標,0,0
7823,奧義賽博-KY創,TWSE,81.0,0.6,37865.0,3065168.0,,,,,,,,,0.0,0.0,0.0,-8000.0,3000.0,,,False,False,False,0.0,-8000.0,False,,,,False,,⚪ 不列入,未達標,0,0
6768,志強-KY,TWSE,62.8,-0.1,48690.0,3049659.0,,,,,,,,,1.0,3000.0,0.0,-47000.0,26.0,,,False,False,False,3000.0,-47000.0,False,,,,False,,⚪ 不列入,未達標,0,0
1616,億泰,TWSE,18.3,-0.15,165506.0,3023408.0,,,,,,,,,0.0,0.0,0.0,-10000.0,0.0,,,False,False,False,0.0,-10000.0,False,,,,False,,⚪ 不列入,未達標,0,0
1506,正道,TWSE,9.64,-0.06,312228.0,3016086.0,,,,,,,,,0.0,0.0,0.0,-111000.0,0.0,,,False,False,False,0.0,-111000.0,False,,,,False,,⚪ 不列入,未達標,0,0
5283,禾聯碩,TWSE,53.0,-0.5,55976.0,2971073.0,,,,,,,,,0.0,0.0,0.0,-10000.0,0.0,,,False,False,False,0.0,-10000.0,False,,,,False,,⚪ 不列入,未達標,0,0
5706,鳳凰,TWSE,43.9,-0.25,67236.0,2956174.0,,,,,,,,,0.0,0.0,1.0,18000.0,0.0,,,False,False,False,0.0,18000.0,False,,,,False,,⚪ 不列入,未達標,0,0
2228,劍麟,TWSE,75.0,-0.7,39277.0,2949608.0,,,,,,,,,0.0,0.0,1.0,6000.0,0.0,,,False,False,False,0.0,6000.0,False,,,,False,,⚪ 不列入,未達標,0,0
1760,寶齡富錦,TWSE,53.7,-0.2,54952.0,2949426.0,,,,,,,,,0.0,0.0,0.0,-11620.0,0.0,,,False,False,False,0.0,-11620.0,False,,,,False,,⚪ 不列入,未達標,0,0
8404,百和興業-KY,TWSE,13.55,-0.15,215582.0,2941385.0,,,,,,,,,0.0,0.0,0.0,-187000.0,0.0,,,False,False,False,0.0,-187000.0,False,,,,False,,⚪ 不列入,未達標,0,0
5525,順天,TWSE,22.0,-0.2,132283.0,2918191.0,,,,,,,,,0.0,0.0,0.0,-23000.0,0.0,,,False,False,False,0.0,-23000.0,False,,,,False,,⚪ 不列入,未達標,0,0
1527,鑽全,TWSE,32.65,0.05,89339.0,2914128.0,,,,,,,,,0.0,0.0,1.0,120000.0,0.0,,,False,False,False,0.0,120000.0,False,,,,False,,⚪ 不列入,未達標,0,0
3027,盛達,TWSE,18.55,-0.15,155165.0,2893120.0,,,,,,,,,0.0,0.0,1.0,20000.0,0.0,,,False,False,False,0.0,20000.0,False,,,,False,,⚪ 不列入,未達標,0,0
2613,中櫃,TWSE,22.2,-0.1,130355.0,2887986.0,,,,,,,,,0.0,0.0,1.0,14000.0,0.0,,,False,False,False,0.0,14000.0,False,,,,False,,⚪ 不列入,未達標,0,0
1615,大山,TWSE,42.7,-0.25,67530.0,2887597.0,,,,,,,,,0.0,0.0,0.0,-47000.0,0.0,,,False,False,False,0.0,-47000.0,False,,,,False,,⚪ 不列入,未達標,0,0
3447,展達,TWSE,27.3,-0.6,104434.0,2865853.0,,,,,,,,,0.0,0.0,1.0,7000.0,0.0,,,False,False,False,0.0,7000.0,False,,,,False,,⚪ 不列入,未達標,0,0
2849,安泰銀,TWSE,15.65,-0.3,181693.0,2858828.0,,,,,,,,,0.0,0.0,0.0,-83000.0,0.0,,,False,False,False,0.0,-83000.0,False,,,,False,,⚪ 不列入,未達標,0,0
8411,福貞-KY,TWSE,12.1,-0.1,238519.0,2857774.0,,,,,,,,,0.0,0.0,0.0,-26000.0,0.0,,,False,False,False,0.0,-26000.0,False,,,,False,,⚪ 不列入,未達標,0,0
4106,雃博,TWSE,24.2,-0.15,115987.0,2830095.0,,,,,,,,,0.0,0.0,0.0,-10000.0,0.0,,,False,False,False,0.0,-10000.0,False,,,,False,,⚪ 不列入,未達標,0,0
1603,華電,TWSE,30.25,0.0,93143.0,2793952.0,,,,,,,,,0.0,0.0,1.0,55000.0,0.0,,,False,False,False,0.0,55000.0,False,,,,False,,⚪ 不列入,未達標,0,0
6794,向榮生技,TWSE,72.9,-2.1,38000.0,2788400.0,,,,,,,,,0.0,0.0,1.0,5000.0,0.0,,,False,False,False,0.0,5000.0,False,,,,False,,⚪ 不列入,未達標,0,0
3011,今皓,TWSE,10.0,0.13,277954.0,2784065.0,,,,,,,,,0.0,0.0,1.0,31000.0,0.0,,,False,False,False,0.0,31000.0,False,,,,False,,⚪ 不列入,未達標,0,0
1436,華友聯,TWSE,36.15,-0.45,76557.0,2776756.0,,,,,,,,,0.0,0.0,0.0,-108000.0,0.0,,,False,False,False,0.0,-108000.0,False,,,,False,,⚪ 不列入,未達標,0,0
4155,訊映,TWSE,14.85,0.15,182427.0,2727559.0,,,,,,,,,0.0,0.0,0.0,-71000.0,0.0,,,False,False,False,0.0,-71000.0,False,,,,False,,⚪ 不列入,未達標,0,0
2414,精技,TWSE,52.9,-0.2,50580.0,2681379.0,,,,,,,,,0.0,0.0,1.0,27495.0,0.0,,,False,False,False,0.0,27495.0,False,,,,False,,⚪ 不列入,未達標,0,0
1702,南僑,TWSE,33.0,0.0,81244.0,2678744.0,,,,,,,,,0.0,0.0,1.0,48501.0,0.0,,,False,False,False,0.0,48501.0,False,,,,False,,⚪ 不列入,未達標,0,0
1473,台南,TWSE,19.5,0.05,137652.0,2671977.0,,,,,,,,,0.0,0.0,0.0,-24000.0,0.0,,,False,False,False,0.0,-24000.0,False,,,,False,,⚪ 不列入,未達標,0,0
2608,嘉里大榮,TWSE,28.7,-0.1,92755.0,2671352.0,,,,,,,,,0.0,0.0,0.0,-37000.0,440.0,,,False,False,False,0.0,-37000.0,False,,,,False,,⚪ 不列入,未達標,0,0
6657,華安,TWSE,32.8,-0.45,81194.0,2669982.0,,,,,,,,,0.0,0.0,0.0,-5001.0,0.0,,,False,False,False,0.0,-5001.0,False,,,,False,,⚪ 不列入,未達標,0,0
2015,豐興,TWSE,64.5,0.3,41321.0,2652448.0,,,,,,,,,0.0,0.0,0.0,-157913.0,1000.0,,,False,False,False,0.0,-157913.0,False,,,,False,,⚪ 不列入,未達標,0,0
2462,良得電,TWSE,20.35,0.45,132016.0,2635364.0,,,,,,,,,0.0,0.0,0.0,-57000.0,0.0,,,False,False,False,0.0,-57000.0,False,,,,False,,⚪ 不列入,未達標,0,0
6598,ABC-KY,TWSE,27.3,-0.3,96158.0,2633705.0,,,,,,,,,0.0,0.0,0.0,-43000.0,0.0,,,False,False,False,0.0,-43000.0,False,,,,False,,⚪ 不列入,未達標,0,0
4438,廣越,TWSE,57.0,0.5,46189.0,2629077.0,,,,,,,,,0.0,0.0,0.0,-1000.0,0.0,,,False,False,False,0.0,-1000.0,False,,,,False,,⚪ 不列入,未達標,0,0
8499,鼎炫-KY,TWSE,254.5,1.5,10354.0,2628865.0,,,,,,,,,0.0,0.0,1.0,9000.0,0.0,,,False,False,False,0.0,9000.0,False,,,,False,,⚪ 不列入,未達標,0,0
8249,菱光,TWSE,39.35,-0.2,66852.0,2625652.0,,,,,,,,,0.0,0.0,1.0,138891.0,0.0,,,False,False,False,0.0,138891.0,False,,,,False,,⚪ 不列入,未達標,0,0
1737,臺鹽,TWSE,30.05,-0.15,86952.0,2619517.0,,,,,,,,,0.0,0.0,0.0,-101123.0,0.0,,,False,False,False,0.0,-101123.0,False,,,,False,,⚪ 不列入,未達標,0,0
1713,國化,TWSE,41.5,0.0,62930.0,2613815.0,,,,,,,,,0.0,0.0,0.0,-36000.0,0.0,,,False,False,False,0.0,-36000.0,False,,,,False,,⚪ 不列入,未達標,0,0
6924,榮惠-KY創,TWSE,134.0,-2.0,19247.0,2562025.0,,,,,,,,,0.0,0.0,1.0,150.0,7.0,,,False,False,False,0.0,150.0,False,,,,False,,⚪ 不列入,未達標,0,0
4545,銘鈺,TWSE,33.1,-0.3,77315.0,2548649.0,,,,,,,,,0.0,0.0,1.0,64000.0,0.0,,,False,False,False,0.0,64000.0,False,,,,False,,⚪ 不列入,未達標,0,0
2013,中鋼構,TWSE,41.1,-0.2,61624.0,2525028.0,,,,,,,,,0.0,0.0,0.0,-3000.0,0.0,,,False,False,False,0.0,-3000.0,False,,,,False,,⚪ 不列入,未達標,0,0
2528,皇普,TWSE,19.55,-0.3,127050.0,2489361.0,,,,,,,,,1.0,10268.0,0.0,-130000.0,0.0,,,False,False,False,10268.0,-130000.0,False,,,,False,,⚪ 不列入,未達標,0,0
6914,阜爾運通,TWSE,120.5,0.0,20655.0,2485026.0,,,,,,,,,0.0,0.0,1.0,2000.0,0.0,,,False,False,False,0.0,2000.0,False,,,,False,,⚪ 不列入,未達標,0,0
5244,弘凱,TWSE,35.75,0.2,69528.0,2460832.0,,,,,,,,,0.0,0.0,1.0,10000.0,0.0,,,False,False,False,0.0,10000.0,False,,,,False,,⚪ 不列入,未達標,0,0
1414,東和,TWSE,17.45,0.15,141227.0,2443680.0,,,,,,,,,0.0,0.0,1.0,15554.0,0.0,,,False,False,False,0.0,15554.0,False,,,,False,,⚪ 不列入,未達標,0,0
3058,立德,TWSE,8.22,-0.08,293692.0,2416650.0,,,,,,,,,0.0,0.0,1.0,52000.0,0.0,,,False,False,False,0.0,52000.0,False,,,,False,,⚪ 不列入,未達標,0,0
2748,雲品,TWSE,38.8,0.15,61491.0,2383873.0,,,,,,,,,0.0,0.0,0.0,-1000.0,0.0,,,False,False,False,0.0,-1000.0,False,,,,False,,⚪ 不列入,未達標,0,0
7689,大鵬科CLMX,TWSE,158.5,1.0,15131.0,2382310.0,,,,,,,,,0.0,0.0,1.0,8198.0,0.0,,,False,False,False,0.0,8198.0,False,,,,False,,⚪ 不列入,未達標,0,0
1219,福壽,TWSE,11.45,-0.05,204187.0,2352444.0,,,,,,,,,0.0,0.0,1.0,7459.0,0.0,,,False,False,False,0.0,7459.0,False,,,,False,,⚪ 不列入,未達標,0,0
7821,神數,TWSE,36.75,-0.05,63919.0,2349288.0,,,,,,,,,0.0,0.0,0.0,-4000.0,0.0,,,False,False,False,0.0,-4000.0,False,,,,False,,⚪ 不列入,未達標,0,0
2248,華勝-KY,TWSE,61.0,-0.9,38424.0,2348704.0,,,,,,,,,0.0,0.0,1.0,1000.0,0.0,,,False,False,False,0.0,1000.0,False,,,,False,,⚪ 不列入,未達標,0,0
4807,日成-KY,TWSE,29.3,-0.55,78769.0,2310350.0,,,,,,,,,0.0,0.0,1.0,12000.0,0.0,,,False,False,False,0.0,12000.0,False,,,,False,,⚪ 不列入,未達標,0,0
6142,友勁,TWSE,9.06,-0.03,254269.0,2305680.0,,,,,,,,,0.0,0.0,0.0,-32000.0,0.0,,,False,False,False,0.0,-32000.0,False,,,,False,,⚪ 不列入,未達標,0,0
3669,圓展,TWSE,32.25,-0.3,71270.0,2304138.0,,,,,,,,,0.0,0.0,0.0,-4000.0,0.0,,,False,False,False,0.0,-4000.0,False,,,,False,,⚪ 不列入,未達標,0,0
1103,嘉泥,TWSE,13.05,-0.1,176272.0,2302026.0,,,,,,,,,0.0,0.0,0.0,-157000.0,0.0,,,False,False,False,0.0,-157000.0,False,,,,False,,⚪ 不列入,未達標,0,0
6921,嘉雨思-創,TWSE,63.9,-1.0,36100.0,2297470.0,,,,,,,,,0.0,0.0,1.0,3000.0,0.0,,,False,False,False,0.0,3000.0,False,,,,False,,⚪ 不列入,未達標,0,0
6115,鎰勝,TWSE,44.05,-0.1,51556.0,2274039.0,,,,,,,,,0.0,0.0,0.0,-20000.0,0.0,,,False,False,False,0.0,-20000.0,False,,,,False,,⚪ 不列入,未達標,0,0
1108,幸福,TWSE,11.05,0.0,205540.0,2271117.0,,,,,,,,,0.0,0.0,0.0,-10000.0,0.0,,,False,False,False,0.0,-10000.0,False,,,,False,,⚪ 不列入,未達標,0,0
6625,必應,TWSE,74.0,0.2,30553.0,2256825.0,,,,,,,,,0.0,0.0,1.0,30000.0,0.0,,,False,False,False,0.0,30000.0,False,,,,False,,⚪ 不列入,未達標,0,0
4572,駐龍,TWSE,139.5,-0.5,16094.0,2251157.0,,,,,,,,,0.0,0.0,1.0,2000.0,0.0,,,False,False,False,0.0,2000.0,False,,,,False,,⚪ 不列入,未達標,0,0
0061,元大寶滬深,TWSE,24.1,-0.02,93351.0,2234459.0,,,,,,,,,0.0,0.0,0.0,-171000.0,66875.0,,,False,False,False,0.0,-171000.0,False,,,,False,,⚪ 不列入,未達標,0,0
3652,精聯,TWSE,34.1,-0.35,65160.0,2224466.0,,,,,,,,,0.0,0.0,1.0,18000.0,0.0,,,False,False,False,0.0,18000.0,False,,,,False,,⚪ 不列入,未達標,0,0
5306,桂盟,TWSE,88.7,-0.1,24687.0,2190595.0,,,,,,,,,0.0,0.0,0.0,-20000.0,0.0,,,False,False,False,0.0,-20000.0,False,,,,False,,⚪ 不列入,未達標,0,0
6281,全國電,TWSE,51.0,0.1,42484.0,2165303.0,,,,,,,,,0.0,0.0,0.0,-7000.0,0.0,,,False,False,False,0.0,-7000.0,False,,,,False,,⚪ 不列入,未達標,0,0
2537,聯上發,TWSE,11.4,0.0,189889.0,2158900.0,,,,,,,,,0.0,0.0,0.0,-159062.0,0.0,,,False,False,False,0.0,-159062.0,False,,,,False,,⚪ 不列入,未達標,0,0
8011,台通,TWSE,15.9,0.0,135271.0,2148026.0,,,,,,,,,0.0,0.0,1.0,8000.0,0.0,,,False,False,False,0.0,8000.0,False,,,,False,,⚪ 不列入,未達標,0,0
6965,中傑-KY,TWSE,67.1,-1.5,31654.0,2139458.0,,,,,,,,,0.0,0.0,0.0,-13000.0,0.0,,,False,False,False,0.0,-13000.0,False,,,,False,,⚪ 不列入,未達標,0,0
2477,美隆電,TWSE,23.05,0.15,92563.0,2130122.0,,,,,,,,,1.0,3400.0,0.0,-18376.0,0.0,,,False,False,False,3400.0,-18376.0,False,,,,False,,⚪ 不列入,未達標,0,0
2488,漢平,TWSE,48.85,-0.25,43260.0,2123716.0,,,,,,,,,0.0,0.0,0.0,-2000.0,0.0,,,False,False,False,0.0,-2000.0,False,,,,False,,⚪ 不列入,未達標,0,0
1338,廣華-KY,TWSE,14.75,-0.05,145345.0,2114144.0,,,,,,,,,0.0,0.0,0.0,-12989.0,0.0,,,False,False,False,0.0,-12989.0,False,,,,False,,⚪ 不列入,未達標,0,0
7721,微程式,TWSE,61.7,-0.3,34150.0,2111844.0,,,,,,,,,0.0,0.0,1.0,16000.0,0.0,,,False,False,False,0.0,16000.0,False,,,,False,,⚪ 不列入,未達標,0,0
3321,同泰,TWSE,18.2,-0.15,113660.0,2070877.0,,,,,,,,,0.0,0.0,1.0,1000.0,0.0,,,False,False,False,0.0,1000.0,False,,,,False,,⚪ 不列入,未達標,0,0
2538,基泰,TWSE,8.71,0.04,237556.0,2062081.0,,,,,,,,,0.0,0.0,0.0,-69000.0,0.0,,,False,False,False,0.0,-69000.0,False,,,,False,,⚪ 不列入,未達標,0,0
2545,皇翔,TWSE,34.2,0.2,59553.0,2029110.0,,,,,,,,,0.0,0.0,1.0,3000.0,0.0,,,False,False,False,0.0,3000.0,False,,,,False,,⚪ 不列入,未達標,0,0
3038,全台,TWSE,20.3,0.0,98826.0,2010975.0,,,,,,,,,0.0,0.0,0.0,-17000.0,0.0,,,False,False,False,0.0,-17000.0,False,,,,False,,⚪ 不列入,未達標,0,0
9908,大台北,TWSE,28.95,0.0,69417.0,2010903.0,,,,,,,,,0.0,0.0,0.0,-43000.0,0.0,,,False,False,False,0.0,-43000.0,False,,,,False,,⚪ 不列入,未達標,0,0
1455,集盛,TWSE,9.68,-0.05,207283.0,2007949.0,,,,,,,,,0.0,0.0,0.0,-191000.0,21.0,,,False,False,False,0.0,-191000.0,False,,,,False,,⚪ 不列入,未達標,0,0
1604,聲寶,TWSE,23.45,-0.1,84562.0,1987858.0,,,,,,,,,0.0,0.0,0.0,-45928.0,0.0,,,False,False,False,0.0,-45928.0,False,,,,False,,⚪ 不列入,未達標,0,0
4562,穎漢,TWSE,30.0,-0.45,65496.0,1967241.0,,,,,,,,,0.0,0.0,1.0,54000.0,0.0,,,False,False,False,0.0,54000.0,False,,,,False,,⚪ 不列入,未達標,0,0
6790,永豐實,TWSE,37.7,-0.05,51018.0,1925611.0,,,,,,,,,1.0,3000.0,0.0,-25000.0,302.0,,,False,False,False,3000.0,-25000.0,False,,,,False,,⚪ 不列入,未達標,0,0
1903,士紙,TWSE,47.1,-0.4,39414.0,1868283.0,,,,,,,,,0.0,0.0,1.0,6005.0,0.0,,,False,False,False,0.0,6005.0,False,,,,False,,⚪ 不列入,未達標,0,0
9943,好樂迪,TWSE,50.5,0.0,36502.0,1840447.0,,,,,,,,,0.0,0.0,0.0,-2000.0,0.0,,,False,False,False,0.0,-2000.0,False,,,,False,,⚪ 不列入,未達標,0,0
1234,黑松,TWSE,33.05,0.0,54772.0,1810106.0,,,,,,,,,0.0,0.0,0.0,-70000.0,462.0,,,False,False,False,0.0,-70000.0,False,,,,False,,⚪ 不列入,未達標,0,0
1321,大洋,TWSE,32.45,-0.05,56000.0,1809700.0,,,,,,,,,0.0,0.0,0.0,-25000.0,0.0,,,False,False,False,0.0,-25000.0,False,,,,False,,⚪ 不列入,未達標,0,0
6606,建德工業,TWSE,25.1,0.0,72606.0,1808409.0,,,,,,,,,0.0,0.0,0.0,-11000.0,0.0,,,False,False,False,0.0,-11000.0,False,,,,False,,⚪ 不列入,未達標,0,0
4935,茂林-KY,TWSE,32.95,-0.05,54271.0,1794354.0,,,,,,,,,0.0,0.0,0.0,-7000.0,0.0,,,False,False,False,0.0,-7000.0,False,,,,False,,⚪ 不列入,未達標,0,0
3052,夆典,TWSE,10.4,0.0,170973.0,1781194.0,,,,,,,,,0.0,0.0,0.0,-13000.0,0.0,,,False,False,False,0.0,-13000.0,False,,,,False,,⚪ 不列入,未達標,0,0
7730,暉盛-創,TWSE,172.0,1.5,10341.0,1774780.0,,,,,,,,,0.0,0.0,1.0,48000.0,114.0,,,False,False,False,0.0,48000.0,False,,,,False,,⚪ 不列入,未達標,0,0
6184,大豐電,TWSE,40.3,-0.1,43261.0,1740648.0,,,,,,,,,0.0,0.0,0.0,-10000.0,0.0,,,False,False,False,0.0,-10000.0,False,,,,False,,⚪ 不列入,未達標,0,0
9934,成霖,TWSE,9.84,0.0,176300.0,1735490.0,,,,,,,,,0.0,0.0,0.0,-120843.0,0.0,,,False,False,False,0.0,-120843.0,False,,,,False,,⚪ 不列入,未達標,0,0
5533,皇鼎,TWSE,13.9,-0.15,122890.0,1711513.0,,,,,,,,,0.0,0.0,0.0,-11000.0,0.0,,,False,False,False,0.0,-11000.0,False,,,,False,,⚪ 不列入,未達標,0,0
1460,宏遠,TWSE,6.25,-0.03,267832.0,1673904.0,,,,,,,,,0.0,0.0,0.0,-64236.0,0.0,,,False,False,False,0.0,-64236.0,False,,,,False,,⚪ 不列入,未達標,0,0
2237,華德動能-創,TWSE,26.9,-0.1,62182.0,1672281.0,,,,,,,,,0.0,0.0,0.0,-21000.0,0.0,,,False,False,False,0.0,-21000.0,False,,,,False,,⚪ 不列入,未達標,0,0
6573,虹揚-KY,TWSE,15.9,-0.2,105089.0,1670153.0,,,,,,,,,0.0,0.0,0.0,-4000.0,0.0,,,False,False,False,0.0,-4000.0,False,,,,False,,⚪ 不列入,未達標,0,0
6698,旭暉應材,TWSE,31.7,0.1,52578.0,1660767.0,,,,,,,,,0.0,0.0,1.0,59000.0,0.0,,,False,False,False,0.0,59000.0,False,,,,False,,⚪ 不列入,未達標,0,0
1339,昭輝,TWSE,42.4,-0.35,38644.0,1638737.0,,,,,,,,,0.0,0.0,0.0,-12000.0,0.0,,,False,False,False,0.0,-12000.0,False,,,,False,,⚪ 不列入,未達標,0,0
1463,強盛新,TWSE,17.75,0.15,92045.0,1619054.0,,,,,,,,,0.0,0.0,0.0,-11000.0,0.0,,,False,False,False,0.0,-11000.0,False,,,,False,,⚪ 不列入,未達標,0,0
7818,溢泰實業,TWSE,59.9,-0.3,26743.0,1606867.0,,,,,,,,,0.0,0.0,0.0,-5000.0,0.0,,,False,False,False,0.0,-5000.0,False,,,,False,,⚪ 不列入,未達標,0,0
9136,巨騰-DR,TWSE,9.19,0.0,172100.0,1570948.0,,,,,,,,,0.0,0.0,0.0,-206000.0,0.0,,,False,False,False,0.0,-206000.0,False,,,,False,,⚪ 不列入,未達標,0,0
4108,懷特,TWSE,11.45,-0.2,136576.0,1569886.0,,,,,,,,,0.0,0.0,0.0,-35000.0,0.0,,,False,False,False,0.0,-35000.0,False,,,,False,,⚪ 不列入,未達標,0,0
4439,冠星-KY,TWSE,96.4,-2.1,16010.0,1544169.0,,,,,,,,,0.0,0.0,0.0,0.0,0.0,,,False,False,False,0.0,0.0,False,,,,False,,⚪ 不列入,未達標,0,0
1535,中宇,TWSE,45.6,-0.15,33345.0,1523445.0,,,,,,,,,0.0,0.0,0.0,-5000.0,0.0,,,False,False,False,0.0,-5000.0,False,,,,False,,⚪ 不列入,未達標,0,0
9924,福興,TWSE,37.8,0.0,39591.0,1498154.0,,,,,,,,,0.0,0.0,0.0,-5000.0,0.0,,,False,False,False,0.0,-5000.0,False,,,,False,,⚪ 不列入,未達標,0,0
5538,東明-KY,TWSE,35.3,-0.1,42132.0,1492395.0,,,,,,,,,0.0,0.0,0.0,-12000.0,0.0,,,False,False,False,0.0,-12000.0,False,,,,False,,⚪ 不列入,未達標,0,0
1419,新紡,TWSE,66.0,0.3,22200.0,1460439.0,,,,,,,,,0.0,0.0,0.0,-33000.0,0.0,,,False,False,False,0.0,-33000.0,False,,,,False,,⚪ 不列入,未達標,0,0
2022,聚亨,TWSE,7.16,0.02,202948.0,1450082.0,,,,,,,,,0.0,0.0,0.0,-4509.0,0.0,,,False,False,False,0.0,-4509.0,False,,,,False,,⚪ 不列入,未達標,0,0
3057,喬鼎,TWSE,15.8,-0.35,91406.0,1446382.0,,,,,,,,,0.0,0.0,1.0,18000.0,0.0,,,False,False,False,0.0,18000.0,False,,,,False,,⚪ 不列入,未達標,0,0
6928,攸泰科技,TWSE,45.4,-0.6,31556.0,1434081.0,,,,,,,,,0.0,0.0,1.0,1000.0,0.0,,,False,False,False,0.0,1000.0,False,,,,False,,⚪ 不列入,未達標,0,0
7760,享溫馨,TWSE,33.0,-0.3,43092.0,1420789.0,,,,,,,,,0.0,0.0,0.0,-2000.0,0.0,,,False,False,False,0.0,-2000.0,False,,,,False,,⚪ 不列入,未達標,0,0
1472,三洋實業,TWSE,88.0,-0.1,16063.0,1413335.0,,,,,,,,,0.0,0.0,1.0,5000.0,0.0,,,False,False,False,0.0,5000.0,False,,,,False,,⚪ 不列入,未達標,0,0
3607,谷崧,TWSE,13.75,0.0,101378.0,1404634.0,,,,,,,,,0.0,0.0,1.0,1000.0,0.0,,,False,False,False,0.0,1000.0,False,,,,False,,⚪ 不列入,未達標,0,0
3092,鴻碩,TWSE,22.75,0.15,61043.0,1386145.0,,,,,,,,,0.0,0.0,1.0,45000.0,0.0,,,False,False,False,0.0,45000.0,False,,,,False,,⚪ 不列入,未達標,0,0
1725,元禎,TWSE,33.9,-0.1,40528.0,1380108.0,,,,,,,,,0.0,0.0,0.0,-9000.0,0.0,,,False,False,False,0.0,-9000.0,False,,,,False,,⚪ 不列入,未達標,0,0
1464,得力,TWSE,9.97,-0.03,137078.0,1368762.0,,,,,,,,,0.0,0.0,0.0,-85000.0,0.0,,,False,False,False,0.0,-85000.0,False,,,,False,,⚪ 不列入,未達標,0,0
4588,玖鼎電力,TWSE,54.8,0.0,24617.0,1343992.0,,,,,,,,,0.0,0.0,0.0,-7000.0,0.0,,,False,False,False,0.0,-7000.0,False,,,,False,機器人／智慧自動化,⚪ 不列入,未達標,0,0
1730,花仙子,TWSE,51.2,0.0,25846.0,1321399.0,,,,,,,,,0.0,0.0,0.0,-6000.0,0.0,,,False,False,False,0.0,-6000.0,False,,,,False,,⚪ 不列入,未達標,0,0
9103,美德醫療-DR,TWSE,4.97,-0.03,265091.0,1318252.0,,,,,,,,,0.0,0.0,0.0,-58000.0,320.0,,,False,False,False,0.0,-58000.0,False,,,,False,,⚪ 不列入,未達標,0,0
1416,廣豐,TWSE,11.45,-0.05,114653.0,1313190.0,,,,,,,,,0.0,0.0,0.0,-67000.0,0.0,,,False,False,False,0.0,-67000.0,False,,,,False,,⚪ 不列入,未達標,0,0
2906,高林,TWSE,13.5,0.05,95287.0,1275723.0,,,,,,,,,0.0,0.0,0.0,-14000.0,268.0,,,False,False,False,0.0,-14000.0,False,,,,False,,⚪ 不列入,未達標,0,0
1315,達新,TWSE,68.3,0.2,18564.0,1265572.0,,,,,,,,,0.0,0.0,0.0,-8000.0,0.0,,,False,False,False,0.0,-8000.0,False,,,,False,,⚪ 不列入,未達標,0,0
1236,宏亞,TWSE,25.4,0.15,49853.0,1264286.0,,,,,,,,,0.0,0.0,0.0,-10000.0,0.0,,,False,False,False,0.0,-10000.0,False,,,,False,,⚪ 不列入,未達標,0,0
4557,永新-KY,TWSE,49.8,0.05,25316.0,1259476.0,,,,,,,,,0.0,0.0,1.0,13000.0,0.0,,,False,False,False,0.0,13000.0,False,,,,False,,⚪ 不列入,未達標,0,0
3679,新至陞,TWSE,109.0,0.5,11570.0,1256969.0,,,,,,,,,1.0,949.0,1.0,1000.0,0.0,,,False,False,False,949.0,1000.0,False,,,,False,,⚪ 不列入,未達標,0,0
2705,六福,TWSE,15.15,0.0,82592.0,1245615.0,,,,,,,,,0.0,0.0,0.0,-14000.0,0.0,,,False,False,False,0.0,-14000.0,False,,,,False,,⚪ 不列入,未達標,0,0
6951,青新-創,TWSE,69.2,-0.1,17699.0,1226574.0,,,,,,,,,0.0,0.0,0.0,-3000.0,0.0,,,False,False,False,0.0,-3000.0,False,,,,False,,⚪ 不列入,未達標,0,0
3296,勝德,TWSE,27.95,-0.2,43901.0,1226158.0,,,,,,,,,0.0,0.0,0.0,-13140.0,0.0,,,False,False,False,0.0,-13140.0,False,,,,False,,⚪ 不列入,未達標,0,0
2438,翔耀,TWSE,19.5,-0.25,62725.0,1223735.0,,,,,,,,,0.0,0.0,1.0,11000.0,0.0,,,False,False,False,0.0,11000.0,False,,,,False,,⚪ 不列入,未達標,0,0
2701,萬企,TWSE,10.25,0.0,118963.0,1220939.0,,,,,,,,,0.0,0.0,0.0,-19000.0,0.0,,,False,False,False,0.0,-19000.0,False,,,,False,,⚪ 不列入,未達標,0,0
2945,三商家購,TWSE,39.9,-0.1,30662.0,1220130.0,,,,,,,,,0.0,0.0,0.0,-10000.0,0.0,,,False,False,False,0.0,-10000.0,False,,,,False,,⚪ 不列入,未達標,0,0
3686,達能,TWSE,14.8,-0.2,81179.0,1214952.0,,,,,,,,,0.0,0.0,1.0,3000.0,0.0,,,False,False,False,0.0,3000.0,False,,,,False,,⚪ 不列入,未達標,0,0
6582,申豐,TWSE,31.0,0.2,38714.0,1203885.0,,,,,,,,,0.0,0.0,0.0,-45000.0,0.0,,,False,False,False,0.0,-45000.0,False,,,,False,,⚪ 不列入,未達標,0,0
9906,欣巴巴,TWSE,39.6,-0.35,30191.0,1200991.0,,,,,,,,,0.0,0.0,0.0,-18000.0,0.0,,,False,False,False,0.0,-18000.0,False,,,,False,,⚪ 不列入,未達標,0,0
1540,喬福,TWSE,19.5,0.05,61371.0,1194820.0,,,,,,,,,0.0,0.0,0.0,-29900.0,0.0,,,False,False,False,0.0,-29900.0,False,,,,False,,⚪ 不列入,未達標,0,0
6918,愛派司,TWSE,74.2,-0.9,16115.0,1193597.0,,,,,,,,,0.0,0.0,0.0,-1000.0,0.0,,,False,False,False,0.0,-1000.0,False,,,,False,,⚪ 不列入,未達標,0,0
3557,嘉威,TWSE,22.85,-0.05,52371.0,1191607.0,,,,,,,,,0.0,0.0,1.0,4199.0,0.0,,,False,False,False,0.0,4199.0,False,,,,False,,⚪ 不列入,未達標,0,0
1451,年興,TWSE,17.1,0.0,69603.0,1184762.0,,,,,,,,,0.0,0.0,0.0,-33000.0,0.0,,,False,False,False,0.0,-33000.0,False,,,,False,,⚪ 不列入,未達標,0,0
1733,五鼎,TWSE,30.3,0.25,39270.0,1179709.0,,,,,,,,,0.0,0.0,0.0,-69001.0,0.0,,,False,False,False,0.0,-69001.0,False,,,,False,,⚪ 不列入,未達標,0,0
6796,晉弘,TWSE,51.4,0.5,22998.0,1177337.0,,,,,,,,,0.0,0.0,0.0,-52.0,0.0,,,False,False,False,0.0,-52.0,False,,,,False,,⚪ 不列入,未達標,0,0
1109,信大,TWSE,13.3,-0.05,87372.0,1166182.0,,,,,,,,,0.0,0.0,0.0,-20000.0,0.0,,,False,False,False,0.0,-20000.0,False,,,,False,,⚪ 不列入,未達標,0,0
2433,互盛電,TWSE,40.1,-0.15,29084.0,1164914.0,,,,,,,,,0.0,0.0,0.0,-5000.0,0.0,,,False,False,False,0.0,-5000.0,False,,,,False,,⚪ 不列入,未達標,0,0
1731,美吾華,TWSE,20.9,-0.1,55387.0,1156538.0,,,,,,,,,0.0,0.0,1.0,3000.0,0.0,,,False,False,False,0.0,3000.0,False,,,,False,,⚪ 不列入,未達標,0,0
4414,如興,TWSE,8.21,-0.13,140132.0,1154868.0,,,,,,,,,0.0,0.0,0.0,0.0,0.0,,,False,False,False,0.0,0.0,False,,,,False,,⚪ 不列入,未達標,0,0
1337,再生-KY,TWSE,4.45,-0.02,259505.0,1153325.0,,,,,,,,,0.0,0.0,0.0,-15813.0,0.0,,,False,False,False,0.0,-15813.0,False,,,,False,,⚪ 不列入,未達標,0,0
9935,慶豐富,TWSE,18.25,-0.05,62149.0,1134561.0,,,,,,,,,1.0,4183.0,0.0,-78612.0,0.0,,,False,False,False,4183.0,-78612.0,False,,,,False,,⚪ 不列入,未達標,0,0
2062,橋椿,TWSE,18.1,0.05,62247.0,1124403.0,,,,,,,,,0.0,0.0,0.0,-39253.0,0.0,,,False,False,False,0.0,-39253.0,False,,,,False,,⚪ 不列入,未達標,0,0
2616,山隆,TWSE,13.2,-0.05,84564.0,1118357.0,,,,,,,,,0.0,0.0,0.0,-15000.0,0.0,,,False,False,False,0.0,-15000.0,False,,,,False,,⚪ 不列入,未達標,0,0
4133,亞諾法,TWSE,20.35,-0.2,54875.0,1114817.0,,,,,,,,,0.0,0.0,0.0,-13000.0,0.0,,,False,False,False,0.0,-13000.0,False,,,,False,,⚪ 不列入,未達標,0,0
9905,大華,TWSE,21.2,0.0,52579.0,1114401.0,,,,,,,,,0.0,0.0,0.0,-39000.0,0.0,,,False,False,False,0.0,-39000.0,False,,,,False,,⚪ 不列入,未達標,0,0
6552,易華電,TWSE,24.65,-0.25,44502.0,1098224.0,,,,,,,,,0.0,0.0,1.0,18000.0,0.0,,,False,False,False,0.0,18000.0,False,,,,False,,⚪ 不列入,未達標,0,0
2450,神腦,TWSE,28.25,-0.05,38338.0,1081541.0,,,,,,,,,0.0,0.0,0.0,-15000.0,0.0,,,False,False,False,0.0,-15000.0,False,,,,False,,⚪ 不列入,未達標,0,0
1614,三洋電,TWSE,31.15,0.0,34564.0,1079057.0,,,,,,,,,0.0,0.0,0.0,-23000.0,0.0,,,False,False,False,0.0,-23000.0,False,,,,False,,⚪ 不列入,未達標,0,0
1471,首利,TWSE,9.4,-0.07,113249.0,1065531.0,,,,,,,,,0.0,0.0,0.0,-1000.0,0.0,,,False,False,False,0.0,-1000.0,False,,,,False,,⚪ 不列入,未達標,0,0
4552,力達-KY,TWSE,15.6,-0.25,67705.0,1063748.0,,,,,,,,,0.0,0.0,0.0,-34000.0,0.0,,,False,False,False,0.0,-34000.0,False,,,,False,,⚪ 不列入,未達標,0,0
2506,太設,TWSE,8.41,-0.02,125845.0,1055888.0,,,,,,,,,0.0,0.0,0.0,-236000.0,0.0,,,False,False,False,0.0,-236000.0,False,,,,False,,⚪ 不列入,未達標,0,0
2524,京城,TWSE,34.85,-0.15,29217.0,1016954.0,,,,,,,,,0.0,0.0,0.0,-31000.0,0.0,,,False,False,False,0.0,-31000.0,False,,,,False,,⚪ 不列入,未達標,0,0
2007,燁興,TWSE,6.89,0.0,147204.0,1015303.0,,,,,,,,,0.0,0.0,1.0,6000.0,0.0,,,False,False,False,0.0,6000.0,False,,,,False,,⚪ 不列入,未達標,0,0
2509,全坤建,TWSE,14.35,-0.1,70476.0,1012581.0,,,,,,,,,0.0,0.0,0.0,-63000.0,0.0,,,False,False,False,0.0,-63000.0,False,,,,False,,⚪ 不列入,未達標,0,0
1466,聚隆,TWSE,14.75,-0.2,67430.0,997672.0,,,,,,,,,0.0,0.0,1.0,43000.0,0.0,,,False,False,False,0.0,43000.0,False,,,,False,,⚪ 不列入,未達標,0,0
1438,三地開發,TWSE,21.5,-0.2,46200.0,991770.0,,,,,,,,,0.0,0.0,0.0,-13000.0,0.0,,,False,False,False,0.0,-13000.0,False,,,,False,,⚪ 不列入,未達標,0,0
3040,遠見,TWSE,35.1,-0.1,27703.0,967868.0,,,,,,,,,0.0,0.0,0.0,-59000.0,0.0,,,False,False,False,0.0,-59000.0,False,,,,False,,⚪ 不列入,未達標,0,0
2314,台揚,TWSE,10.95,-0.15,87445.0,959882.0,,,,,,,,,0.0,0.0,0.0,-1000.0,0.0,,,False,False,False,0.0,-1000.0,False,,,,False,,⚪ 不列入,未達標,0,0
1752,南光,TWSE,31.35,0.0,30214.0,947772.0,,,,,,,,,0.0,0.0,0.0,-5000.0,0.0,,,False,False,False,0.0,-5000.0,False,,,,False,,⚪ 不列入,未達標,0,0
1521,大億,TWSE,25.8,-0.15,36307.0,938161.0,,,,,,,,,0.0,0.0,0.0,-12000.0,0.0,,,False,False,False,0.0,-12000.0,False,,,,False,,⚪ 不列入,未達標,0,0
4148,全宇生技-KY,TWSE,32.4,0.0,28883.0,937007.0,,,,,,,,,0.0,0.0,0.0,-1000.0,0.0,,,False,False,False,0.0,-1000.0,False,,,,False,,⚪ 不列入,未達標,0,0
2390,云辰,TWSE,10.1,-0.05,91320.0,927529.0,,,,,,,,,0.0,0.0,0.0,-44000.0,0.0,,,False,False,False,0.0,-44000.0,False,,,,False,,⚪ 不列入,未達標,0,0
2430,燦坤,TWSE,18.25,0.15,50025.0,908439.0,,,,,,,,,0.0,0.0,0.0,-9000.0,0.0,,,False,False,False,0.0,-9000.0,False,,,,False,,⚪ 不列入,未達標,0,0
1525,江申,TWSE,64.4,-0.2,14044.0,899910.0,,,,,,,,,0.0,0.0,1.0,3000.0,0.0,,,False,False,False,0.0,3000.0,False,,,,False,,⚪ 不列入,未達標,0,0
7736,虎山,TWSE,68.7,-0.7,13002.0,892336.0,,,,,,,,,0.0,0.0,0.0,0.0,0.0,,,False,False,False,0.0,0.0,False,,,,False,,⚪ 不列入,未達標,0,0
9902,台火,TWSE,13.2,-0.1,67252.0,890190.0,,,,,,,,,0.0,0.0,0.0,-8000.0,0.0,,,False,False,False,0.0,-8000.0,False,,,,False,,⚪ 不列入,未達標,0,0
2514,龍邦,TWSE,11.45,-0.15,77158.0,887745.0,,,,,,,,,0.0,0.0,0.0,-19000.0,0.0,,,False,False,False,0.0,-19000.0,False,,,,False,,⚪ 不列入,未達標,0,0
2227,裕日車,TWSE,45.0,0.0,19698.0,886881.0,,,,,,,,,0.0,0.0,0.0,-17086.0,0.0,,,False,False,False,0.0,-17086.0,False,,,,False,,⚪ 不列入,未達標,0,0
4994,傳奇,TWSE,82.5,0.0,10616.0,875564.0,,,,,,,,,0.0,0.0,0.0,-1000.0,0.0,,,False,False,False,0.0,-1000.0,False,,,,False,,⚪ 不列入,未達標,0,0
4942,嘉彰,TWSE,31.65,0.25,26707.0,844750.0,,,,,,,,,0.0,0.0,0.0,-15000.0,0.0,,,False,False,False,0.0,-15000.0,False,,,,False,,⚪ 不列入,未達標,0,0
2704,國賓,TWSE,45.05,-0.15,18064.0,814502.0,,,,,,,,,0.0,0.0,0.0,-86000.0,0.0,,,False,False,False,0.0,-86000.0,False,,,,False,,⚪ 不列入,未達標,0,0
2482,連宇,TWSE,16.25,0.0,49358.0,798727.0,,,,,,,,,0.0,0.0,0.0,-5000.0,0.0,,,False,False,False,0.0,-5000.0,False,,,,False,,⚪ 不列入,未達標,0,0
6931,青松健康,TWSE,38.75,-0.05,20182.0,782014.0,,,,,,,,,0.0,0.0,0.0,-18000.0,0.0,,,False,False,False,0.0,-18000.0,False,,,,False,,⚪ 不列入,未達標,0,0
1533,車王電,TWSE,30.3,-0.15,25565.0,773942.0,,,,,,,,,0.0,0.0,1.0,12000.0,0.0,,,False,False,False,0.0,12000.0,False,,,,False,,⚪ 不列入,未達標,0,0
6792,詠業,TWSE,58.8,-0.3,13000.0,766900.0,,,,,,,,,0.0,0.0,1.0,4000.0,0.0,,,False,False,False,0.0,4000.0,False,,,,False,,⚪ 不列入,未達標,0,0
1587,吉茂,TWSE,23.5,0.05,32672.0,766776.0,,,,,,,,,0.0,0.0,0.0,-16000.0,0.0,,,False,False,False,0.0,-16000.0,False,,,,False,,⚪ 不列入,未達標,0,0
1432,大魯閣,TWSE,15.05,0.0,51004.0,765536.0,,,,,,,,,0.0,0.0,0.0,0.0,0.0,,,False,False,False,0.0,0.0,False,,,,False,,⚪ 不列入,未達標,0,0
5215,科嘉-KY,TWSE,37.95,0.0,20000.0,759950.0,,,,,,,,,0.0,0.0,0.0,-14000.0,0.0,,,False,False,False,0.0,-14000.0,False,,,,False,,⚪ 不列入,未達標,0,0
2250,IKKA-KY,TWSE,57.6,0.6,13298.0,757747.0,,,,,,,,,0.0,0.0,1.0,4000.0,0.0,,,False,False,False,0.0,4000.0,False,,,,False,,⚪ 不列入,未達標,0,0
1817,凱撒衛,TWSE,40.15,-0.15,18513.0,744384.0,,,,,,,,,0.0,0.0,0.0,-3000.0,1947.0,,,False,False,False,0.0,-3000.0,False,,,,False,,⚪ 不列入,未達標,0,0
2431,聯昌,TWSE,10.05,-0.05,73469.0,741736.0,,,,,,,,,0.0,0.0,0.0,-6000.0,0.0,,,False,False,False,0.0,-6000.0,False,,,,False,,⚪ 不列入,未達標,0,0
1783,和康生,TWSE,36.7,0.1,20146.0,737751.0,,,,,,,,,0.0,0.0,0.0,-3000.0,0.0,,,False,False,False,0.0,-3000.0,False,,,,False,,⚪ 不列入,未達標,0,0
3308,聯德,TWSE,21.55,-0.1,33359.0,729289.0,,,,,,,,,0.0,0.0,0.0,-11000.0,0.0,,,False,False,False,0.0,-11000.0,False,,,,False,,⚪ 不列入,未達標,0,0
1418,東華,TWSE,18.3,0.05,39326.0,724911.0,,,,,,,,,0.0,0.0,1.0,13000.0,0.0,,,False,False,False,0.0,13000.0,False,,,,False,,⚪ 不列入,未達標,0,0
1517,利奇,TWSE,10.3,-0.05,69144.0,715061.0,,,,,,,,,0.0,0.0,1.0,1000.0,0.0,,,False,False,False,0.0,1000.0,False,,,,False,,⚪ 不列入,未達標,0,0
2496,卓越,TWSE,55.3,0.6,12765.0,706688.0,,,,,,,,,0.0,0.0,,0.0,,,,False,False,False,0.0,0.0,False,,,,False,,⚪ 不列入,未達標,0,0
9928,中視,TWSE,17.55,-0.05,40105.0,703352.0,,,,,,,,,0.0,0.0,,0.0,,,,False,False,False,0.0,0.0,False,,,,False,,⚪ 不列入,未達標,0,0
1468,昶和,TWSE,13.2,0.2,54000.0,698350.0,,,,,,,,,0.0,0.0,0.0,-10000.0,0.0,,,False,False,False,0.0,-10000.0,False,,,,False,,⚪ 不列入,未達標,0,0
1805,寶徠,TWSE,10.1,-0.05,67778.0,685553.0,,,,,,,,,0.0,0.0,0.0,-40000.0,0.0,,,False,False,False,0.0,-40000.0,False,,,,False,,⚪ 不列入,未達標,0,0
8466,美吉吉-KY,TWSE,15.6,-0.45,43346.0,682748.0,,,,,,,,,0.0,0.0,0.0,-12000.0,0.0,,,False,False,False,0.0,-12000.0,False,,,,False,,⚪ 不列入,未達標,0,0
6201,亞弘電,TWSE,44.7,0.25,15252.0,679107.0,,,,,,,,,0.0,0.0,0.0,0.0,0.0,,,False,False,False,0.0,0.0,False,,,,False,,⚪ 不列入,未達標,0,0
1474,弘裕,TWSE,10.0,0.02,66749.0,666490.0,,,,,,,,,0.0,0.0,0.0,-5000.0,0.0,,,False,False,False,0.0,-5000.0,False,,,,False,,⚪ 不列入,未達標,0,0
7835,永悅健康-創,TWSE,20.0,0.0,33080.0,660934.0,,,,,,,,,0.0,0.0,1.0,11000.0,5000.0,,,False,False,False,0.0,11000.0,False,,,,False,,⚪ 不列入,未達標,0,0
6581,鋼聯,TWSE,108.5,-0.5,6045.0,656385.0,,,,,,,,,0.0,0.0,0.0,-2000.0,0.0,,,False,False,False,0.0,-2000.0,False,,,,False,,⚪ 不列入,未達標,0,0
4178,永笙-KY,TWSE,16.5,-0.1,39544.0,653460.0,,,,,,,,,0.0,0.0,1.0,7000.0,0.0,,,False,False,False,0.0,7000.0,False,,,,False,,⚪ 不列入,未達標,0,0
9937,全國,TWSE,54.2,0.0,12004.0,650114.0,,,,,,,,,0.0,0.0,0.0,-15000.0,0.0,,,False,False,False,0.0,-15000.0,False,,,,False,,⚪ 不列入,未達標,0,0
1457,宜進,TWSE,14.35,-0.05,45123.0,647633.0,,,,,,,,,0.0,0.0,0.0,-29000.0,0.0,,,False,False,False,0.0,-29000.0,False,,,,False,,⚪ 不列入,未達標,0,0
6216,居易,TWSE,19.55,0.0,33100.0,646865.0,,,,,,,,,0.0,0.0,0.0,-4000.0,0.0,,,False,False,False,0.0,-4000.0,False,,,,False,,⚪ 不列入,未達標,0,0
6835,圓裕,TWSE,31.3,0.1,20180.0,624581.0,,,,,,,,,0.0,0.0,0.0,-3000.0,0.0,,,False,False,False,0.0,-3000.0,False,,,,False,,⚪ 不列入,未達標,0,0
2722,夏都,TWSE,21.1,-0.05,29057.0,611700.0,,,,,,,,,0.0,0.0,0.0,-8000.0,0.0,,,False,False,False,0.0,-8000.0,False,,,,False,,⚪ 不列入,未達標,0,0
3432,台端,TWSE,14.6,-0.1,41400.0,609159.0,,,,,,,,,0.0,0.0,0.0,-2000.0,0.0,,,False,False,False,0.0,-2000.0,False,,,,False,,⚪ 不列入,未達標,0,0
7705,三商餐飲,TWSE,29.9,-0.1,19771.0,592697.0,,,,,,,,,0.0,0.0,0.0,-7000.0,0.0,,,False,False,False,0.0,-7000.0,False,,,,False,,⚪ 不列入,未達標,0,0
7791,皇家可口,TWSE,55.8,0.2,10698.0,591915.0,,,,,,,,,0.0,0.0,1.0,14000.0,0.0,,,False,False,False,0.0,14000.0,False,,,,False,,⚪ 不列入,未達標,0,0
6504,南六,TWSE,37.05,0.3,16000.0,591450.0,,,,,,,,,0.0,0.0,0.0,0.0,0.0,,,False,False,False,0.0,0.0,False,,,,False,,⚪ 不列入,未達標,0,0
5907,大洋-KY,TWSE,4.83,0.0,122058.0,590659.0,,,,,,,,,0.0,0.0,0.0,-20000.0,0.0,,,False,False,False,0.0,-20000.0,False,,,,False,,⚪ 不列入,未達標,0,0
1762,中化生,TWSE,33.7,0.1,17231.0,580235.0,,,,,,,,,0.0,0.0,0.0,-18000.0,0.0,,,False,False,False,0.0,-18000.0,False,,,,False,,⚪ 不列入,未達標,0,0
6988,威力暘-創,TWSE,11.7,-0.2,49000.0,575150.0,,,,,,,,,0.0,0.0,0.0,-66000.0,2000.0,,,False,False,False,0.0,-66000.0,False,,,,False,,⚪ 不列入,未達標,0,0
1423,利華,TWSE,34.55,-0.1,16383.0,566226.0,,,,,,,,,0.0,0.0,1.0,1000.0,0.0,,,False,False,False,0.0,1000.0,False,,,,False,,⚪ 不列入,未達標,0,0
6283,淳安,TWSE,18.85,-0.1,29017.0,549670.0,,,,,,,,,0.0,0.0,1.0,9000.0,0.0,,,False,False,False,0.0,9000.0,False,,,,False,,⚪ 不列入,未達標,0,0
3043,科風,TWSE,20.6,-0.3,26344.0,545322.0,,,,,,,,,0.0,0.0,0.0,-42000.0,0.0,,,False,False,False,0.0,-42000.0,False,,,,False,,⚪ 不列入,未達標,0,0
8463,潤泰材,TWSE,21.2,0.15,25500.0,539855.0,,,,,,,,,0.0,0.0,0.0,-5000.0,0.0,,,False,False,False,0.0,-5000.0,False,,,,False,,⚪ 不列入,未達標,0,0
8429,金麗-KY,TWSE,5.89,0.02,91426.0,536830.0,,,,,,,,,0.0,0.0,0.0,-2000.0,0.0,,,False,False,False,0.0,-2000.0,False,,,,False,,⚪ 不列入,未達標,0,0
1446,宏和,TWSE,13.6,-0.05,38658.0,524876.0,,,,,,,,,0.0,0.0,0.0,-34000.0,0.0,,,False,False,False,0.0,-34000.0,False,,,,False,,⚪ 不列入,未達標,0,0
1806,冠軍,TWSE,7.98,-0.01,65334.0,521244.0,,,,,,,,,0.0,0.0,0.0,-10000.0,0.0,,,False,False,False,0.0,-10000.0,False,,,,False,,⚪ 不列入,未達標,0,0
5546,永固-KY,TWSE,14.4,0.1,36090.0,520870.0,,,,,,,,,0.0,0.0,0.0,-8000.0,0.0,,,False,False,False,0.0,-8000.0,False,,,,False,,⚪ 不列入,未達標,0,0
2929,淘帝-KY,TWSE,5.84,0.02,86691.0,503158.0,,,,,,,,,0.0,0.0,0.0,-6000.0,0.0,,,False,False,False,0.0,-6000.0,False,,,,False,,⚪ 不列入,未達標,0,0
7803,雲象科技-創,TWSE,18.0,-0.05,27099.0,489586.0,,,,,,,,,0.0,0.0,0.0,-7000.0,844.0,,,False,False,False,0.0,-7000.0,False,,,,False,,⚪ 不列入,未達標,0,0
1233,天仁,TWSE,28.1,0.05,17043.0,478955.0,,,,,,,,,0.0,0.0,0.0,-5000.0,0.0,,,False,False,False,0.0,-5000.0,False,,,,False,,⚪ 不列入,未達標,0,0
4190,佐登-KY,TWSE,25.05,0.05,18363.0,457234.0,,,,,,,,,0.0,0.0,0.0,-1000.0,0.0,,,False,False,False,0.0,-1000.0,False,,,,False,,⚪ 不列入,未達標,0,0
3164,景岳,TWSE,16.3,0.25,27239.0,443970.0,,,,,,,,,0.0,0.0,1.0,31000.0,0.0,,,False,False,False,0.0,31000.0,False,,,,False,,⚪ 不列入,未達標,0,0
6666,羅麗芬-KY,TWSE,44.85,-0.3,9818.0,441079.0,,,,,,,,,0.0,0.0,0.0,-2000.0,0.0,,,False,False,False,0.0,-2000.0,False,,,,False,,⚪ 不列入,未達標,0,0
1203,味王,TWSE,43.3,-0.25,10039.0,437057.0,,,,,,,,,0.0,0.0,0.0,-13000.0,0.0,,,False,False,False,0.0,-13000.0,False,,,,False,,⚪ 不列入,未達標,0,0
6614,資拓宏宇,TWSE,35.6,0.05,12220.0,433955.0,,,,,,,,,0.0,0.0,0.0,-5000.0,0.0,,,False,False,False,0.0,-5000.0,False,,,,False,,⚪ 不列入,未達標,0,0
2012,春雨,TWSE,14.2,0.05,29915.0,424650.0,,,,,,,,,0.0,0.0,0.0,-41000.0,0.0,,,False,False,False,0.0,-41000.0,False,,,,False,,⚪ 不列入,未達標,0,0
3018,隆銘綠能,TWSE,12.0,0.0,35307.0,419297.0,,,,,,,,,0.0,0.0,0.0,-3000.0,0.0,,,False,False,False,0.0,-3000.0,False,,,,False,,⚪ 不列入,未達標,0,0
9918,欣天然,TWSE,42.7,0.0,9760.0,416998.0,,,,,,,,,0.0,0.0,0.0,-8000.0,0.0,,,False,False,False,0.0,-8000.0,False,,,,False,,⚪ 不列入,未達標,0,0
9931,欣高,TWSE,33.8,-0.1,12246.0,413912.0,,,,,,,,,0.0,0.0,0.0,-8000.0,0.0,,,False,False,False,0.0,-8000.0,False,,,,False,,⚪ 不列入,未達標,0,0
1220,台榮,TWSE,10.75,0.0,37454.0,403029.0,,,,,,,,,0.0,0.0,0.0,-12135.0,0.0,,,False,False,False,0.0,-12135.0,False,,,,False,,⚪ 不列入,未達標,0,0
1735,日勝化,TWSE,20.3,0.05,19721.0,397900.0,,,,,,,,,0.0,0.0,0.0,-2000.0,110.0,,,False,False,False,0.0,-2000.0,False,,,,False,,⚪ 不列入,未達標,0,0
2239,英利-KY,TWSE,18.95,0.05,21001.0,397468.0,,,,,,,,,0.0,0.0,0.0,-18000.0,0.0,,,False,False,False,0.0,-18000.0,False,,,,False,,⚪ 不列入,未達標,0,0
2706,第一店,TWSE,12.1,0.0,32326.0,392547.0,,,,,,,,,0.0,0.0,0.0,-29000.0,0.0,,,False,False,False,0.0,-29000.0,False,,,,False,,⚪ 不列入,未達標,0,0
6887,寶綠特-KY,TWSE,38.95,0.65,10000.0,389100.0,,,,,,,,,0.0,0.0,0.0,-4000.0,0.0,,,False,False,False,0.0,-4000.0,False,,,,False,,⚪ 不列入,未達標,0,0
2008,高興昌,TWSE,30.5,0.0,12658.0,385740.0,,,,,,,,,0.0,0.0,0.0,-7000.0,0.0,,,False,False,False,0.0,-7000.0,False,,,,False,,⚪ 不列入,未達標,0,0
2702,華園,TWSE,12.85,0.05,29765.0,381040.0,,,,,,,,,0.0,0.0,0.0,-4000.0,0.0,,,False,False,False,0.0,-4000.0,False,,,,False,,⚪ 不列入,未達標,0,0
2115,六暉-KY,TWSE,23.7,-0.05,16000.0,379550.0,,,,,,,,,0.0,0.0,0.0,-13000.0,0.0,,,False,False,False,0.0,-13000.0,False,,,,False,,⚪ 不列入,未達標,0,0
1526,日馳,TWSE,14.7,-0.15,25365.0,374201.0,,,,,,,,,0.0,0.0,1.0,6000.0,0.0,,,False,False,False,0.0,6000.0,False,,,,False,,⚪ 不列入,未達標,0,0
1732,毛寶,TWSE,26.1,-0.1,14268.0,372688.0,,,,,,,,,0.0,0.0,0.0,-4000.0,0.0,,,False,False,False,0.0,-4000.0,False,,,,False,,⚪ 不列入,未達標,0,0
7732,金興精密,TWSE,33.5,0.0,11007.0,367686.0,,,,,,,,,0.0,0.0,0.0,-2000.0,0.0,,,False,False,False,0.0,-2000.0,False,,,,False,,⚪ 不列入,未達標,0,0
1453,大將,TWSE,10.9,0.05,33732.0,366367.0,,,,,,,,,0.0,0.0,0.0,-2450.0,0.0,,,False,False,False,0.0,-2450.0,False,,,,False,,⚪ 不列入,未達標,0,0
2380,虹光,TWSE,16.8,0.1,21860.0,364397.0,,,,,,,,,0.0,0.0,0.0,-8000.0,0.0,,,False,False,False,0.0,-8000.0,False,,,,False,,⚪ 不列入,未達標,0,0
8367,建新國際,TWSE,40.6,0.35,9000.0,363350.0,,,,,,,,,0.0,0.0,0.0,-3000.0,0.0,,,False,False,False,0.0,-3000.0,False,,,,False,,⚪ 不列入,未達標,0,0
6908,宏碁遊戲-創,TWSE,30.0,0.3,12062.0,361113.0,,,,,,,,,0.0,0.0,0.0,-4000.0,1660.0,,,False,False,False,0.0,-4000.0,False,,,,False,,⚪ 不列入,未達標,0,0
6958,日盛台駿,TWSE,17.3,-0.1,20238.0,351629.0,,,,,,,,,0.0,0.0,0.0,-20000.0,0.0,,,False,False,False,0.0,-20000.0,False,,,,False,,⚪ 不列入,未達標,0,0
1626,艾美特-KY,TWSE,9.67,0.01,36065.0,349664.0,,,,,,,,,0.0,0.0,0.0,-1000.0,0.0,,,False,False,False,0.0,-1000.0,False,,,,False,,⚪ 不列入,未達標,0,0
4440,宜新實業,TWSE,17.45,-0.05,20000.0,348550.0,,,,,,,,,0.0,0.0,0.0,-7000.0,0.0,,,False,False,False,0.0,-7000.0,False,,,,False,,⚪ 不列入,未達標,0,0
1340,勝悅-KY,TWSE,5.21,-0.04,65876.0,343009.0,,,,,,,,,0.0,0.0,1.0,4000.0,0.0,,,False,False,False,0.0,4000.0,False,,,,False,,⚪ 不列入,未達標,0,0
1323,永裕,TWSE,21.4,0.15,16062.0,342645.0,,,,,,,,,0.0,0.0,0.0,-9000.0,0.0,,,False,False,False,0.0,-9000.0,False,,,,False,,⚪ 不列入,未達標,0,0
1539,巨庭,TWSE,15.5,0.0,22000.0,340650.0,,,,,,,,,0.0,0.0,0.0,-3000.0,0.0,,,False,False,False,0.0,-3000.0,False,,,,False,,⚪ 不列入,未達標,0,0
8487,愛爾達-創,TWSE,71.1,1.0,4769.0,339174.0,,,,,,,,,0.0,0.0,0.0,-3000.0,41.0,,,False,False,False,0.0,-3000.0,False,,,,False,,⚪ 不列入,未達標,0,0
2939,永邑-KY,TWSE,19.6,0.0,17001.0,336369.0,,,,,,,,,0.0,0.0,1.0,8000.0,0.0,,,False,False,False,0.0,8000.0,False,,,,False,,⚪ 不列入,未達標,0,0
6128,上福,TWSE,19.25,0.15,17457.0,335093.0,,,,,,,,,0.0,0.0,0.0,-13000.0,0.0,,,False,False,False,0.0,-13000.0,False,,,,False,,⚪ 不列入,未達標,0,0
6936,永鴻生技,TWSE,31.7,0.0,10469.0,331922.0,,,,,,,,,0.0,0.0,0.0,-1000.0,0.0,,,False,False,False,0.0,-1000.0,False,,,,False,,⚪ 不列入,未達標,0,0
1443,立益物流,TWSE,23.05,-0.1,14112.0,325333.0,,,,,,,,,0.0,0.0,0.0,-4000.0,0.0,,,False,False,False,0.0,-4000.0,False,,,,False,,⚪ 不列入,未達標,0,0
1906,寶隆,TWSE,10.7,0.0,30244.0,322640.0,,,,,,,,,0.0,0.0,0.0,-12000.0,0.0,,,False,False,False,0.0,-12000.0,False,,,,False,,⚪ 不列入,未達標,0,0
4582,聚恆-創,TWSE,22.45,0.05,14400.0,322400.0,,,,,,,,,0.0,0.0,0.0,-7000.0,0.0,,,False,False,False,0.0,-7000.0,False,,,,False,,⚪ 不列入,未達標,0,0
9944,新麗,TWSE,17.25,0.1,18641.0,320607.0,,,,,,,,,0.0,0.0,0.0,-4000.0,0.0,,,False,False,False,0.0,-4000.0,False,,,,False,,⚪ 不列入,未達標,0,0
1452,宏益,TWSE,10.8,0.0,29418.0,317934.0,,,,,,,,,0.0,0.0,0.0,-25004.0,0.0,,,False,False,False,0.0,-25004.0,False,,,,False,,⚪ 不列入,未達標,0,0
2642,宅配通,TWSE,20.4,0.0,15508.0,316342.0,,,,,,,,,0.0,0.0,0.0,0.0,0.0,,,False,False,False,0.0,0.0,False,,,,False,,⚪ 不列入,未達標,0,0
1512,瑞利,TWSE,6.18,0.02,50439.0,312333.0,,,,,,,,,0.0,0.0,0.0,-6000.0,0.0,,,False,False,False,0.0,-6000.0,False,,,,False,,⚪ 不列入,未達標,0,0
1516,川飛,TWSE,13.15,0.25,23757.0,310196.0,,,,,,,,,0.0,0.0,1.0,2000.0,0.0,,,False,False,False,0.0,2000.0,False,,,,False,,⚪ 不列入,未達標,0,0
6722,輝創,TWSE,32.45,-0.1,9521.0,308602.0,,,,,,,,,0.0,0.0,0.0,-4000.0,0.0,,,False,False,False,0.0,-4000.0,False,,,,False,,⚪ 不列入,未達標,0,0
1324,地球,TWSE,10.05,0.11,29688.0,297193.0,,,,,,,,,0.0,0.0,0.0,-6000.0,0.0,,,False,False,False,0.0,-6000.0,False,,,,False,,⚪ 不列入,未達標,0,0
6754,匯僑設計,TWSE,41.5,-0.5,7102.0,296434.0,,,,,,,,,0.0,0.0,0.0,-3000.0,0.0,,,False,False,False,0.0,-3000.0,False,,,,False,,⚪ 不列入,未達標,0,0
2114,鑫永銓,TWSE,89.9,-0.1,3250.0,291548.0,,,,,,,,,0.0,0.0,0.0,-2000.0,0.0,,,False,False,False,0.0,-2000.0,False,,,,False,,⚪ 不列入,未達標,0,0
2904,匯僑,TWSE,12.55,0.0,22974.0,288567.0,,,,,,,,,0.0,0.0,0.0,-5000.0,0.0,,,False,False,False,0.0,-5000.0,False,,,,False,,⚪ 不列入,未達標,0,0
6916,華凌,TWSE,18.3,0.2,15210.0,277985.0,,,,,,,,,0.0,0.0,0.0,-20000.0,0.0,,,False,False,False,0.0,-20000.0,False,,,,False,,⚪ 不列入,未達標,0,0
8467,波力-KY,TWSE,89.0,1.3,3123.0,277683.0,,,,,,,,,0.0,0.0,0.0,-1000.0,0.0,,,False,False,False,0.0,-1000.0,False,,,,False,,⚪ 不列入,未達標,0,0
1459,聯發,TWSE,15.95,0.15,17332.0,275002.0,,,,,,,,,0.0,0.0,0.0,-18000.0,0.0,,,False,False,False,0.0,-18000.0,False,,,,False,,⚪ 不列入,未達標,0,0
9926,新海,TWSE,48.9,-0.15,5536.0,270966.0,,,,,,,,,0.0,0.0,0.0,-6000.0,0.0,,,False,False,False,0.0,-6000.0,False,,,,False,,⚪ 不列入,未達標,0,0
3266,昇陽,TWSE,14.0,0.1,19001.0,265014.0,,,,,,,,,0.0,0.0,0.0,-17000.0,0.0,,,False,False,False,0.0,-17000.0,False,,,,False,,⚪ 不列入,未達標,0,0
1225,福懋油,TWSE,24.45,-0.2,10595.0,260304.0,,,,,,,,,0.0,0.0,0.0,-3000.0,0.0,,,False,False,False,0.0,-3000.0,False,,,,False,,⚪ 不列入,未達標,0,0
1583,程泰,TWSE,46.95,0.55,5504.0,256585.0,,,,,,,,,0.0,0.0,0.0,-7000.0,0.0,,,False,False,False,0.0,-7000.0,False,,,,False,,⚪ 不列入,未達標,0,0
2911,麗嬰房,TWSE,6.1,-0.03,38973.0,238075.0,,,,,,,,,0.0,0.0,0.0,-17000.0,0.0,,,False,False,False,0.0,-17000.0,False,,,,False,,⚪ 不列入,未達標,0,0
4426,利勤,TWSE,7.76,-0.02,29493.0,229796.0,,,,,,,,,0.0,0.0,1.0,8000.0,0.0,,,False,False,False,0.0,8000.0,False,,,,False,,⚪ 不列入,未達標,0,0
3494,誠研,TWSE,7.11,0.0,32294.0,228538.0,,,,,,,,,0.0,0.0,0.0,-5000.0,0.0,,,False,False,False,0.0,-5000.0,False,,,,False,,⚪ 不列入,未達標,0,0
8940,新天地,TWSE,15.0,0.05,15223.0,227969.0,,,,,,,,,0.0,0.0,0.0,0.0,0.0,,,False,False,False,0.0,0.0,False,,,,False,,⚪ 不列入,未達標,0,0
1465,偉全,TWSE,11.6,0.0,19251.0,223720.0,,,,,,,,,0.0,0.0,0.0,-12000.0,0.0,,,False,False,False,0.0,-12000.0,False,,,,False,,⚪ 不列入,未達標,0,0
2373,震旦行,TWSE,52.8,-0.3,4080.0,215607.0,,,,,,,,,0.0,0.0,0.0,-6000.0,0.0,,,False,False,False,0.0,-6000.0,False,,,,False,,⚪ 不列入,未達標,0,0
1454,台富,TWSE,12.3,-0.05,16473.0,202889.0,,,,,,,,,0.0,0.0,0.0,-10000.0,0.0,,,False,False,False,0.0,-10000.0,False,,,,False,,⚪ 不列入,未達標,0,0
4999,鑫禾,TWSE,17.95,0.05,11203.0,200290.0,,,,,,,,,0.0,0.0,0.0,-13000.0,0.0,,,False,False,False,0.0,-13000.0,False,,,,False,,⚪ 不列入,未達標,0,0
1467,南緯,TWSE,8.05,-0.02,24833.0,200245.0,,,,,,,,,0.0,0.0,0.0,-9000.0,0.0,,,False,False,False,0.0,-9000.0,False,,,,False,,⚪ 不列入,未達標,0,0
3593,力銘,TWSE,9.5,0.0,19985.0,194997.0,,,,,,,,,0.0,0.0,,0.0,,,,False,False,False,0.0,0.0,False,,,,False,,⚪ 不列入,未達標,0,0
1530,亞崴,TWSE,26.7,0.05,7183.0,192719.0,,,,,,,,,0.0,0.0,0.0,-5000.0,0.0,,,False,False,False,0.0,-5000.0,False,,,,False,,⚪ 不列入,未達標,0,0
6431,光麗-KY,TWSE,17.15,-0.3,11004.0,189366.0,,,,,,,,,0.0,0.0,1.0,2000.0,0.0,,,False,False,False,0.0,2000.0,False,,,,False,,⚪ 不列入,未達標,0,0
2424,隴華,TWSE,8.2,0.1,22000.0,181380.0,,,,,,,,,0.0,0.0,0.0,-6000.0,0.0,,,False,False,False,0.0,-6000.0,False,,,,False,,⚪ 不列入,未達標,0,0
8481,政伸,TWSE,40.95,0.0,4094.0,168247.0,,,,,,,,,0.0,0.0,0.0,-3000.0,0.0,,,False,False,False,0.0,-3000.0,False,,,,False,,⚪ 不列入,未達標,0,0
4930,燦星網,TWSE,16.05,0.2,10261.0,164168.0,,,,,,,,,0.0,0.0,0.0,-2000.0,0.0,,,False,False,False,0.0,-2000.0,False,,,,False,,⚪ 不列入,未達標,0,0
1435,中福,TWSE,22.25,-0.1,7361.0,163049.0,,,,,,,,,0.0,0.0,0.0,-3000.0,0.0,,,False,False,False,0.0,-3000.0,False,,,,False,,⚪ 不列入,未達標,0,0
6645,金萬林-創,TWSE,12.5,0.0,12200.0,153869.0,,,,,,,,,0.0,0.0,0.0,-25000.0,0.0,,,False,False,False,0.0,-25000.0,False,,,,False,,⚪ 不列入,未達標,0,0
3150,鈺寶-創,TWSE,15.35,-0.15,10001.0,152464.0,,,,,,,,,0.0,0.0,0.0,-12000.0,2000.0,,,False,False,False,0.0,-12000.0,False,,,,False,,⚪ 不列入,未達標,0,0
6641,基士德-KY,TWSE,16.95,0.2,9000.0,151200.0,,,,,,,,,0.0,0.0,,0.0,,,,False,False,False,0.0,0.0,False,,,,False,,⚪ 不列入,未達標,0,0
3168,眾福科,TWSE,42.15,-0.05,3090.0,130298.0,,,,,,,,,0.0,0.0,0.0,-1000.0,0.0,,,False,False,False,0.0,-1000.0,False,,,,False,,⚪ 不列入,未達標,0,0
9929,秋雨,TWSE,10.9,0.0,11145.0,121768.0,,,,,,,,,0.0,0.0,0.0,-4000.0,0.0,,,False,False,False,0.0,-4000.0,False,,,,False,,⚪ 不列入,未達標,0,0
1475,業旺,TWSE,26.35,0.05,4570.0,120301.0,,,,,,,,,0.0,0.0,0.0,-1000.0,0.0,,,False,False,False,0.0,-1000.0,False,,,,False,,⚪ 不列入,未達標,0,0
6671,三能-KY,TWSE,22.85,0.15,5030.0,115190.0,,,,,,,,,0.0,0.0,0.0,-1000.0,0.0,,,False,False,False,0.0,-1000.0,False,,,,False,,⚪ 不列入,未達標,0,0
2024,志聯,TWSE,12.9,0.1,8661.0,111063.0,,,,,,,,,0.0,0.0,0.0,-4000.0,0.0,,,False,False,False,0.0,-4000.0,False,,,,False,,⚪ 不列入,未達標,0,0
1776,展宇,TWSE,18.1,0.0,6001.0,108617.0,,,,,,,,,0.0,0.0,0.0,-6000.0,0.0,,,False,False,False,0.0,-6000.0,False,,,,False,,⚪ 不列入,未達標,0,0
9912,偉聯,TWSE,12.9,0.0,7731.0,99709.0,,,,,,,,,0.0,0.0,1.0,2000.0,0.0,,,False,False,False,0.0,2000.0,False,,,,False,,⚪ 不列入,未達標,0,0
8482,商億-KY,TWSE,47.05,-0.15,2050.0,96310.0,,,,,,,,,0.0,0.0,0.0,0.0,0.0,,,False,False,False,0.0,0.0,False,,,,False,,⚪ 不列入,未達標,0,0
8443,阿瘦,TWSE,11.2,-0.05,8298.0,92675.0,,,,,,,,,0.0,0.0,0.0,-1000.0,0.0,,,False,False,False,0.0,-1000.0,False,,,,False,,⚪ 不列入,未達標,0,0
6464,台數科,TWSE,77.0,0.0,1105.0,85085.0,,,,,,,,,0.0,0.0,0.0,-5000.0,0.0,,,False,False,False,0.0,-5000.0,False,,,,False,,⚪ 不列入,未達標,0,0
1439,雋揚,TWSE,28.15,0.05,3000.0,84650.0,,,,,,,,,0.0,0.0,0.0,-4000.0,0.0,,,False,False,False,0.0,-4000.0,False,,,,False,,⚪ 不列入,未達標,0,0
6952,大武山,TWSE,38.5,0.0,2000.0,77000.0,,,,,,,,,0.0,0.0,0.0,-4000.0,0.0,,,False,False,False,0.0,-4000.0,False,,,,False,,⚪ 不列入,未達標,0,0
8101,華冠,TWSE,10.95,-0.5,6931.0,75581.0,,,,,,,,,0.0,0.0,,0.0,,,,False,False,False,0.0,0.0,False,,,,False,,⚪ 不列入,未達標,0,0
1445,大宇,TWSE,10.05,0.0,7106.0,71414.0,,,,,,,,,0.0,0.0,0.0,-19000.0,0.0,,,False,False,False,0.0,-19000.0,False,,,,False,,⚪ 不列入,未達標,0,0
2910,統領,TWSE,23.55,-0.1,3003.0,70720.0,,,,,,,,,0.0,0.0,0.0,-10000.0,0.0,,,False,False,False,0.0,-10000.0,False,,,,False,,⚪ 不列入,未達標,0,0
1341,富林-KY,TWSE,60.0,0.2,1061.0,63665.0,,,,,,,,,0.0,0.0,,0.0,,,,False,False,False,0.0,0.0,False,,,,False,,⚪ 不列入,未達標,0,0
4943,康控-KY,TWSE,6.99,-0.01,8959.0,63096.0,,,,,,,,,0.0,0.0,,0.0,,,,False,False,False,0.0,0.0,False,,,,False,,⚪ 不列入,未達標,0,0
9110,越南控-DR,TWSE,2.82,-0.1,22000.0,61920.0,,,,,,,,,0.0,0.0,,0.0,,,,False,False,False,0.0,0.0,False,,,,False,,⚪ 不列入,未達標,0,0
1413,宏洲,TWSE,9.19,-0.06,6216.0,57117.0,,,,,,,,,0.0,0.0,0.0,-1000.0,0.0,,,False,False,False,0.0,-1000.0,False,,,,False,,⚪ 不列入,未達標,0,0
2712,遠雄來,TWSE,13.35,-0.1,4100.0,54940.0,,,,,,,,,0.0,0.0,0.0,-5000.0,0.0,,,False,False,False,0.0,-5000.0,False,,,,False,,⚪ 不列入,未達標,0,0
4581,光隆精密-KY,TWSE,47.75,-0.7,1000.0,47750.0,,,,,,,,,0.0,0.0,1.0,1000.0,0.0,,,False,False,False,0.0,1000.0,False,,,,False,,⚪ 不列入,未達標,0,0
1470,大統新創,TWSE,23.7,-0.3,1000.0,23700.0,,,,,,,,,0.0,0.0,0.0,-4000.0,0.0,,,False,False,False,0.0,-4000.0,False,,,,False,,⚪ 不列入,未達標,0,0
1213,大飲,TWSE,7.11,-0.32,3017.0,21740.0,,,,,,,,,0.0,0.0,,0.0,,,,False,False,False,0.0,0.0,False,,,,False,,⚪ 不列入,未達標,0,0
1240,茂生農經,TPEx,53.8,-1.4,,,,,,,,,,,0.0,0.0,,0.0,,,,False,False,False,0.0,0.0,False,,,,False,,⚪ 不列入,未達標,0,0
1259,安心,TPEx,68.0,0.0,,,,,,,,,,,0.0,0.0,,0.0,,,,False,False,False,0.0,0.0,False,,,,False,,⚪ 不列入,未達標,0,0
1264,德麥,TPEx,244.0,-0.5,,,,,,,,,,,0.0,0.0,,0.0,,,,False,False,False,0.0,0.0,False,,,,False,,⚪ 不列入,未達標,0,0
1268,漢來美食,TPEx,175.5,1.0,,,,,,,,,,,0.0,0.0,,0.0,,,,False,False,False,0.0,0.0,False,,,,False,,⚪ 不列入,未達標,0,0
1294,漢田生技,TPEx,50.2,-0.1,,,,,,,,,,,0.0,0.0,,0.0,,,,False,False,False,0.0,0.0,False,,,,False,,⚪ 不列入,未達標,0,0
1295,生合,TPEx,47.15,0.05,,,,,,,,,,,0.0,0.0,,0.0,,,,False,False,False,0.0,0.0,False,,,,False,,⚪ 不列入,未達標,0,0
1336,台翰,TPEx,16.8,-0.3,,,,,,,,,,,0.0,0.0,,0.0,,,,False,False,False,0.0,0.0,False,,,,False,,⚪ 不列入,未達標,0,0
1565,精華,TPEx,95.9,0.4,,,,,,,,,,,0.0,0.0,,0.0,,,,False,False,False,0.0,0.0,False,,,,False,,⚪ 不列入,未達標,0,0
1569,濱川,TPEx,65.0,0.3,,,,,,,,,,,0.0,0.0,,0.0,,,,False,False,False,0.0,0.0,False,,,,False,,⚪ 不列入,未達標,0,0
1570,力肯,TPEx,33.0,0.15,,,,,,,,,,,0.0,0.0,,0.0,,,,False,False,False,0.0,0.0,False,,,,False,,⚪ 不列入,未達標,0,0
1580,新麥,TPEx,97.1,0.1,,,,,,,,,,,0.0,0.0,,0.0,,,,False,False,False,0.0,0.0,False,,,,False,,⚪ 不列入,未達標,0,0
1584,精剛,TPEx,18.05,0.05,,,,,,,,,,,0.0,0.0,,0.0,,,,False,False,False,0.0,0.0,False,,,,False,,⚪ 不列入,未達標,0,0
1586,和勤,TPEx,18.0,0.0,,,,,,,,,,,0.0,0.0,,0.0,,,,False,False,False,0.0,0.0,False,,,,False,,⚪ 不列入,未達標,0,0
1591,駿吉-KY,TPEx,41.1,0.7,,,,,,,,,,,0.0,0.0,,0.0,,,,False,False,False,0.0,0.0,False,,,,False,,⚪ 不列入,未達標,0,0
1593,祺驊,TPEx,31.65,-0.15,,,,,,,,,,,0.0,0.0,,0.0,,,,False,False,False,0.0,0.0,False,,,,False,,⚪ 不列入,未達標,0,0
1595,川寶,TPEx,77.6,0.2,,,,,,,,,,,0.0,0.0,,0.0,,,,False,False,False,0.0,0.0,False,,,,False,,⚪ 不列入,未達標,0,0
1599,宏佳騰,TPEx,23.0,-0.05,,,,,,,,,,,0.0,0.0,,0.0,,,,False,False,False,0.0,0.0,False,,,,False,,⚪ 不列入,未達標,0,0
1742,台蠟,TPEx,17.7,0.2,,,,,,,,,,,0.0,0.0,,0.0,,,,False,False,False,0.0,0.0,False,,,,False,,⚪ 不列入,未達標,0,0
1777,生泰,TPEx,74.0,-0.3,,,,,,,,,,,0.0,0.0,,0.0,,,,False,False,False,0.0,0.0,False,,,,False,,⚪ 不列入,未達標,0,0
1780,立弘,TPEx,25.2,0.5,,,,,,,,,,,0.0,0.0,,0.0,,,,False,False,False,0.0,0.0,False,,,,False,,⚪ 不列入,未達標,0,0
1781,合世,TPEx,9.99,-0.06,,,,,,,,,,,0.0,0.0,,0.0,,,,False,False,False,0.0,0.0,False,,,,False,,⚪ 不列入,未達標,0,0
1784,訊聯,TPEx,61.3,0.0,,,,,,,,,,,0.0,0.0,,0.0,,,,False,False,False,0.0,0.0,False,,,,False,,⚪ 不列入,未達標,0,0
1785,光洋科,TPEx,98.0,2.2,,,,,,,,,,,0.0,0.0,,0.0,,,,False,False,False,0.0,0.0,False,,,,False,,⚪ 不列入,未達標,0,0
1788,杏昌,TPEx,128.0,0.0,,,,,,,,,,,0.0,0.0,,0.0,,,,False,False,False,0.0,0.0,False,,,,False,,⚪ 不列入,未達標,0,0
1796,金穎生技,TPEx,28.8,-0.7,,,,,,,,,,,0.0,0.0,,0.0,,,,False,False,False,0.0,0.0,False,,,,False,,⚪ 不列入,未達標,0,0
1799,易威,TPEx,28.4,-0.5,,,,,,,,,,,0.0,0.0,,0.0,,,,False,False,False,0.0,0.0,False,,,,False,,⚪ 不列入,未達標,0,0
1813,寶利徠,TPEx,11.3,0.0,,,,,,,,,,,0.0,0.0,,0.0,,,,False,False,False,0.0,0.0,False,,,,False,,⚪ 不列入,未達標,0,0
1815,富喬,TPEx,116.0,0.0,,,,,,,,,,,0.0,0.0,,0.0,,,,False,False,False,0.0,0.0,False,,,,False,,⚪ 不列入,未達標,0,0
2061,風青,TPEx,59.4,5.4,,,,,,,,,,,0.0,0.0,,0.0,,,,False,False,False,0.0,0.0,False,,,,False,,⚪ 不列入,未達標,0,0
2063,世鎧,TPEx,23.45,-0.15,,,,,,,,,,,0.0,0.0,,0.0,,,,False,False,False,0.0,0.0,False,,,,False,,⚪ 不列入,未達標,0,0
2064,晉椿,TPEx,11.9,0.0,,,,,,,,,,,0.0,0.0,,0.0,,,,False,False,False,0.0,0.0,False,,,,False,,⚪ 不列入,未達標,0,0
2065,世豐,TPEx,35.15,-0.05,,,,,,,,,,,0.0,0.0,,0.0,,,,False,False,False,0.0,0.0,False,,,,False,,⚪ 不列入,未達標,0,0
2066,世德,TPEx,52.7,-0.2,,,,,,,,,,,0.0,0.0,,0.0,,,,False,False,False,0.0,0.0,False,,,,False,,⚪ 不列入,未達標,0,0
2067,嘉鋼,TPEx,5.2,-0.02,,,,,,,,,,,0.0,0.0,,0.0,,,,False,False,False,0.0,0.0,False,,,,False,,⚪ 不列入,未達標,0,0
2070,精湛,TPEx,62.8,1.8,,,,,,,,,,,0.0,0.0,,0.0,,,,False,False,False,0.0,0.0,False,,,,False,,⚪ 不列入,未達標,0,0
2073,雄順,TPEx,25.2,-0.7,,,,,,,,,,,0.0,0.0,,0.0,,,,False,False,False,0.0,0.0,False,,,,False,,⚪ 不列入,未達標,0,0
2221,大甲,TPEx,180.0,16.0,,,,,,,,,,,0.0,0.0,,0.0,,,,False,False,False,0.0,0.0,False,,,,False,,⚪ 不列入,未達標,0,0
2230,泰茂,TPEx,21.75,-0.7,,,,,,,,,,,0.0,0.0,,0.0,,,,False,False,False,0.0,0.0,False,,,,False,,⚪ 不列入,未達標,0,0
2596,綠意,TPEx,35.25,-0.2,,,,,,,,,,,0.0,0.0,,0.0,,,,False,False,False,0.0,0.0,False,,,,False,,⚪ 不列入,未達標,0,0
2640,大車隊,TPEx,158.5,1.5,,,,,,,,,,,0.0,0.0,,0.0,,,,False,False,False,0.0,0.0,False,,,,False,,⚪ 不列入,未達標,0,0
2641,正德,TPEx,17.3,-0.25,,,,,,,,,,,0.0,0.0,,0.0,,,,False,False,False,0.0,0.0,False,,,,False,,⚪ 不列入,未達標,0,0
2643,捷迅,TPEx,62.7,0.0,,,,,,,,,,,0.0,0.0,,0.0,,,,False,False,False,0.0,0.0,False,,,,False,,⚪ 不列入,未達標,0,0
2718,全心投控,TPEx,40.65,-0.15,,,,,,,,,,,0.0,0.0,,0.0,,,,False,False,False,0.0,0.0,False,,,,False,,⚪ 不列入,未達標,0,0
2719,燦星旅,TPEx,19.2,-0.35,,,,,,,,,,,0.0,0.0,,0.0,,,,False,False,False,0.0,0.0,False,,,,False,,⚪ 不列入,未達標,0,0
2726,雅茗-KY,TPEx,8.03,-0.05,,,,,,,,,,,0.0,0.0,,0.0,,,,False,False,False,0.0,0.0,False,,,,False,,⚪ 不列入,未達標,0,0
2729,瓦城,TPEx,158.0,0.5,,,,,,,,,,,0.0,0.0,,0.0,,,,False,False,False,0.0,0.0,False,,,,False,,⚪ 不列入,未達標,0,0
2732,六角,TPEx,64.4,1.2,,,,,,,,,,,0.0,0.0,,0.0,,,,False,False,False,0.0,0.0,False,,,,False,,⚪ 不列入,未達標,0,0
2734,易飛網,TPEx,14.4,-0.1,,,,,,,,,,,0.0,0.0,,0.0,,,,False,False,False,0.0,0.0,False,,,,False,,⚪ 不列入,未達標,0,0
2736,富野,TPEx,11.35,0.1,,,,,,,,,,,0.0,0.0,,0.0,,,,False,False,False,0.0,0.0,False,,,,False,,⚪ 不列入,未達標,0,0
2740,華軒,TPEx,30.65,-0.05,,,,,,,,,,,0.0,0.0,,0.0,,,,False,False,False,0.0,0.0,False,,,,False,,⚪ 不列入,未達標,0,0
2743,山富,TPEx,53.3,-1.0,,,,,,,,,,,0.0,0.0,,0.0,,,,False,False,False,0.0,0.0,False,,,,False,,⚪ 不列入,未達標,0,0
2745,五福,TPEx,84.0,-0.6,,,,,,,,,,,0.0,0.0,,0.0,,,,False,False,False,0.0,0.0,False,,,,False,,⚪ 不列入,未達標,0,0
2751,王座,TPEx,52.6,-1.7,,,,,,,,,,,0.0,0.0,,0.0,,,,False,False,False,0.0,0.0,False,,,,False,,⚪ 不列入,未達標,0,0
2752,豆府,TPEx,177.5,-0.5,,,,,,,,,,,0.0,0.0,,0.0,,,,False,False,False,0.0,0.0,False,,,,False,,⚪ 不列入,未達標,0,0
2754,亞洲藏壽司,TPEx,68.0,-0.3,,,,,,,,,,,0.0,0.0,,0.0,,,,False,False,False,0.0,0.0,False,,,,False,,⚪ 不列入,未達標,0,0
2755,揚秦,TPEx,99.0,0.3,,,,,,,,,,,0.0,0.0,,0.0,,,,False,False,False,0.0,0.0,False,,,,False,,⚪ 不列入,未達標,0,0
2756,聯發國際,TPEx,62.5,-0.5,,,,,,,,,,,0.0,0.0,,0.0,,,,False,False,False,0.0,0.0,False,,,,False,,⚪ 不列入,未達標,0,0
2916,滿心,TPEx,40.55,-0.05,,,,,,,,,,,0.0,0.0,,0.0,,,,False,False,False,0.0,0.0,False,,,,False,,⚪ 不列入,未達標,0,0
2924,宏太-KY,TPEx,18.45,-0.55,,,,,,,,,,,0.0,0.0,,0.0,,,,False,False,False,0.0,0.0,False,,,,False,,⚪ 不列入,未達標,0,0
2926,誠品生活,TPEx,29.55,-0.55,,,,,,,,,,,0.0,0.0,,0.0,,,,False,False,False,0.0,0.0,False,,,,False,,⚪ 不列入,未達標,0,0
2937,集雅社,TPEx,44.7,0.0,,,,,,,,,,,0.0,0.0,,0.0,,,,False,False,False,0.0,0.0,False,,,,False,,⚪ 不列入,未達標,0,0
2938,床的世界,TPEx,18.55,-0.35,,,,,,,,,,,0.0,0.0,,0.0,,,,False,False,False,0.0,0.0,False,,,,False,,⚪ 不列入,未達標,0,0
2941,米斯特,TPEx,32.15,-0.15,,,,,,,,,,,0.0,0.0,,0.0,,,,False,False,False,0.0,0.0,False,,,,False,,⚪ 不列入,未達標,0,0
2948,寶陞,TPEx,36.8,0.3,,,,,,,,,,,0.0,0.0,,0.0,,,,False,False,False,0.0,0.0,False,,,,False,,⚪ 不列入,未達標,0,0
3066,李洲,TPEx,29.5,2.1,,,,,,,,,,,0.0,0.0,,0.0,,,,False,False,False,0.0,0.0,False,,,,False,,⚪ 不列入,未達標,0,0
3067,全域,TPEx,16.9,0.35,,,,,,,,,,,0.0,0.0,,0.0,,,,False,False,False,0.0,0.0,False,,,,False,,⚪ 不列入,未達標,0,0
3071,協禧,TPEx,22.9,-0.1,,,,,,,,,,,0.0,0.0,,0.0,,,,False,False,False,0.0,0.0,False,,,,False,,⚪ 不列入,未達標,0,0
3073,天方能源,TPEx,20.6,0.3,,,,,,,,,,,0.0,0.0,,0.0,,,,False,False,False,0.0,0.0,False,,,,False,,⚪ 不列入,未達標,0,0
3078,僑威,TPEx,45.65,0.2,,,,,,,,,,,0.0,0.0,,0.0,,,,False,False,False,0.0,0.0,False,,,,False,,⚪ 不列入,未達標,0,0
3081,聯亞,TPEx,2650.0,-50.0,,,,,,,,,,,0.0,0.0,,0.0,,,,False,False,False,0.0,0.0,False,,,,False,,⚪ 不列入,未達標,0,0
3083,網龍,TPEx,22.7,-0.15,,,,,,,,,,,0.0,0.0,,0.0,,,,False,False,False,0.0,0.0,False,,,,False,,⚪ 不列入,未達標,0,0
3085,新零售,TPEx,11.4,-0.05,,,,,,,,,,,0.0,0.0,,0.0,,,,False,False,False,0.0,0.0,False,,,,False,,⚪ 不列入,未達標,0,0
3086,華義*,TPEx,27.7,-0.6,,,,,,,,,,,0.0,0.0,,0.0,,,,False,False,False,0.0,0.0,False,,,,False,,⚪ 不列入,未達標,0,0
3088,艾訊,TPEx,136.0,6.5,,,,,,,,,,,0.0,0.0,,0.0,,,,False,False,False,0.0,0.0,False,,,,False,,⚪ 不列入,未達標,0,0
3093,港建*,TPEx,43.9,-0.9,,,,,,,,,,,0.0,0.0,,0.0,,,,False,False,False,0.0,0.0,False,,,,False,,⚪ 不列入,未達標,0,0
3095,及成,TPEx,34.0,0.0,,,,,,,,,,,0.0,0.0,,0.0,,,,False,False,False,0.0,0.0,False,,,,False,,⚪ 不列入,未達標,0,0
3105,穩懋,TPEx,493.0,-9.0,,,,,,,,,,,0.0,0.0,,0.0,,,,False,False,False,0.0,0.0,False,,,,False,,⚪ 不列入,未達標,0,0
3114,好德,TPEx,35.0,0.75,,,,,,,,,,,0.0,0.0,,0.0,,,,False,False,False,0.0,0.0,False,,,,False,,⚪ 不列入,未達標,0,0
3115,富榮綱,TPEx,8.6,0.62,,,,,,,,,,,0.0,0.0,,0.0,,,,False,False,False,0.0,0.0,False,,,,False,,⚪ 不列入,未達標,0,0
3118,進階,TPEx,31.35,0.5,,,,,,,,,,,0.0,0.0,,0.0,,,,False,False,False,0.0,0.0,False,,,,False,,⚪ 不列入,未達標,0,0
3122,笙泉,TPEx,23.5,-0.5,,,,,,,,,,,0.0,0.0,,0.0,,,,False,False,False,0.0,0.0,False,,,,False,,⚪ 不列入,未達標,0,0
3128,昇銳,TPEx,20.35,0.0,,,,,,,,,,,0.0,0.0,,0.0,,,,False,False,False,0.0,0.0,False,,,,False,,⚪ 不列入,未達標,0,0
3131,弘塑,TPEx,2475.0,65.0,,,,,,,,,,,0.0,0.0,,0.0,,,,False,False,False,0.0,0.0,False,,,,False,,⚪ 不列入,未達標,0,0
3141,晶宏,TPEx,85.2,1.3,,,,,,,,,,,0.0,0.0,,0.0,,,,False,False,False,0.0,0.0,False,,,,False,,⚪ 不列入,未達標,0,0
3147,大綜,TPEx,243.0,0.0,,,,,,,,,,,0.0,0.0,,0.0,,,,False,False,False,0.0,0.0,False,,,,False,,⚪ 不列入,未達標,0,0
3152,璟德,TPEx,226.0,-5.5,,,,,,,,,,,0.0,0.0,,0.0,,,,False,False,False,0.0,0.0,False,,,,False,,⚪ 不列入,未達標,0,0
3158,嘉實,TPEx,85.2,-0.2,,,,,,,,,,,0.0,0.0,,0.0,,,,False,False,False,0.0,0.0,False,,,,False,,⚪ 不列入,未達標,0,0
3162,精確,TPEx,80.9,7.3,,,,,,,,,,,0.0,0.0,,0.0,,,,False,False,False,0.0,0.0,False,,,,False,,⚪ 不列入,未達標,0,0
3163,波若威,TPEx,646.0,-7.0,,,,,,,,,,,0.0,0.0,,0.0,,,,False,False,False,0.0,0.0,False,,,,False,矽光子／CPO／光通訊,⚪ 不列入,未達標,0,0
3169,亞信,TPEx,115.5,1.0,,,,,,,,,,,0.0,0.0,,0.0,,,,False,False,False,0.0,0.0,False,,,,False,,⚪ 不列入,未達標,0,0
3171,炎洲流通,TPEx,58.3,-0.7,,,,,,,,,,,0.0,0.0,,0.0,,,,False,False,False,0.0,0.0,False,,,,False,,⚪ 不列入,未達標,0,0
3176,基亞,TPEx,37.35,-0.4,,,,,,,,,,,0.0,0.0,,0.0,,,,False,False,False,0.0,0.0,False,,,,False,,⚪ 不列入,未達標,0,0
3178,公準,TPEx,69.4,0.5,,,,,,,,,,,0.0,0.0,,0.0,,,,False,False,False,0.0,0.0,False,,,,False,,⚪ 不列入,未達標,0,0
3188,鑫龍騰,TPEx,23.45,-0.05,,,,,,,,,,,0.0,0.0,,0.0,,,,False,False,False,0.0,0.0,False,,,,False,,⚪ 不列入,未達標,0,0
3191,雲嘉南,TPEx,16.5,-0.25,,,,,,,,,,,0.0,0.0,,0.0,,,,False,False,False,0.0,0.0,False,,,,False,,⚪ 不列入,未達標,0,0
3205,佰研,TPEx,46.75,-0.2,,,,,,,,,,,0.0,0.0,,0.0,,,,False,False,False,0.0,0.0,False,,,,False,,⚪ 不列入,未達標,0,0
3206,志豐,TPEx,34.55,-0.05,,,,,,,,,,,0.0,0.0,,0.0,,,,False,False,False,0.0,0.0,False,,,,False,,⚪ 不列入,未達標,0,0
3207,耀勝,TPEx,38.25,0.3,,,,,,,,,,,0.0,0.0,,0.0,,,,False,False,False,0.0,0.0,False,,,,False,,⚪ 不列入,未達標,0,0
3211,順達,TPEx,386.0,7.5,,,,,,,,,,,0.0,0.0,,0.0,,,,False,False,False,0.0,0.0,False,,,,False,,⚪ 不列入,未達標,0,0
3213,茂訊,TPEx,125.5,1.0,,,,,,,,,,,0.0,0.0,,0.0,,,,False,False,False,0.0,0.0,False,,,,False,,⚪ 不列入,未達標,0,0
3217,優群,TPEx,130.0,0.5,,,,,,,,,,,0.0,0.0,,0.0,,,,False,False,False,0.0,0.0,False,,,,False,,⚪ 不列入,未達標,0,0
3218,大學光,TPEx,133.5,-1.0,,,,,,,,,,,0.0,0.0,,0.0,,,,False,False,False,0.0,0.0,False,,,,False,,⚪ 不列入,未達標,0,0
3219,倚強科,TPEx,125.5,11.0,,,,,,,,,,,0.0,0.0,,0.0,,,,False,False,False,0.0,0.0,False,,,,False,,⚪ 不列入,未達標,0,0
3221,台嘉碩,TPEx,50.8,1.7,,,,,,,,,,,0.0,0.0,,0.0,,,,False,False,False,0.0,0.0,False,,,,False,,⚪ 不列入,未達標,0,0
3224,三顧,TPEx,31.0,-0.9,,,,,,,,,,,0.0,0.0,,0.0,,,,False,False,False,0.0,0.0,False,,,,False,,⚪ 不列入,未達標,0,0
3226,龍鋒,TPEx,60.1,1.6,,,,,,,,,,,0.0,0.0,,0.0,,,,False,False,False,0.0,0.0,False,,,,False,,⚪ 不列入,未達標,0,0
3227,原相,TPEx,185.5,2.0,,,,,,,,,,,0.0,0.0,,0.0,,,,False,False,False,0.0,0.0,False,,,,False,,⚪ 不列入,未達標,0,0
3228,金麗科,TPEx,180.0,6.0,,,,,,,,,,,0.0,0.0,,0.0,,,,False,False,False,0.0,0.0,False,,,,False,,⚪ 不列入,未達標,0,0
3230,錦明,TPEx,41.7,1.5,,,,,,,,,,,0.0,0.0,,0.0,,,,False,False,False,0.0,0.0,False,,,,False,,⚪ 不列入,未達標,0,0
3232,昱捷,TPEx,20.8,-0.3,,,,,,,,,,,0.0,0.0,,0.0,,,,False,False,False,0.0,0.0,False,,,,False,,⚪ 不列入,未達標,0,0
3234,光環,TPEx,174.5,-3.5,,,,,,,,,,,0.0,0.0,,0.0,,,,False,False,False,0.0,0.0,False,,,,False,,⚪ 不列入,未達標,0,0
3236,千如,TPEx,44.1,0.25,,,,,,,,,,,0.0,0.0,,0.0,,,,False,False,False,0.0,0.0,False,,,,False,,⚪ 不列入,未達標,0,0
3252,海灣,TPEx,15.45,0.15,,,,,,,,,,,0.0,0.0,,0.0,,,,False,False,False,0.0,0.0,False,,,,False,,⚪ 不列入,未達標,0,0
3259,鑫創,TPEx,9.71,-0.24,,,,,,,,,,,0.0,0.0,,0.0,,,,False,False,False,0.0,0.0,False,,,,False,,⚪ 不列入,未達標,0,0
3260,威剛,TPEx,377.0,-1.0,,,,,,,,,,,0.0,0.0,,0.0,,,,False,False,False,0.0,0.0,False,,,,False,,⚪ 不列入,未達標,0,0
3264,欣銓,TPEx,241.5,-4.5,,,,,,,,,,,0.0,0.0,,0.0,,,,False,False,False,0.0,0.0,False,,,,False,,⚪ 不列入,未達標,0,0
3265,台星科,TPEx,180.5,-2.5,,,,,,,,,,,0.0,0.0,,0.0,,,,False,False,False,0.0,0.0,False,,,,False,,⚪ 不列入,未達標,0,0
3268,海德威,TPEx,21.5,1.55,,,,,,,,,,,0.0,0.0,,0.0,,,,False,False,False,0.0,0.0,False,,,,False,,⚪ 不列入,未達標,0,0
3272,東碩,TPEx,13.7,-0.25,,,,,,,,,,,0.0,0.0,,0.0,,,,False,False,False,0.0,0.0,False,,,,False,,⚪ 不列入,未達標,0,0
3276,宇環,TPEx,13.85,0.05,,,,,,,,,,,0.0,0.0,,0.0,,,,False,False,False,0.0,0.0,False,,,,False,,⚪ 不列入,未達標,0,0
3284,太普高,TPEx,19.4,-0.35,,,,,,,,,,,0.0,0.0,,0.0,,,,False,False,False,0.0,0.0,False,,,,False,,⚪ 不列入,未達標,0,0
3285,微端,TPEx,41.6,0.15,,,,,,,,,,,0.0,0.0,,0.0,,,,False,False,False,0.0,0.0,False,,,,False,,⚪ 不列入,未達標,0,0
3287,廣寰科,TPEx,41.2,0.15,,,,,,,,,,,0.0,0.0,,0.0,,,,False,False,False,0.0,0.0,False,,,,False,,⚪ 不列入,未達標,0,0
3288,點晶,TPEx,20.9,-0.1,,,,,,,,,,,0.0,0.0,,0.0,,,,False,False,False,0.0,0.0,False,,,,False,,⚪ 不列入,未達標,0,0
3289,宜特,TPEx,139.5,-0.5,,,,,,,,,,,0.0,0.0,,0.0,,,,False,False,False,0.0,0.0,False,,,,False,,⚪ 不列入,未達標,0,0
3290,東浦,TPEx,47.8,1.55,,,,,,,,,,,0.0,0.0,,0.0,,,,False,False,False,0.0,0.0,False,,,,False,,⚪ 不列入,未達標,0,0
3294,英濟,TPEx,32.9,-0.75,,,,,,,,,,,0.0,0.0,,0.0,,,,False,False,False,0.0,0.0,False,,,,False,,⚪ 不列入,未達標,0,0
3297,杭特,TPEx,32.85,-1.5,,,,,,,,,,,0.0,0.0,,0.0,,,,False,False,False,0.0,0.0,False,,,,False,,⚪ 不列入,未達標,0,0
3303,岱稜,TPEx,48.35,0.15,,,,,,,,,,,0.0,0.0,,0.0,,,,False,False,False,0.0,0.0,False,,,,False,,⚪ 不列入,未達標,0,0
3306,鼎天,TPEx,47.6,1.95,,,,,,,,,,,0.0,0.0,,0.0,,,,False,False,False,0.0,0.0,False,,,,False,,⚪ 不列入,未達標,0,0
3310,佳穎,TPEx,68.9,0.6,,,,,,,,,,,0.0,0.0,,0.0,,,,False,False,False,0.0,0.0,False,,,,False,,⚪ 不列入,未達標,0,0
3313,斐成,TPEx,10.5,0.0,,,,,,,,,,,0.0,0.0,,0.0,,,,False,False,False,0.0,0.0,False,,,,False,,⚪ 不列入,未達標,0,0
3317,尼克森,TPEx,65.4,-2.9,,,,,,,,,,,0.0,0.0,,0.0,,,,False,False,False,0.0,0.0,False,,,,False,,⚪ 不列入,未達標,0,0
3322,建舜電,TPEx,11.1,0.0,,,,,,,,,,,0.0,0.0,,0.0,,,,False,False,False,0.0,0.0,False,,,,False,,⚪ 不列入,未達標,0,0
3323,加百裕,TPEx,29.35,1.5,,,,,,,,,,,0.0,0.0,,0.0,,,,False,False,False,0.0,0.0,False,,,,False,,⚪ 不列入,未達標,0,0
3324,雙鴻,TPEx,1630.0,-80.0,,,,,,,,,,,0.0,0.0,,0.0,,,,False,False,False,0.0,0.0,False,,,,False,散熱,⚪ 不列入,未達標,0,0
3325,旭品,TPEx,11.7,-0.25,,,,,,,,,,,0.0,0.0,,0.0,,,,False,False,False,0.0,0.0,False,,,,False,,⚪ 不列入,未達標,0,0
3339,泰谷,TPEx,46.2,-1.0,,,,,,,,,,,0.0,0.0,,0.0,,,,False,False,False,0.0,0.0,False,,,,False,,⚪ 不列入,未達標,0,0
3349,寶德,TPEx,19.95,0.05,,,,,,,,,,,0.0,0.0,,0.0,,,,False,False,False,0.0,0.0,False,,,,False,,⚪ 不列入,未達標,0,0
3354,律勝,TPEx,29.25,-0.75,,,,,,,,,,,0.0,0.0,,0.0,,,,False,False,False,0.0,0.0,False,,,,False,,⚪ 不列入,未達標,0,0
3357,臺慶科,TPEx,203.0,-3.0,,,,,,,,,,,0.0,0.0,,0.0,,,,False,False,False,0.0,0.0,False,,,,False,,⚪ 不列入,未達標,0,0
3360,尚立,TPEx,15.1,0.05,,,,,,,,,,,0.0,0.0,,0.0,,,,False,False,False,0.0,0.0,False,,,,False,,⚪ 不列入,未達標,0,0
3362,先進光,TPEx,171.0,-2.0,,,,,,,,,,,0.0,0.0,,0.0,,,,False,False,False,0.0,0.0,False,,,,False,,⚪ 不列入,未達標,0,0
3363,上詮,TPEx,652.0,0.0,,,,,,,,,,,0.0,0.0,,0.0,,,,False,False,False,0.0,0.0,False,,,,False,矽光子／CPO／光通訊,⚪ 不列入,未達標,0,0
3372,典範,TPEx,16.3,0.5,,,,,,,,,,,0.0,0.0,,0.0,,,,False,False,False,0.0,0.0,False,,,,False,,⚪ 不列入,未達標,0,0
3373,熱映,TPEx,16.05,0.05,,,,,,,,,,,0.0,0.0,,0.0,,,,False,False,False,0.0,0.0,False,,,,False,,⚪ 不列入,未達標,0,0
3374,精材,TPEx,455.0,6.0,,,,,,,,,,,0.0,0.0,,0.0,,,,False,False,False,0.0,0.0,False,,,,False,,⚪ 不列入,未達標,0,0
3379,彬台,TPEx,27.3,0.05,,,,,,,,,,,0.0,0.0,,0.0,,,,False,False,False,0.0,0.0,False,,,,False,,⚪ 不列入,未達標,0,0
3388,崇越電,TPEx,81.6,-0.4,,,,,,,,,,,0.0,0.0,,0.0,,,,False,False,False,0.0,0.0,False,,,,False,,⚪ 不列入,未達標,0,0
3390,旭軟,TPEx,22.3,0.45,,,,,,,,,,,0.0,0.0,,0.0,,,,False,False,False,0.0,0.0,False,,,,False,,⚪ 不列入,未達標,0,0
3402,漢科,TPEx,131.0,1.5,,,,,,,,,,,0.0,0.0,,0.0,,,,False,False,False,0.0,0.0,False,,,,False,,⚪ 不列入,未達標,0,0
3430,奇鈦科,TPEx,112.5,0.0,,,,,,,,,,,0.0,0.0,,0.0,,,,False,False,False,0.0,0.0,False,,,,False,,⚪ 不列入,未達標,0,0
3434,哲固,TPEx,31.55,-0.05,,,,,,,,,,,0.0,0.0,,0.0,,,,False,False,False,0.0,0.0,False,,,,False,,⚪ 不列入,未達標,0,0
3438,類比科,TPEx,61.3,0.2,,,,,,,,,,,0.0,0.0,,0.0,,,,False,False,False,0.0,0.0,False,,,,False,,⚪ 不列入,未達標,0,0
3441,聯一光,TPEx,185.0,4.0,,,,,,,,,,,0.0,0.0,,0.0,,,,False,False,False,0.0,0.0,False,,,,False,,⚪ 不列入,未達標,0,0
3444,利機,TPEx,80.6,0.3,,,,,,,,,,,0.0,0.0,,0.0,,,,False,False,False,0.0,0.0,False,,,,False,,⚪ 不列入,未達標,0,0
3455,由田,TPEx,267.0,9.0,,,,,,,,,,,0.0,0.0,,0.0,,,,False,False,False,0.0,0.0,False,,,,False,,⚪ 不列入,未達標,0,0
3465,進泰電子,TPEx,29.65,0.0,,,,,,,,,,,0.0,0.0,,0.0,,,,False,False,False,0.0,0.0,False,,,,False,,⚪ 不列入,未達標,0,0
3466,德晉,TPEx,23.85,-0.05,,,,,,,,,,,0.0,0.0,,0.0,,,,False,False,False,0.0,0.0,False,,,,False,,⚪ 不列入,未達標,0,0
3467,台灣精材,TPEx,74.6,-6.9,,,,,,,,,,,0.0,0.0,,0.0,,,,False,False,False,0.0,0.0,False,,,,False,,⚪ 不列入,未達標,0,0
3479,安勤,TPEx,138.5,2.5,,,,,,,,,,,0.0,0.0,,0.0,,,,False,False,False,0.0,0.0,False,,,,False,,⚪ 不列入,未達標,0,0
3483,力致,TPEx,77.5,0.0,,,,,,,,,,,0.0,0.0,,0.0,,,,False,False,False,0.0,0.0,False,,,,False,,⚪ 不列入,未達標,0,0
3484,崧騰,TPEx,46.75,0.5,,,,,,,,,,,0.0,0.0,,0.0,,,,False,False,False,0.0,0.0,False,,,,False,,⚪ 不列入,未達標,0,0
3485,敘豐,TPEx,201.0,1.0,,,,,,,,,,,0.0,0.0,,0.0,,,,False,False,False,0.0,0.0,False,,,,False,,⚪ 不列入,未達標,0,0
3489,森寶,TPEx,23.25,0.6,,,,,,,,,,,0.0,0.0,,0.0,,,,False,False,False,0.0,0.0,False,,,,False,,⚪ 不列入,未達標,0,0
3490,單井,TPEx,45.1,0.05,,,,,,,,,,,0.0,0.0,,0.0,,,,False,False,False,0.0,0.0,False,,,,False,,⚪ 不列入,未達標,0,0
3491,昇達科,TPEx,1510.0,-45.0,,,,,,,,,,,0.0,0.0,,0.0,,,,False,False,False,0.0,0.0,False,,,,False,,⚪ 不列入,未達標,0,0
3492,長盛,TPEx,19.05,-0.1,,,,,,,,,,,0.0,0.0,,0.0,,,,False,False,False,0.0,0.0,False,,,,False,,⚪ 不列入,未達標,0,0
3498,陽程,TPEx,235.0,21.0,,,,,,,,,,,0.0,0.0,,0.0,,,,False,False,False,0.0,0.0,False,,,,False,,⚪ 不列入,未達標,0,0
3499,環天科,TPEx,13.7,0.0,,,,,,,,,,,0.0,0.0,,0.0,,,,False,False,False,0.0,0.0,False,,,,False,,⚪ 不列入,未達標,0,0
3508,位速,TPEx,25.95,-0.25,,,,,,,,,,,0.0,0.0,,0.0,,,,False,False,False,0.0,0.0,False,,,,False,,⚪ 不列入,未達標,0,0
3511,矽瑪,TPEx,19.45,0.05,,,,,,,,,,,0.0,0.0,,0.0,,,,False,False,False,0.0,0.0,False,,,,False,,⚪ 不列入,未達標,0,0
3512,皇龍,TPEx,19.2,-0.05,,,,,,,,,,,0.0,0.0,,0.0,,,,False,False,False,0.0,0.0,False,,,,False,,⚪ 不列入,未達標,0,0
3516,亞帝歐,TPEx,25.0,-0.1,,,,,,,,,,,0.0,0.0,,0.0,,,,False,False,False,0.0,0.0,False,,,,False,,⚪ 不列入,未達標,0,0
3520,華盈,TPEx,17.1,-0.1,,,,,,,,,,,0.0,0.0,,0.0,,,,False,False,False,0.0,0.0,False,,,,False,,⚪ 不列入,未達標,0,0
3521,台鋼建設,TPEx,11.75,-0.05,,,,,,,,,,,0.0,0.0,,0.0,,,,False,False,False,0.0,0.0,False,,,,False,,⚪ 不列入,未達標,0,0
3522,御嵿,TPEx,12.55,-0.1,,,,,,,,,,,0.0,0.0,,0.0,,,,False,False,False,0.0,0.0,False,,,,False,,⚪ 不列入,未達標,0,0
3523,迎輝,TPEx,14.95,0.0,,,,,,,,,,,0.0,0.0,,0.0,,,,False,False,False,0.0,0.0,False,,,,False,,⚪ 不列入,未達標,0,0
3526,凡甲,TPEx,270.5,0.5,,,,,,,,,,,0.0,0.0,,0.0,,,,False,False,False,0.0,0.0,False,,,,False,,⚪ 不列入,未達標,0,0
3527,聚積,TPEx,51.6,0.6,,,,,,,,,,,0.0,0.0,,0.0,,,,False,False,False,0.0,0.0,False,,,,False,,⚪ 不列入,未達標,0,0
3529,力旺,TPEx,3305.0,75.0,,,,,,,,,,,0.0,0.0,,0.0,,,,False,False,False,0.0,0.0,False,,,,False,,⚪ 不列入,未達標,0,0
3537,堡達,TPEx,52.6,-0.6,,,,,,,,,,,0.0,0.0,,0.0,,,,False,False,False,0.0,0.0,False,,,,False,,⚪ 不列入,未達標,0,0
3540,曜越,TPEx,22.7,-0.05,,,,,,,,,,,0.0,0.0,,0.0,,,,False,False,False,0.0,0.0,False,,,,False,,⚪ 不列入,未達標,0,0
3541,西柏,TPEx,24.45,-0.05,,,,,,,,,,,0.0,0.0,,0.0,,,,False,False,False,0.0,0.0,False,,,,False,,⚪ 不列入,未達標,0,0
3546,宇峻,TPEx,72.7,-0.4,,,,,,,,,,,0.0,0.0,,0.0,,,,False,False,False,0.0,0.0,False,,,,False,,⚪ 不列入,未達標,0,0
3548,兆利,TPEx,77.1,0.0,,,,,,,,,,,0.0,0.0,,0.0,,,,False,False,False,0.0,0.0,False,,,,False,,⚪ 不列入,未達標,0,0
3551,世禾,TPEx,186.5,4.0,,,,,,,,,,,0.0,0.0,,0.0,,,,False,False,False,0.0,0.0,False,,,,False,,⚪ 不列入,未達標,0,0
3552,同致,TPEx,43.45,-1.95,,,,,,,,,,,0.0,0.0,,0.0,,,,False,False,False,0.0,0.0,False,,,,False,,⚪ 不列入,未達標,0,0
3555,博士旺,TPEx,168.0,2.0,,,,,,,,,,,0.0,0.0,,0.0,,,,False,False,False,0.0,0.0,False,,,,False,,⚪ 不列入,未達標,0,0
3556,禾瑞亞,TPEx,57.9,0.4,,,,,,,,,,,0.0,0.0,,0.0,,,,False,False,False,0.0,0.0,False,,,,False,,⚪ 不列入,未達標,0,0
3558,神準,TPEx,124.5,2.5,,,,,,,,,,,0.0,0.0,,0.0,,,,False,False,False,0.0,0.0,False,,,,False,,⚪ 不列入,未達標,0,0
3564,其陽,TPEx,50.4,0.95,,,,,,,,,,,0.0,0.0,,0.0,,,,False,False,False,0.0,0.0,False,,,,False,,⚪ 不列入,未達標,0,0
3567,逸昌,TPEx,25.8,0.2,,,,,,,,,,,0.0,0.0,,0.0,,,,False,False,False,0.0,0.0,False,,,,False,,⚪ 不列入,未達標,0,0
3570,大塚,TPEx,167.0,-1.0,,,,,,,,,,,0.0,0.0,,0.0,,,,False,False,False,0.0,0.0,False,,,,False,,⚪ 不列入,未達標,0,0
3577,泓格,TPEx,122.0,8.0,,,,,,,,,,,0.0,0.0,,0.0,,,,False,False,False,0.0,0.0,False,,,,False,,⚪ 不列入,未達標,0,0
3580,友威科,TPEx,111.0,9.0,,,,,,,,,,,0.0,0.0,,0.0,,,,False,False,False,0.0,0.0,False,,,,False,,⚪ 不列入,未達標,0,0
3581,博磊,TPEx,106.5,2.5,,,,,,,,,,,0.0,0.0,,0.0,,,,False,False,False,0.0,0.0,False,,,,False,,⚪ 不列入,未達標,0,0
3587,閎康,TPEx,239.5,1.0,,,,,,,,,,,0.0,0.0,,0.0,,,,False,False,False,0.0,0.0,False,,,,False,,⚪ 不列入,未達標,0,0
3594,磐儀,TPEx,47.2,0.5,,,,,,,,,,,0.0,0.0,,0.0,,,,False,False,False,0.0,0.0,False,,,,False,,⚪ 不列入,未達標,0,0
3597,映興,TPEx,27.85,0.15,,,,,,,,,,,0.0,0.0,,0.0,,,,False,False,False,0.0,0.0,False,,,,False,,⚪ 不列入,未達標,0,0
3609,三一東林,TPEx,23.5,0.45,,,,,,,,,,,0.0,0.0,,0.0,,,,False,False,False,0.0,0.0,False,,,,False,,⚪ 不列入,未達標,0,0
3611,鼎翰,TPEx,183.0,0.0,,,,,,,,,,,0.0,0.0,,0.0,,,,False,False,False,0.0,0.0,False,,,,False,,⚪ 不列入,未達標,0,0
3615,安可,TPEx,41.65,3.75,,,,,,,,,,,0.0,0.0,,0.0,,,,False,False,False,0.0,0.0,False,,,,False,,⚪ 不列入,未達標,0,0
3623,富晶通,TPEx,29.15,0.85,,,,,,,,,,,0.0,0.0,,0.0,,,,False,False,False,0.0,0.0,False,,,,False,,⚪ 不列入,未達標,0,0
3624,光頡,TPEx,140.0,0.0,,,,,,,,,,,0.0,0.0,,0.0,,,,False,False,False,0.0,0.0,False,,,,False,,⚪ 不列入,未達標,0,0
3625,西勝,TPEx,11.2,-0.3,,,,,,,,,,,0.0,0.0,,0.0,,,,False,False,False,0.0,0.0,False,,,,False,,⚪ 不列入,未達標,0,0
3628,盈正,TPEx,72.9,-1.4,,,,,,,,,,,0.0,0.0,,0.0,,,,False,False,False,0.0,0.0,False,,,,False,,⚪ 不列入,未達標,0,0
3629,地心引力,TPEx,17.3,-0.9,,,,,,,,,,,0.0,0.0,,0.0,,,,False,False,False,0.0,0.0,False,,,,False,,⚪ 不列入,未達標,0,0
3630,新鉅科,TPEx,26.65,-0.35,,,,,,,,,,,0.0,0.0,,0.0,,,,False,False,False,0.0,0.0,False,,,,False,,⚪ 不列入,未達標,0,0
3631,晟楠,TPEx,39.95,-0.2,,,,,,,,,,,0.0,0.0,,0.0,,,,False,False,False,0.0,0.0,False,,,,False,,⚪ 不列入,未達標,0,0
3632,研勤,TPEx,7.19,-0.01,,,,,,,,,,,0.0,0.0,,0.0,,,,False,False,False,0.0,0.0,False,,,,False,,⚪ 不列入,未達標,0,0
3646,艾恩特,TPEx,24.8,0.05,,,,,,,,,,,0.0,0.0,,0.0,,,,False,False,False,0.0,0.0,False,,,,False,,⚪ 不列入,未達標,0,0
3663,鑫科,TPEx,62.4,0.9,,,,,,,,,,,0.0,0.0,,0.0,,,,False,False,False,0.0,0.0,False,,,,False,,⚪ 不列入,未達標,0,0
3664,安瑞-KY,TPEx,8.86,0.0,,,,,,,,,,,0.0,0.0,,0.0,,,,False,False,False,0.0,0.0,False,,,,False,,⚪ 不列入,未達標,0,0
3666,光耀,TPEx,25.3,0.1,,,,,,,,,,,0.0,0.0,,0.0,,,,False,False,False,0.0,0.0,False,,,,False,,⚪ 不列入,未達標,0,0
3672,康聯訊,TPEx,12.5,-0.1,,,,,,,,,,,0.0,0.0,,0.0,,,,False,False,False,0.0,0.0,False,,,,False,,⚪ 不列入,未達標,0,0
3675,德微,TPEx,334.0,-1.0,,,,,,,,,,,0.0,0.0,,0.0,,,,False,False,False,0.0,0.0,False,,,,False,,⚪ 不列入,未達標,0,0
3680,家登,TPEx,548.0,6.0,,,,,,,,,,,0.0,0.0,,0.0,,,,False,False,False,0.0,0.0,False,,,,False,,⚪ 不列入,未達標,0,0
3684,榮昌,TPEx,53.4,0.2,,,,,,,,,,,0.0,0.0,,0.0,,,,False,False,False,0.0,0.0,False,,,,False,,⚪ 不列入,未達標,0,0
3685,元創精密,TPEx,35.2,0.0,,,,,,,,,,,0.0,0.0,,0.0,,,,False,False,False,0.0,0.0,False,,,,False,,⚪ 不列入,未達標,0,0
3687,歐買尬,TPEx,60.3,0.0,,,,,,,,,,,0.0,0.0,,0.0,,,,False,False,False,0.0,0.0,False,,,,False,,⚪ 不列入,未達標,0,0
3689,湧德,TPEx,110.0,-0.5,,,,,,,,,,,0.0,0.0,,0.0,,,,False,False,False,0.0,0.0,False,,,,False,,⚪ 不列入,未達標,0,0
3691,碩禾,TPEx,118.5,-2.5,,,,,,,,,,,0.0,0.0,,0.0,,,,False,False,False,0.0,0.0,False,,,,False,,⚪ 不列入,未達標,0,0
3693,營邦,TPEx,702.0,-27.0,,,,,,,,,,,0.0,0.0,,0.0,,,,False,False,False,0.0,0.0,False,,,,False,,⚪ 不列入,未達標,0,0
3707,漢磊,TPEx,72.9,0.1,,,,,,,,,,,0.0,0.0,,0.0,,,,False,False,False,0.0,0.0,False,,,,False,,⚪ 不列入,未達標,0,0
3709,鑫聯大投控,TPEx,64.0,0.9,,,,,,,,,,,0.0,0.0,,0.0,,,,False,False,False,0.0,0.0,False,,,,False,,⚪ 不列入,未達標,0,0
3710,連展投控,TPEx,8.52,0.7,,,,,,,,,,,0.0,0.0,,0.0,,,,False,False,False,0.0,0.0,False,,,,False,,⚪ 不列入,未達標,0,0
3713,新晶投控,TPEx,13.9,-0.1,,,,,,,,,,,0.0,0.0,,0.0,,,,False,False,False,0.0,0.0,False,,,,False,,⚪ 不列入,未達標,0,0
3718,中光電投控,TPEx,64.6,-0.5,,,,,,,,,,,0.0,0.0,,0.0,,,,False,False,False,0.0,0.0,False,,,,False,,⚪ 不列入,未達標,0,0
4102,永日,TPEx,18.35,-0.15,,,,,,,,,,,0.0,0.0,,0.0,,,,False,False,False,0.0,0.0,False,,,,False,,⚪ 不列入,未達標,0,0
4105,東洋,TPEx,78.8,0.5,,,,,,,,,,,0.0,0.0,,0.0,,,,False,False,False,0.0,0.0,False,,,,False,,⚪ 不列入,未達標,0,0
4107,邦特,TPEx,110.5,0.5,,,,,,,,,,,0.0,0.0,,0.0,,,,False,False,False,0.0,0.0,False,,,,False,,⚪ 不列入,未達標,0,0
4109,加捷生醫,TPEx,11.05,0.0,,,,,,,,,,,0.0,0.0,,0.0,,,,False,False,False,0.0,0.0,False,,,,False,,⚪ 不列入,未達標,0,0
4111,濟生,TPEx,28.8,0.1,,,,,,,,,,,0.0,0.0,,0.0,,,,False,False,False,0.0,0.0,False,,,,False,,⚪ 不列入,未達標,0,0
4113,聯上,TPEx,15.55,0.0,,,,,,,,,,,0.0,0.0,,0.0,,,,False,False,False,0.0,0.0,False,,,,False,,⚪ 不列入,未達標,0,0
4114,健喬,TPEx,29.3,-0.1,,,,,,,,,,,0.0,0.0,,0.0,,,,False,False,False,0.0,0.0,False,,,,False,,⚪ 不列入,未達標,0,0
4116,明基醫,TPEx,39.4,0.1,,,,,,,,,,,0.0,0.0,,0.0,,,,False,False,False,0.0,0.0,False,,,,False,,⚪ 不列入,未達標,0,0
4120,友華,TPEx,46.1,0.1,,,,,,,,,,,0.0,0.0,,0.0,,,,False,False,False,0.0,0.0,False,,,,False,,⚪ 不列入,未達標,0,0
4121,優盛,TPEx,12.75,-0.05,,,,,,,,,,,0.0,0.0,,0.0,,,,False,False,False,0.0,0.0,False,,,,False,,⚪ 不列入,未達標,0,0
4123,晟德,TPEx,31.0,0.05,,,,,,,,,,,0.0,0.0,,0.0,,,,False,False,False,0.0,0.0,False,,,,False,,⚪ 不列入,未達標,0,0
4126,太醫,TPEx,77.9,0.1,,,,,,,,,,,0.0,0.0,,0.0,,,,False,False,False,0.0,0.0,False,,,,False,,⚪ 不列入,未達標,0,0
4127,天良,TPEx,47.5,-1.2,,,,,,,,,,,0.0,0.0,,0.0,,,,False,False,False,0.0,0.0,False,,,,False,,⚪ 不列入,未達標,0,0
4128,中天,TPEx,15.0,0.15,,,,,,,,,,,0.0,0.0,,0.0,,,,False,False,False,0.0,0.0,False,,,,False,,⚪ 不列入,未達標,0,0
4129,聯合,TPEx,82.9,0.6,,,,,,,,,,,0.0,0.0,,0.0,,,,False,False,False,0.0,0.0,False,,,,False,,⚪ 不列入,未達標,0,0
4131,浩泰,TPEx,31.95,-0.05,,,,,,,,,,,0.0,0.0,,0.0,,,,False,False,False,0.0,0.0,False,,,,False,,⚪ 不列入,未達標,0,0
4138,曜亞,TPEx,55.1,-1.2,,,,,,,,,,,0.0,0.0,,0.0,,,,False,False,False,0.0,0.0,False,,,,False,,⚪ 不列入,未達標,0,0
4139,馬光-KY,TPEx,41.65,0.1,,,,,,,,,,,0.0,0.0,,0.0,,,,False,False,False,0.0,0.0,False,,,,False,,⚪ 不列入,未達標,0,0
4147,中裕,TPEx,63.0,0.9,,,,,,,,,,,0.0,0.0,,0.0,,,,False,False,False,0.0,0.0,False,,,,False,,⚪ 不列入,未達標,0,0
4153,鈺緯,TPEx,31.5,-0.1,,,,,,,,,,,0.0,0.0,,0.0,,,,False,False,False,0.0,0.0,False,,,,False,,⚪ 不列入,未達標,0,0
4154,樂威科-KY,TPEx,12.9,1.05,,,,,,,,,,,0.0,0.0,,0.0,,,,False,False,False,0.0,0.0,False,,,,False,,⚪ 不列入,未達標,0,0
4157,太景*-KY,TPEx,8.68,-0.17,,,,,,,,,,,0.0,0.0,,0.0,,,,False,False,False,0.0,0.0,False,,,,False,,⚪ 不列入,未達標,0,0
4160,訊聯基因,TPEx,39.05,-0.4,,,,,,,,,,,0.0,0.0,,0.0,,,,False,False,False,0.0,0.0,False,,,,False,,⚪ 不列入,未達標,0,0
4161,聿新科,TPEx,22.05,-0.2,,,,,,,,,,,0.0,0.0,,0.0,,,,False,False,False,0.0,0.0,False,,,,False,,⚪ 不列入,未達標,0,0
4162,智擎,TPEx,55.4,-0.1,,,,,,,,,,,0.0,0.0,,0.0,,,,False,False,False,0.0,0.0,False,,,,False,,⚪ 不列入,未達標,0,0
4163,鐿鈦,TPEx,135.0,1.0,,,,,,,,,,,0.0,0.0,,0.0,,,,False,False,False,0.0,0.0,False,,,,False,,⚪ 不列入,未達標,0,0
4166,友霖,TPEx,23.85,-0.15,,,,,,,,,,,0.0,0.0,,0.0,,,,False,False,False,0.0,0.0,False,,,,False,,⚪ 不列入,未達標,0,0
4167,松瑞藥,TPEx,19.55,0.15,,,,,,,,,,,0.0,0.0,,0.0,,,,False,False,False,0.0,0.0,False,,,,False,,⚪ 不列入,未達標,0,0
4168,醣聯,TPEx,21.7,-0.25,,,,,,,,,,,0.0,0.0,,0.0,,,,False,False,False,0.0,0.0,False,,,,False,,⚪ 不列入,未達標,0,0
4171,瑞基,TPEx,16.5,0.25,,,,,,,,,,,0.0,0.0,,0.0,,,,False,False,False,0.0,0.0,False,,,,False,,⚪ 不列入,未達標,0,0
4173,久裕,TPEx,17.1,0.0,,,,,,,,,,,0.0,0.0,,0.0,,,,False,False,False,0.0,0.0,False,,,,False,,⚪ 不列入,未達標,0,0
4174,浩鼎,TPEx,35.65,3.2,,,,,,,,,,,0.0,0.0,,0.0,,,,False,False,False,0.0,0.0,False,,,,False,,⚪ 不列入,未達標,0,0
4175,杏一,TPEx,50.5,-0.5,,,,,,,,,,,0.0,0.0,,0.0,,,,False,False,False,0.0,0.0,False,,,,False,,⚪ 不列入,未達標,0,0
4183,福永生技,TPEx,13.95,0.65,,,,,,,,,,,0.0,0.0,,0.0,,,,False,False,False,0.0,0.0,False,,,,False,,⚪ 不列入,未達標,0,0
4188,安克,TPEx,13.9,-0.3,,,,,,,,,,,0.0,0.0,,0.0,,,,False,False,False,0.0,0.0,False,,,,False,,⚪ 不列入,未達標,0,0
4192,杏國,TPEx,18.45,0.3,,,,,,,,,,,0.0,0.0,,0.0,,,,False,False,False,0.0,0.0,False,,,,False,,⚪ 不列入,未達標,0,0
4198,欣大健康,TPEx,49.9,0.1,,,,,,,,,,,0.0,0.0,,0.0,,,,False,False,False,0.0,0.0,False,,,,False,,⚪ 不列入,未達標,0,0
4205,中華食,TPEx,68.5,0.0,,,,,,,,,,,0.0,0.0,,0.0,,,,False,False,False,0.0,0.0,False,,,,False,,⚪ 不列入,未達標,0,0
4207,環泰,TPEx,19.45,-0.1,,,,,,,,,,,0.0,0.0,,0.0,,,,False,False,False,0.0,0.0,False,,,,False,,⚪ 不列入,未達標,0,0
4303,信立,TPEx,33.4,-0.65,,,,,,,,,,,0.0,0.0,,0.0,,,,False,False,False,0.0,0.0,False,,,,False,,⚪ 不列入,未達標,0,0
4304,勝昱,TPEx,17.7,-0.3,,,,,,,,,,,0.0,0.0,,0.0,,,,False,False,False,0.0,0.0,False,,,,False,,⚪ 不列入,未達標,0,0
4305,世坤,TPEx,41.75,-0.2,,,,,,,,,,,0.0,0.0,,0.0,,,,False,False,False,0.0,0.0,False,,,,False,,⚪ 不列入,未達標,0,0
4401,東隆興,TPEx,13.85,0.2,,,,,,,,,,,0.0,0.0,,0.0,,,,False,False,False,0.0,0.0,False,,,,False,,⚪ 不列入,未達標,0,0
4402,郡都開發,TPEx,14.15,0.05,,,,,,,,,,,0.0,0.0,,0.0,,,,False,False,False,0.0,0.0,False,,,,False,,⚪ 不列入,未達標,0,0
4406,新昕纖,TPEx,10.25,0.0,,,,,,,,,,,0.0,0.0,,0.0,,,,False,False,False,0.0,0.0,False,,,,False,,⚪ 不列入,未達標,0,0
4413,飛寶企業,TPEx,20.5,-0.65,,,,,,,,,,,0.0,0.0,,0.0,,,,False,False,False,0.0,0.0,False,,,,False,,⚪ 不列入,未達標,0,0
4416,三圓,TPEx,13.75,0.05,,,,,,,,,,,0.0,0.0,,0.0,,,,False,False,False,0.0,0.0,False,,,,False,,⚪ 不列入,未達標,0,0
4417,金洲,TPEx,49.65,-0.15,,,,,,,,,,,0.0,0.0,,0.0,,,,False,False,False,0.0,0.0,False,,,,False,,⚪ 不列入,未達標,0,0
4419,皇家美食,TPEx,49.0,2.0,,,,,,,,,,,0.0,0.0,,0.0,,,,False,False,False,0.0,0.0,False,,,,False,,⚪ 不列入,未達標,0,0
4420,光明,TPEx,35.8,0.0,,,,,,,,,,,0.0,0.0,,0.0,,,,False,False,False,0.0,0.0,False,,,,False,,⚪ 不列入,未達標,0,0
4430,耀億,TPEx,17.8,0.5,,,,,,,,,,,0.0,0.0,,0.0,,,,False,False,False,0.0,0.0,False,,,,False,,⚪ 不列入,未達標,0,0
4432,銘旺實,TPEx,15.4,-0.1,,,,,,,,,,,0.0,0.0,,0.0,,,,False,False,False,0.0,0.0,False,,,,False,,⚪ 不列入,未達標,0,0
4433,興采,TPEx,18.05,-0.25,,,,,,,,,,,0.0,0.0,,0.0,,,,False,False,False,0.0,0.0,False,,,,False,,⚪ 不列入,未達標,0,0
4442,竣邦-KY,TPEx,53.2,-0.8,,,,,,,,,,,0.0,0.0,,0.0,,,,False,False,False,0.0,0.0,False,,,,False,,⚪ 不列入,未達標,0,0
4502,健信,TPEx,15.7,0.0,,,,,,,,,,,0.0,0.0,,0.0,,,,False,False,False,0.0,0.0,False,,,,False,,⚪ 不列入,未達標,0,0
4503,金雨,TPEx,24.0,-0.1,,,,,,,,,,,0.0,0.0,,0.0,,,,False,False,False,0.0,0.0,False,,,,False,,⚪ 不列入,未達標,0,0
4506,崇友,TPEx,118.0,-0.5,,,,,,,,,,,0.0,0.0,,0.0,,,,False,False,False,0.0,0.0,False,,,,False,,⚪ 不列入,未達標,0,0
4510,高鋒,TPEx,43.05,-0.05,,,,,,,,,,,0.0,0.0,,0.0,,,,False,False,False,0.0,0.0,False,,,,False,,⚪ 不列入,未達標,0,0
4513,福裕,TPEx,16.3,-0.15,,,,,,,,,,,0.0,0.0,,0.0,,,,False,False,False,0.0,0.0,False,,,,False,,⚪ 不列入,未達標,0,0
4523,永彰,TPEx,23.85,0.25,,,,,,,,,,,0.0,0.0,,0.0,,,,False,False,False,0.0,0.0,False,,,,False,,⚪ 不列入,未達標,0,0
4527,方土霖,TPEx,40.9,0.05,,,,,,,,,,,0.0,0.0,,0.0,,,,False,False,False,0.0,0.0,False,,,,False,,⚪ 不列入,未達標,0,0
4528,江興鍛,TPEx,14.85,-0.1,,,,,,,,,,,0.0,0.0,,0.0,,,,False,False,False,0.0,0.0,False,,,,False,,⚪ 不列入,未達標,0,0
4529,淳紳,TPEx,3.33,0.03,,,,,,,,,,,0.0,0.0,,0.0,,,,False,False,False,0.0,0.0,False,,,,False,,⚪ 不列入,未達標,0,0
4530,天意能創,TPEx,24.2,0.1,,,,,,,,,,,0.0,0.0,,0.0,,,,False,False,False,0.0,0.0,False,,,,False,,⚪ 不列入,未達標,0,0
4533,協易機,TPEx,25.5,0.35,,,,,,,,,,,0.0,0.0,,0.0,,,,False,False,False,0.0,0.0,False,,,,False,,⚪ 不列入,未達標,0,0
4534,慶騰,TPEx,31.3,-0.3,,,,,,,,,,,0.0,0.0,,0.0,,,,False,False,False,0.0,0.0,False,,,,False,,⚪ 不列入,未達標,0,0
4535,至興,TPEx,26.8,0.0,,,,,,,,,,,0.0,0.0,,0.0,,,,False,False,False,0.0,0.0,False,,,,False,,⚪ 不列入,未達標,0,0
4538,大詠城,TPEx,17.55,0.05,,,,,,,,,,,0.0,0.0,,0.0,,,,False,False,False,0.0,0.0,False,,,,False,,⚪ 不列入,未達標,0,0
4541,晟田,TPEx,59.3,0.0,,,,,,,,,,,0.0,0.0,,0.0,,,,False,False,False,0.0,0.0,False,,,,False,,⚪ 不列入,未達標,0,0
4542,科嶠,TPEx,339.0,11.0,,,,,,,,,,,0.0,0.0,,0.0,,,,False,False,False,0.0,0.0,False,,,,False,,⚪ 不列入,未達標,0,0
4543,萬在,TPEx,28.5,0.05,,,,,,,,,,,0.0,0.0,,0.0,,,,False,False,False,0.0,0.0,False,,,,False,,⚪ 不列入,未達標,0,0
4549,桓達,TPEx,96.2,-0.9,,,,,,,,,,,0.0,0.0,,0.0,,,,False,False,False,0.0,0.0,False,,,,False,,⚪ 不列入,未達標,0,0
4550,長佳,TPEx,24.15,0.15,,,,,,,,,,,0.0,0.0,,0.0,,,,False,False,False,0.0,0.0,False,,,,False,,⚪ 不列入,未達標,0,0
4554,橙的,TPEx,28.05,-0.2,,,,,,,,,,,0.0,0.0,,0.0,,,,False,False,False,0.0,0.0,False,,,,False,,⚪ 不列入,未達標,0,0
4556,旭然,TPEx,92.4,0.3,,,,,,,,,,,0.0,0.0,,0.0,,,,False,False,False,0.0,0.0,False,,,,False,,⚪ 不列入,未達標,0,0
4558,寶緯,TPEx,16.9,-0.2,,,,,,,,,,,0.0,0.0,,0.0,,,,False,False,False,0.0,0.0,False,,,,False,,⚪ 不列入,未達標,0,0
4561,健椿,TPEx,41.9,-0.4,,,,,,,,,,,0.0,0.0,,0.0,,,,False,False,False,0.0,0.0,False,,,,False,,⚪ 不列入,未達標,0,0
4563,百德,TPEx,51.4,0.2,,,,,,,,,,,0.0,0.0,,0.0,,,,False,False,False,0.0,0.0,False,,,,False,,⚪ 不列入,未達標,0,0
4568,科際精密,TPEx,39.05,-0.15,,,,,,,,,,,0.0,0.0,,0.0,,,,False,False,False,0.0,0.0,False,,,,False,,⚪ 不列入,未達標,0,0
4577,達航科技,TPEx,84.0,0.2,,,,,,,,,,,0.0,0.0,,0.0,,,,False,False,False,0.0,0.0,False,,,,False,,⚪ 不列入,未達標,0,0
4580,捷流閥業,TPEx,81.0,0.2,,,,,,,,,,,0.0,0.0,,0.0,,,,False,False,False,0.0,0.0,False,,,,False,,⚪ 不列入,未達標,0,0
4702,中美實,TPEx,9.32,-0.02,,,,,,,,,,,0.0,0.0,,0.0,,,,False,False,False,0.0,0.0,False,,,,False,,⚪ 不列入,未達標,0,0
4706,大恭,TPEx,33.85,-0.15,,,,,,,,,,,0.0,0.0,,0.0,,,,False,False,False,0.0,0.0,False,,,,False,,⚪ 不列入,未達標,0,0
4707,磐亞,TPEx,29.65,-0.35,,,,,,,,,,,0.0,0.0,,0.0,,,,False,False,False,0.0,0.0,False,,,,False,,⚪ 不列入,未達標,0,0
4711,永純,TPEx,16.2,-0.15,,,,,,,,,,,0.0,0.0,,0.0,,,,False,False,False,0.0,0.0,False,,,,False,,⚪ 不列入,未達標,0,0
4714,永捷,TPEx,11.8,-0.1,,,,,,,,,,,0.0,0.0,,0.0,,,,False,False,False,0.0,0.0,False,,,,False,,⚪ 不列入,未達標,0,0
4716,大立,TPEx,16.9,-0.15,,,,,,,,,,,0.0,0.0,,0.0,,,,False,False,False,0.0,0.0,False,,,,False,,⚪ 不列入,未達標,0,0
4721,美琪瑪,TPEx,79.8,2.4,,,,,,,,,,,0.0,0.0,,0.0,,,,False,False,False,0.0,0.0,False,,,,False,,⚪ 不列入,未達標,0,0
4726,永昕,TPEx,22.65,0.3,,,,,,,,,,,0.0,0.0,,0.0,,,,False,False,False,0.0,0.0,False,,,,False,,⚪ 不列入,未達標,0,0
4728,雙美,TPEx,399.5,4.5,,,,,,,,,,,0.0,0.0,,0.0,,,,False,False,False,0.0,0.0,False,,,,False,,⚪ 不列入,未達標,0,0
4729,熒茂,TPEx,18.8,0.0,,,,,,,,,,,0.0,0.0,,0.0,,,,False,False,False,0.0,0.0,False,,,,False,,⚪ 不列入,未達標,0,0
4735,豪展,TPEx,36.2,0.4,,,,,,,,,,,0.0,0.0,,0.0,,,,False,False,False,0.0,0.0,False,,,,False,,⚪ 不列入,未達標,0,0
4741,泓瀚,TPEx,40.05,2.25,,,,,,,,,,,0.0,0.0,,0.0,,,,False,False,False,0.0,0.0,False,,,,False,,⚪ 不列入,未達標,0,0
4743,合一,TPEx,45.7,0.95,,,,,,,,,,,0.0,0.0,,0.0,,,,False,False,False,0.0,0.0,False,,,,False,,⚪ 不列入,未達標,0,0
4744,皇將,TPEx,28.65,0.6,,,,,,,,,,,0.0,0.0,,0.0,,,,False,False,False,0.0,0.0,False,,,,False,,⚪ 不列入,未達標,0,0
4745,合富-KY,TPEx,12.1,0.15,,,,,,,,,,,0.0,0.0,,0.0,,,,False,False,False,0.0,0.0,False,,,,False,,⚪ 不列入,未達標,0,0
4747,強生*,TPEx,23.6,-0.2,,,,,,,,,,,0.0,0.0,,0.0,,,,False,False,False,0.0,0.0,False,,,,False,,⚪ 不列入,未達標,0,0
4749,新應材,TPEx,764.0,36.0,,,,,,,,,,,0.0,0.0,,0.0,,,,False,False,False,0.0,0.0,False,,,,False,,⚪ 不列入,未達標,0,0
4754,國碳科,TPEx,37.7,-0.1,,,,,,,,,,,0.0,0.0,,0.0,,,,False,False,False,0.0,0.0,False,,,,False,,⚪ 不列入,未達標,0,0
4760,勤凱,TPEx,260.0,-8.5,,,,,,,,,,,0.0,0.0,,0.0,,,,False,False,False,0.0,0.0,False,,,,False,,⚪ 不列入,未達標,0,0
4767,誠泰科技,TPEx,28.3,0.5,,,,,,,,,,,0.0,0.0,,0.0,,,,False,False,False,0.0,0.0,False,,,,False,,⚪ 不列入,未達標,0,0
4768,晶呈科技,TPEx,357.5,32.5,,,,,,,,,,,0.0,0.0,,0.0,,,,False,False,False,0.0,0.0,False,,,,False,,⚪ 不列入,未達標,0,0
4772,台特化,TPEx,271.0,22.5,,,,,,,,,,,0.0,0.0,,0.0,,,,False,False,False,0.0,0.0,False,,,,False,,⚪ 不列入,未達標,0,0
4903,聯光通,TPEx,42.8,-0.2,,,,,,,,,,,0.0,0.0,,0.0,,,,False,False,False,0.0,0.0,False,,,,False,,⚪ 不列入,未達標,0,0
4905,台聯電,TPEx,76.7,-0.9,,,,,,,,,,,0.0,0.0,,0.0,,,,False,False,False,0.0,0.0,False,,,,False,,⚪ 不列入,未達標,0,0
4907,富宇,TPEx,45.25,0.0,,,,,,,,,,,0.0,0.0,,0.0,,,,False,False,False,0.0,0.0,False,,,,False,,⚪ 不列入,未達標,0,0
4908,前鼎,TPEx,205.5,-4.5,,,,,,,,,,,0.0,0.0,,0.0,,,,False,False,False,0.0,0.0,False,,,,False,,⚪ 不列入,未達標,0,0
4909,新復興,TPEx,35.8,1.45,,,,,,,,,,,0.0,0.0,,0.0,,,,False,False,False,0.0,0.0,False,,,,False,,⚪ 不列入,未達標,0,0
4911,德英,TPEx,28.45,-0.4,,,,,,,,,,,0.0,0.0,,0.0,,,,False,False,False,0.0,0.0,False,,,,False,,⚪ 不列入,未達標,0,0
4923,力士,TPEx,61.2,-2.8,,,,,,,,,,,0.0,0.0,,0.0,,,,False,False,False,0.0,0.0,False,,,,False,,⚪ 不列入,未達標,0,0
4924,欣厚-KY,TPEx,15.0,-1.1,,,,,,,,,,,0.0,0.0,,0.0,,,,False,False,False,0.0,0.0,False,,,,False,,⚪ 不列入,未達標,0,0
4931,新盛力,TPEx,246.0,4.5,,,,,,,,,,,0.0,0.0,,0.0,,,,False,False,False,0.0,0.0,False,,,,False,,⚪ 不列入,未達標,0,0
4933,友輝,TPEx,53.4,0.1,,,,,,,,,,,0.0,0.0,,0.0,,,,False,False,False,0.0,0.0,False,,,,False,,⚪ 不列入,未達標,0,0
4939,亞電,TPEx,75.3,1.6,,,,,,,,,,,0.0,0.0,,0.0,,,,False,False,False,0.0,0.0,False,,,,False,,⚪ 不列入,未達標,0,0
4946,辣椒,TPEx,102.0,4.0,,,,,,,,,,,0.0,0.0,,0.0,,,,False,False,False,0.0,0.0,False,,,,False,,⚪ 不列入,未達標,0,0
4950,金耘國際,TPEx,15.55,-0.2,,,,,,,,,,,0.0,0.0,,0.0,,,,False,False,False,0.0,0.0,False,,,,False,,⚪ 不列入,未達標,0,0
4951,精拓科,TPEx,90.2,2.0,,,,,,,,,,,0.0,0.0,,0.0,,,,False,False,False,0.0,0.0,False,,,,False,,⚪ 不列入,未達標,0,0
4953,緯致,TPEx,116.5,-1.0,,,,,,,,,,,0.0,0.0,,0.0,,,,False,False,False,0.0,0.0,False,,,,False,,⚪ 不列入,未達標,0,0
4966,譜瑞-KY,TPEx,569.0,-3.0,,,,,,,,,,,0.0,0.0,,0.0,,,,False,False,False,0.0,0.0,False,,,,False,,⚪ 不列入,未達標,0,0
4971,IET-KY,TPEx,540.0,-12.0,,,,,,,,,,,0.0,0.0,,0.0,,,,False,False,False,0.0,0.0,False,,,,False,,⚪ 不列入,未達標,0,0
4972,湯石照明,TPEx,16.35,0.0,,,,,,,,,,,0.0,0.0,,0.0,,,,False,False,False,0.0,0.0,False,,,,False,,⚪ 不列入,未達標,0,0
4973,廣穎,TPEx,135.0,1.0,,,,,,,,,,,0.0,0.0,,0.0,,,,False,False,False,0.0,0.0,False,,,,False,,⚪ 不列入,未達標,0,0
4974,亞泰,TPEx,70.6,0.1,,,,,,,,,,,0.0,0.0,,0.0,,,,False,False,False,0.0,0.0,False,,,,False,,⚪ 不列入,未達標,0,0
4979,華星光,TPEx,567.0,4.0,,,,,,,,,,,0.0,0.0,,0.0,,,,False,False,False,0.0,0.0,False,,,,False,矽光子／CPO／光通訊,⚪ 不列入,未達標,0,0
4991,環宇-KY,TPEx,474.5,11.0,,,,,,,,,,,0.0,0.0,,0.0,,,,False,False,False,0.0,0.0,False,,,,False,,⚪ 不列入,未達標,0,0
4995,晶達,TPEx,50.1,0.3,,,,,,,,,,,0.0,0.0,,0.0,,,,False,False,False,0.0,0.0,False,,,,False,,⚪ 不列入,未達標,0,0
5009,榮剛,TPEx,32.6,0.6,,,,,,,,,,,0.0,0.0,,0.0,,,,False,False,False,0.0,0.0,False,,,,False,,⚪ 不列入,未達標,0,0
5011,久陽,TPEx,18.75,0.45,,,,,,,,,,,0.0,0.0,,0.0,,,,False,False,False,0.0,0.0,False,,,,False,,⚪ 不列入,未達標,0,0
5013,強新,TPEx,35.25,3.2,,,,,,,,,,,0.0,0.0,,0.0,,,,False,False,False,0.0,0.0,False,,,,False,,⚪ 不列入,未達標,0,0
5014,建錩,TPEx,10.2,0.29,,,,,,,,,,,0.0,0.0,,0.0,,,,False,False,False,0.0,0.0,False,,,,False,,⚪ 不列入,未達標,0,0
5015,華祺,TPEx,21.35,-0.15,,,,,,,,,,,0.0,0.0,,0.0,,,,False,False,False,0.0,0.0,False,,,,False,,⚪ 不列入,未達標,0,0
5016,松和,TPEx,24.8,0.15,,,,,,,,,,,0.0,0.0,,0.0,,,,False,False,False,0.0,0.0,False,,,,False,,⚪ 不列入,未達標,0,0
5201,凱衛,TPEx,29.55,0.25,,,,,,,,,,,0.0,0.0,,0.0,,,,False,False,False,0.0,0.0,False,,,,False,,⚪ 不列入,未達標,0,0
5202,力新,TPEx,14.25,-0.35,,,,,,,,,,,0.0,0.0,,0.0,,,,False,False,False,0.0,0.0,False,,,,False,,⚪ 不列入,未達標,0,0
5206,坤悅,TPEx,22.75,-0.1,,,,,,,,,,,0.0,0.0,,0.0,,,,False,False,False,0.0,0.0,False,,,,False,,⚪ 不列入,未達標,0,0
5209,新鼎,TPEx,166.5,0.0,,,,,,,,,,,0.0,0.0,,0.0,,,,False,False,False,0.0,0.0,False,,,,False,,⚪ 不列入,未達標,0,0
5210,寶碩,TPEx,30.25,0.3,,,,,,,,,,,0.0,0.0,,0.0,,,,False,False,False,0.0,0.0,False,,,,False,,⚪ 不列入,未達標,0,0
5211,蒙恬,TPEx,20.2,0.1,,,,,,,,,,,0.0,0.0,,0.0,,,,False,False,False,0.0,0.0,False,,,,False,,⚪ 不列入,未達標,0,0
5212,凌網,TPEx,48.9,0.9,,,,,,,,,,,0.0,0.0,,0.0,,,,False,False,False,0.0,0.0,False,,,,False,,⚪ 不列入,未達標,0,0
5213,亞昕,TPEx,20.8,0.0,,,,,,,,,,,0.0,0.0,,0.0,,,,False,False,False,0.0,0.0,False,,,,False,,⚪ 不列入,未達標,0,0
5220,萬達光電,TPEx,22.0,2.0,,,,,,,,,,,0.0,0.0,,0.0,,,,False,False,False,0.0,0.0,False,,,,False,,⚪ 不列入,未達標,0,0
5223,安力-KY,TPEx,23.0,0.35,,,,,,,,,,,0.0,0.0,,0.0,,,,False,False,False,0.0,0.0,False,,,,False,,⚪ 不列入,未達標,0,0
5227,立凱-KY,TPEx,30.65,0.55,,,,,,,,,,,0.0,0.0,,0.0,,,,False,False,False,0.0,0.0,False,,,,False,,⚪ 不列入,未達標,0,0
5228,鈺鎧,TPEx,39.35,-0.4,,,,,,,,,,,0.0,0.0,,0.0,,,,False,False,False,0.0,0.0,False,,,,False,,⚪ 不列入,未達標,0,0
5230,雷笛克光學,TPEx,22.15,-1.15,,,,,,,,,,,0.0,0.0,,0.0,,,,False,False,False,0.0,0.0,False,,,,False,,⚪ 不列入,未達標,0,0
5245,智晶,TPEx,20.6,-0.4,,,,,,,,,,,0.0,0.0,,0.0,,,,False,False,False,0.0,0.0,False,,,,False,,⚪ 不列入,未達標,0,0
5251,天鉞電,TPEx,30.0,-0.55,,,,,,,,,,,0.0,0.0,,0.0,,,,False,False,False,0.0,0.0,False,,,,False,,⚪ 不列入,未達標,0,0
5263,智崴,TPEx,89.6,-0.5,,,,,,,,,,,0.0,0.0,,0.0,,,,False,False,False,0.0,0.0,False,,,,False,,⚪ 不列入,未達標,0,0
5272,笙科,TPEx,17.15,-0.05,,,,,,,,,,,0.0,0.0,,0.0,,,,False,False,False,0.0,0.0,False,,,,False,,⚪ 不列入,未達標,0,0
5274,信驊,TPEx,19395.0,-440.0,,,,,,,,,,,0.0,0.0,,0.0,,,,False,False,False,0.0,0.0,False,,,,False,,⚪ 不列入,未達標,0,0
5278,尚凡*,TPEx,23.9,0.4,,,,,,,,,,,0.0,0.0,,0.0,,,,False,False,False,0.0,0.0,False,,,,False,,⚪ 不列入,未達標,0,0
5287,數字,TPEx,137.5,0.5,,,,,,,,,,,0.0,0.0,,0.0,,,,False,False,False,0.0,0.0,False,,,,False,,⚪ 不列入,未達標,0,0
5289,宜鼎,TPEx,1280.0,-25.0,,,,,,,,,,,0.0,0.0,,0.0,,,,False,False,False,0.0,0.0,False,,,,False,,⚪ 不列入,未達標,0,0
5291,邑昇,TPEx,58.8,1.5,,,,,,,,,,,0.0,0.0,,0.0,,,,False,False,False,0.0,0.0,False,,,,False,,⚪ 不列入,未達標,0,0
5299,杰力,TPEx,100.0,-1.5,,,,,,,,,,,0.0,0.0,,0.0,,,,False,False,False,0.0,0.0,False,,,,False,,⚪ 不列入,未達標,0,0
5301,寶得利,TPEx,4.99,0.03,,,,,,,,,,,0.0,0.0,,0.0,,,,False,False,False,0.0,0.0,False,,,,False,,⚪ 不列入,未達標,0,0
5302,太欣,TPEx,9.72,-0.08,,,,,,,,,,,0.0,0.0,,0.0,,,,False,False,False,0.0,0.0,False,,,,False,,⚪ 不列入,未達標,0,0
5309,系統電,TPEx,59.1,5.3,,,,,,,,,,,0.0,0.0,,0.0,,,,False,False,False,0.0,0.0,False,,,,False,,⚪ 不列入,未達標,0,0
5310,天剛,TPEx,29.0,1.05,,,,,,,,,,,0.0,0.0,,0.0,,,,False,False,False,0.0,0.0,False,,,,False,,⚪ 不列入,未達標,0,0
5312,寶島科,TPEx,89.9,-0.6,,,,,,,,,,,0.0,0.0,,0.0,,,,False,False,False,0.0,0.0,False,,,,False,,⚪ 不列入,未達標,0,0
5314,世紀*,TPEx,27.45,1.05,,,,,,,,,,,0.0,0.0,,0.0,,,,False,False,False,0.0,0.0,False,,,,False,,⚪ 不列入,未達標,0,0
5315,光聯,TPEx,18.7,-0.15,,,,,,,,,,,0.0,0.0,,0.0,,,,False,False,False,0.0,0.0,False,,,,False,,⚪ 不列入,未達標,0,0
5321,美而快,TPEx,67.5,-2.2,,,,,,,,,,,0.0,0.0,,0.0,,,,False,False,False,0.0,0.0,False,,,,False,,⚪ 不列入,未達標,0,0
5324,士開,TPEx,12.4,-0.05,,,,,,,,,,,0.0,0.0,,0.0,,,,False,False,False,0.0,0.0,False,,,,False,,⚪ 不列入,未達標,0,0
5328,華容,TPEx,52.3,-0.2,,,,,,,,,,,0.0,0.0,,0.0,,,,False,False,False,0.0,0.0,False,,,,False,,⚪ 不列入,未達標,0,0
5340,建榮,TPEx,80.5,-0.8,,,,,,,,,,,0.0,0.0,,0.0,,,,False,False,False,0.0,0.0,False,,,,False,,⚪ 不列入,未達標,0,0
5344,立衛,TPEx,13.35,-0.25,,,,,,,,,,,0.0,0.0,,0.0,,,,False,False,False,0.0,0.0,False,,,,False,,⚪ 不列入,未達標,0,0
5345,馥鴻,TPEx,22.0,0.35,,,,,,,,,,,0.0,0.0,,0.0,,,,False,False,False,0.0,0.0,False,,,,False,,⚪ 不列入,未達標,0,0
5347,世界,TPEx,178.5,8.0,,,,,,,,,,,0.0,0.0,,0.0,,,,False,False,False,0.0,0.0,False,,,,False,,⚪ 不列入,未達標,0,0
5348,正能量智能,TPEx,16.35,0.1,,,,,,,,,,,0.0,0.0,,0.0,,,,False,False,False,0.0,0.0,False,,,,False,,⚪ 不列入,未達標,0,0
5351,鈺創,TPEx,109.5,1.5,,,,,,,,,,,0.0,0.0,,0.0,,,,False,False,False,0.0,0.0,False,,,,False,,⚪ 不列入,未達標,0,0
5353,台林,TPEx,28.45,0.3,,,,,,,,,,,0.0,0.0,,0.0,,,,False,False,False,0.0,0.0,False,,,,False,,⚪ 不列入,未達標,0,0
5355,佳總,TPEx,7.0,0.2,,,,,,,,,,,0.0,0.0,,0.0,,,,False,False,False,0.0,0.0,False,,,,False,,⚪ 不列入,未達標,0,0
5356,協益,TPEx,25.5,-0.35,,,,,,,,,,,0.0,0.0,,0.0,,,,False,False,False,0.0,0.0,False,,,,False,,⚪ 不列入,未達標,0,0
5364,力麗店,TPEx,8.35,0.02,,,,,,,,,,,0.0,0.0,,0.0,,,,False,False,False,0.0,0.0,False,,,,False,,⚪ 不列入,未達標,0,0
5381,光譜,TPEx,23.2,-0.05,,,,,,,,,,,0.0,0.0,,0.0,,,,False,False,False,0.0,0.0,False,,,,False,,⚪ 不列入,未達標,0,0
5386,青雲,TPEx,285.0,0.0,,,,,,,,,,,0.0,0.0,,0.0,,,,False,False,False,0.0,0.0,False,,,,False,,⚪ 不列入,未達標,0,0
5392,能率,TPEx,39.4,0.05,,,,,,,,,,,0.0,0.0,,0.0,,,,False,False,False,0.0,0.0,False,,,,False,,⚪ 不列入,未達標,0,0
5398,慕康生醫,TPEx,13.9,0.0,,,,,,,,,,,0.0,0.0,,0.0,,,,False,False,False,0.0,0.0,False,,,,False,,⚪ 不列入,未達標,0,0
5403,中菲,TPEx,92.9,-0.1,,,,,,,,,,,0.0,0.0,,0.0,,,,False,False,False,0.0,0.0,False,,,,False,,⚪ 不列入,未達標,0,0
5410,國眾,TPEx,33.2,0.2,,,,,,,,,,,0.0,0.0,,0.0,,,,False,False,False,0.0,0.0,False,,,,False,,⚪ 不列入,未達標,0,0
5425,台半,TPEx,95.8,1.3,,,,,,,,,,,0.0,0.0,,0.0,,,,False,False,False,0.0,0.0,False,,,,False,,⚪ 不列入,未達標,0,0
5426,振發,TPEx,27.8,-0.1,,,,,,,,,,,0.0,0.0,,0.0,,,,False,False,False,0.0,0.0,False,,,,False,,⚪ 不列入,未達標,0,0
5432,新門,TPEx,160.5,-7.0,,,,,,,,,,,0.0,0.0,,0.0,,,,False,False,False,0.0,0.0,False,,,,False,,⚪ 不列入,未達標,0,0
5438,東友,TPEx,17.0,-0.1,,,,,,,,,,,0.0,0.0,,0.0,,,,False,False,False,0.0,0.0,False,,,,False,,⚪ 不列入,未達標,0,0
5439,高技,TPEx,253.0,0.0,,,,,,,,,,,0.0,0.0,,0.0,,,,False,False,False,0.0,0.0,False,,,,False,,⚪ 不列入,未達標,0,0
5443,均豪,TPEx,109.5,2.5,,,,,,,,,,,0.0,0.0,,0.0,,,,False,False,False,0.0,0.0,False,,,,False,,⚪ 不列入,未達標,0,0
5450,南良,TPEx,14.75,-0.1,,,,,,,,,,,0.0,0.0,,0.0,,,,False,False,False,0.0,0.0,False,,,,False,,⚪ 不列入,未達標,0,0
5452,佶優,TPEx,27.15,-0.35,,,,,,,,,,,0.0,0.0,,0.0,,,,False,False,False,0.0,0.0,False,,,,False,,⚪ 不列入,未達標,0,0
5455,昇益,TPEx,30.7,0.15,,,,,,,,,,,0.0,0.0,,0.0,,,,False,False,False,0.0,0.0,False,,,,False,,⚪ 不列入,未達標,0,0
5457,宣德,TPEx,23.5,-0.35,,,,,,,,,,,0.0,0.0,,0.0,,,,False,False,False,0.0,0.0,False,,,,False,,⚪ 不列入,未達標,0,0
5460,同協,TPEx,16.9,0.05,,,,,,,,,,,0.0,0.0,,0.0,,,,False,False,False,0.0,0.0,False,,,,False,,⚪ 不列入,未達標,0,0
5464,霖宏,TPEx,90.0,1.1,,,,,,,,,,,0.0,0.0,,0.0,,,,False,False,False,0.0,0.0,False,,,,False,,⚪ 不列入,未達標,0,0
5465,富驊,TPEx,34.7,0.5,,,,,,,,,,,0.0,0.0,,0.0,,,,False,False,False,0.0,0.0,False,,,,False,,⚪ 不列入,未達標,0,0
5468,凱鈺,TPEx,25.55,1.0,,,,,,,,,,,0.0,0.0,,0.0,,,,False,False,False,0.0,0.0,False,,,,False,,⚪ 不列入,未達標,0,0
5474,聰泰,TPEx,158.0,-3.0,,,,,,,,,,,0.0,0.0,,0.0,,,,False,False,False,0.0,0.0,False,,,,False,,⚪ 不列入,未達標,0,0
5475,德宏,TPEx,180.5,-0.5,,,,,,,,,,,0.0,0.0,,0.0,,,,False,False,False,0.0,0.0,False,,,,False,,⚪ 不列入,未達標,0,0
5478,智冠,TPEx,97.0,0.0,,,,,,,,,,,0.0,0.0,,0.0,,,,False,False,False,0.0,0.0,False,,,,False,,⚪ 不列入,未達標,0,0
5481,新華,TPEx,22.0,0.1,,,,,,,,,,,0.0,0.0,,0.0,,,,False,False,False,0.0,0.0,False,,,,False,,⚪ 不列入,未達標,0,0
5483,中美晶,TPEx,189.0,0.5,,,,,,,,,,,0.0,0.0,,0.0,,,,False,False,False,0.0,0.0,False,,,,False,,⚪ 不列入,未達標,0,0
5487,通泰,TPEx,28.5,-0.35,,,,,,,,,,,0.0,0.0,,0.0,,,,False,False,False,0.0,0.0,False,,,,False,,⚪ 不列入,未達標,0,0
5488,松普,TPEx,11.75,-0.1,,,,,,,,,,,0.0,0.0,,0.0,,,,False,False,False,0.0,0.0,False,,,,False,,⚪ 不列入,未達標,0,0
5489,彩富,TPEx,42.2,-1.8,,,,,,,,,,,0.0,0.0,,0.0,,,,False,False,False,0.0,0.0,False,,,,False,,⚪ 不列入,未達標,0,0
5490,同亨,TPEx,25.45,0.0,,,,,,,,,,,0.0,0.0,,0.0,,,,False,False,False,0.0,0.0,False,,,,False,,⚪ 不列入,未達標,0,0
5493,三聯,TPEx,90.6,-2.2,,,,,,,,,,,0.0,0.0,,0.0,,,,False,False,False,0.0,0.0,False,,,,False,,⚪ 不列入,未達標,0,0
5498,凱崴,TPEx,49.85,-0.25,,,,,,,,,,,0.0,0.0,,0.0,,,,False,False,False,0.0,0.0,False,,,,False,,⚪ 不列入,未達標,0,0
5508,永信建,TPEx,53.0,-0.2,,,,,,,,,,,0.0,0.0,,0.0,,,,False,False,False,0.0,0.0,False,,,,False,,⚪ 不列入,未達標,0,0
5511,德昌,TPEx,69.7,-0.4,,,,,,,,,,,0.0,0.0,,0.0,,,,False,False,False,0.0,0.0,False,,,,False,,⚪ 不列入,未達標,0,0
5512,力麒,TPEx,7.7,-0.01,,,,,,,,,,,0.0,0.0,,0.0,,,,False,False,False,0.0,0.0,False,,,,False,,⚪ 不列入,未達標,0,0
5514,三豐,TPEx,15.1,0.2,,,,,,,,,,,0.0,0.0,,0.0,,,,False,False,False,0.0,0.0,False,,,,False,,⚪ 不列入,未達標,0,0
5516,雙喜,TPEx,12.0,-0.35,,,,,,,,,,,0.0,0.0,,0.0,,,,False,False,False,0.0,0.0,False,,,,False,,⚪ 不列入,未達標,0,0
5520,力泰,TPEx,83.2,0.0,,,,,,,,,,,0.0,0.0,,0.0,,,,False,False,False,0.0,0.0,False,,,,False,,⚪ 不列入,未達標,0,0
5523,豐謙,TPEx,30.35,0.0,,,,,,,,,,,0.0,0.0,,0.0,,,,False,False,False,0.0,0.0,False,,,,False,,⚪ 不列入,未達標,0,0
5529,鉅陞,TPEx,26.5,0.25,,,,,,,,,,,0.0,0.0,,0.0,,,,False,False,False,0.0,0.0,False,,,,False,,⚪ 不列入,未達標,0,0
5530,龍巖,TPEx,48.75,-0.1,,,,,,,,,,,0.0,0.0,,0.0,,,,False,False,False,0.0,0.0,False,,,,False,,⚪ 不列入,未達標,0,0
5536,聖暉*,TPEx,902.0,0.0,,,,,,,,,,,0.0,0.0,,0.0,,,,False,False,False,0.0,0.0,False,,,,False,,⚪ 不列入,未達標,0,0
5543,桓鼎-KY,TPEx,26.95,-0.05,,,,,,,,,,,0.0,0.0,,0.0,,,,False,False,False,0.0,0.0,False,,,,False,,⚪ 不列入,未達標,0,0
5547,久舜,TPEx,20.0,0.1,,,,,,,,,,,0.0,0.0,,0.0,,,,False,False,False,0.0,0.0,False,,,,False,,⚪ 不列入,未達標,0,0
5548,安倉,TPEx,20.2,0.0,,,,,,,,,,,0.0,0.0,,0.0,,,,False,False,False,0.0,0.0,False,,,,False,,⚪ 不列入,未達標,0,0
5601,台聯櫃,TPEx,28.9,-0.1,,,,,,,,,,,0.0,0.0,,0.0,,,,False,False,False,0.0,0.0,False,,,,False,,⚪ 不列入,未達標,0,0
5603,陸海,TPEx,13.4,-0.15,,,,,,,,,,,0.0,0.0,,0.0,,,,False,False,False,0.0,0.0,False,,,,False,,⚪ 不列入,未達標,0,0
5604,中連,TPEx,30.95,-0.25,,,,,,,,,,,0.0,0.0,,0.0,,,,False,False,False,0.0,0.0,False,,,,False,,⚪ 不列入,未達標,0,0
5609,中菲行,TPEx,78.2,-0.4,,,,,,,,,,,0.0,0.0,,0.0,,,,False,False,False,0.0,0.0,False,,,,False,,⚪ 不列入,未達標,0,0
5701,劍湖山,TPEx,4.07,-0.08,,,,,,,,,,,0.0,0.0,,0.0,,,,False,False,False,0.0,0.0,False,,,,False,,⚪ 不列入,未達標,0,0
5704,老爺知,TPEx,22.5,-0.1,,,,,,,,,,,0.0,0.0,,0.0,,,,False,False,False,0.0,0.0,False,,,,False,,⚪ 不列入,未達標,0,0
5864,致和證,TPEx,36.9,0.1,,,,,,,,,,,0.0,0.0,,0.0,,,,False,False,False,0.0,0.0,False,,,,False,,⚪ 不列入,未達標,0,0
5878,台名,TPEx,37.9,-0.2,,,,,,,,,,,0.0,0.0,,0.0,,,,False,False,False,0.0,0.0,False,,,,False,,⚪ 不列入,未達標,0,0
5902,德記,TPEx,34.2,-0.05,,,,,,,,,,,0.0,0.0,,0.0,,,,False,False,False,0.0,0.0,False,,,,False,,⚪ 不列入,未達標,0,0
5903,全家,TPEx,186.5,-0.5,,,,,,,,,,,0.0,0.0,,0.0,,,,False,False,False,0.0,0.0,False,,,,False,,⚪ 不列入,未達標,0,0
5904,寶雅*,TPEx,68.8,-0.5,,,,,,,,,,,0.0,0.0,,0.0,,,,False,False,False,0.0,0.0,False,,,,False,,⚪ 不列入,未達標,0,0
5905,南仁湖,TPEx,7.4,0.14,,,,,,,,,,,0.0,0.0,,0.0,,,,False,False,False,0.0,0.0,False,,,,False,,⚪ 不列入,未達標,0,0
6015,宏遠證,TPEx,17.4,-0.2,,,,,,,,,,,0.0,0.0,,0.0,,,,False,False,False,0.0,0.0,False,,,,False,,⚪ 不列入,未達標,0,0
6016,康和證,TPEx,23.5,-0.1,,,,,,,,,,,0.0,0.0,,0.0,,,,False,False,False,0.0,0.0,False,,,,False,,⚪ 不列入,未達標,0,0
6020,大展證,TPEx,20.5,0.0,,,,,,,,,,,0.0,0.0,,0.0,,,,False,False,False,0.0,0.0,False,,,,False,,⚪ 不列入,未達標,0,0
6021,美好證,TPEx,41.1,-0.7,,,,,,,,,,,0.0,0.0,,0.0,,,,False,False,False,0.0,0.0,False,,,,False,,⚪ 不列入,未達標,0,0
6023,元大期,TPEx,86.0,-0.4,,,,,,,,,,,0.0,0.0,,0.0,,,,False,False,False,0.0,0.0,False,,,,False,,⚪ 不列入,未達標,0,0
6026,福邦證,TPEx,15.9,0.05,,,,,,,,,,,0.0,0.0,,0.0,,,,False,False,False,0.0,0.0,False,,,,False,,⚪ 不列入,未達標,0,0
6028,公勝保經,TPEx,98.8,-0.4,,,,,,,,,,,0.0,0.0,,0.0,,,,False,False,False,0.0,0.0,False,,,,False,,⚪ 不列入,未達標,0,0
6101,寬魚國際,TPEx,37.25,-0.7,,,,,,,,,,,0.0,0.0,,0.0,,,,False,False,False,0.0,0.0,False,,,,False,,⚪ 不列入,未達標,0,0
6103,合邦,TPEx,41.8,0.9,,,,,,,,,,,0.0,0.0,,0.0,,,,False,False,False,0.0,0.0,False,,,,False,,⚪ 不列入,未達標,0,0
6104,創惟,TPEx,91.0,1.0,,,,,,,,,,,0.0,0.0,,0.0,,,,False,False,False,0.0,0.0,False,,,,False,,⚪ 不列入,未達標,0,0
6109,亞元,TPEx,10.35,-0.1,,,,,,,,,,,0.0,0.0,,0.0,,,,False,False,False,0.0,0.0,False,,,,False,,⚪ 不列入,未達標,0,0
6111,光聚晶電,TPEx,37.8,0.75,,,,,,,,,,,0.0,0.0,,0.0,,,,False,False,False,0.0,0.0,False,,,,False,,⚪ 不列入,未達標,0,0
6113,亞矽,TPEx,22.15,-0.05,,,,,,,,,,,0.0,0.0,,0.0,,,,False,False,False,0.0,0.0,False,,,,False,,⚪ 不列入,未達標,0,0
6114,久威,TPEx,23.25,-0.05,,,,,,,,,,,0.0,0.0,,0.0,,,,False,False,False,0.0,0.0,False,,,,False,,⚪ 不列入,未達標,0,0
6118,建達,TPEx,15.95,-0.05,,,,,,,,,,,0.0,0.0,,0.0,,,,False,False,False,0.0,0.0,False,,,,False,,⚪ 不列入,未達標,0,0
6121,新普,TPEx,379.5,3.5,,,,,,,,,,,0.0,0.0,,0.0,,,,False,False,False,0.0,0.0,False,,,,False,,⚪ 不列入,未達標,0,0
6122,擎邦,TPEx,59.7,1.5,,,,,,,,,,,0.0,0.0,,0.0,,,,False,False,False,0.0,0.0,False,,,,False,,⚪ 不列入,未達標,0,0
6123,上奇,TPEx,43.2,0.35,,,,,,,,,,,0.0,0.0,,0.0,,,,False,False,False,0.0,0.0,False,,,,False,,⚪ 不列入,未達標,0,0
6124,業強,TPEx,27.45,0.0,,,,,,,,,,,0.0,0.0,,0.0,,,,False,False,False,0.0,0.0,False,,,,False,,⚪ 不列入,未達標,0,0
6125,廣運,TPEx,49.25,0.65,,,,,,,,,,,0.0,0.0,,0.0,,,,False,False,False,0.0,0.0,False,,,,False,,⚪ 不列入,未達標,0,0
6126,信音,TPEx,30.8,0.1,,,,,,,,,,,0.0,0.0,,0.0,,,,False,False,False,0.0,0.0,False,,,,False,,⚪ 不列入,未達標,0,0
6127,九豪,TPEx,51.0,3.2,,,,,,,,,,,0.0,0.0,,0.0,,,,False,False,False,0.0,0.0,False,,,,False,,⚪ 不列入,未達標,0,0
6129,普誠,TPEx,14.65,-0.1,,,,,,,,,,,0.0,0.0,,0.0,,,,False,False,False,0.0,0.0,False,,,,False,,⚪ 不列入,未達標,0,0
6130,上亞科技,TPEx,23.8,0.4,,,,,,,,,,,0.0,0.0,,0.0,,,,False,False,False,0.0,0.0,False,,,,False,,⚪ 不列入,未達標,0,0
6134,萬旭,TPEx,29.25,0.05,,,,,,,,,,,0.0,0.0,,0.0,,,,False,False,False,0.0,0.0,False,,,,False,,⚪ 不列入,未達標,0,0
6138,茂達,TPEx,278.5,-0.5,,,,,,,,,,,0.0,0.0,,0.0,,,,False,False,False,0.0,0.0,False,,,,False,,⚪ 不列入,未達標,0,0
6140,訊達,TPEx,20.75,-0.45,,,,,,,,,,,0.0,0.0,,0.0,,,,False,False,False,0.0,0.0,False,,,,False,,⚪ 不列入,未達標,0,0
6143,振曜,TPEx,81.0,-0.5,,,,,,,,,,,0.0,0.0,,0.0,,,,False,False,False,0.0,0.0,False,,,,False,,⚪ 不列入,未達標,0,0
6144,得利影,TPEx,12.55,0.0,,,,,,,,,,,0.0,0.0,,0.0,,,,False,False,False,0.0,0.0,False,,,,False,,⚪ 不列入,未達標,0,0
6146,耕興,TPEx,180.0,-1.0,,,,,,,,,,,0.0,0.0,,0.0,,,,False,False,False,0.0,0.0,False,,,,False,,⚪ 不列入,未達標,0,0
6147,頎邦,TPEx,208.5,-5.0,,,,,,,,,,,0.0,0.0,,0.0,,,,False,False,False,0.0,0.0,False,,,,False,,⚪ 不列入,未達標,0,0
6148,驊宏資,TPEx,38.5,-0.7,,,,,,,,,,,0.0,0.0,,0.0,,,,False,False,False,0.0,0.0,False,,,,False,,⚪ 不列入,未達標,0,0
6150,撼訊,TPEx,62.1,1.2,,,,,,,,,,,0.0,0.0,,0.0,,,,False,False,False,0.0,0.0,False,,,,False,,⚪ 不列入,未達標,0,0
6151,晉倫,TPEx,34.75,-0.25,,,,,,,,,,,0.0,0.0,,0.0,,,,False,False,False,0.0,0.0,False,,,,False,,⚪ 不列入,未達標,0,0
6154,順發,TPEx,14.15,-0.05,,,,,,,,,,,0.0,0.0,,0.0,,,,False,False,False,0.0,0.0,False,,,,False,,⚪ 不列入,未達標,0,0
6156,松上,TPEx,21.65,0.65,,,,,,,,,,,0.0,0.0,,0.0,,,,False,False,False,0.0,0.0,False,,,,False,,⚪ 不列入,未達標,0,0
6158,禾昌,TPEx,17.25,-0.1,,,,,,,,,,,0.0,0.0,,0.0,,,,False,False,False,0.0,0.0,False,,,,False,,⚪ 不列入,未達標,0,0
6160,欣技,TPEx,13.9,0.0,,,,,,,,,,,0.0,0.0,,0.0,,,,False,False,False,0.0,0.0,False,,,,False,,⚪ 不列入,未達標,0,0
6161,捷波,TPEx,49.0,-0.15,,,,,,,,,,,0.0,0.0,,0.0,,,,False,False,False,0.0,0.0,False,,,,False,,⚪ 不列入,未達標,0,0
6163,華電網,TPEx,41.5,0.1,,,,,,,,,,,0.0,0.0,,0.0,,,,False,False,False,0.0,0.0,False,,,,False,,⚪ 不列入,未達標,0,0
6167,久正,TPEx,10.2,-0.15,,,,,,,,,,,0.0,0.0,,0.0,,,,False,False,False,0.0,0.0,False,,,,False,,⚪ 不列入,未達標,0,0
6169,昱泉,TPEx,12.0,-0.1,,,,,,,,,,,0.0,0.0,,0.0,,,,False,False,False,0.0,0.0,False,,,,False,,⚪ 不列入,未達標,0,0
6170,統振,TPEx,48.8,0.4,,,,,,,,,,,0.0,0.0,,0.0,,,,False,False,False,0.0,0.0,False,,,,False,,⚪ 不列入,未達標,0,0
6171,大城地產,TPEx,26.6,0.2,,,,,,,,,,,0.0,0.0,,0.0,,,,False,False,False,0.0,0.0,False,,,,False,,⚪ 不列入,未達標,0,0
6173,信昌電,TPEx,297.5,-9.0,,,,,,,,,,,0.0,0.0,,0.0,,,,False,False,False,0.0,0.0,False,,,,False,,⚪ 不列入,未達標,0,0
6174,安碁,TPEx,45.05,0.1,,,,,,,,,,,0.0,0.0,,0.0,,,,False,False,False,0.0,0.0,False,,,,False,,⚪ 不列入,未達標,0,0
6175,立敦,TPEx,69.2,-0.5,,,,,,,,,,,0.0,0.0,,0.0,,,,False,False,False,0.0,0.0,False,,,,False,,⚪ 不列入,未達標,0,0
6179,亞通,TPEx,37.45,0.85,,,,,,,,,,,0.0,0.0,,0.0,,,,False,False,False,0.0,0.0,False,,,,False,,⚪ 不列入,未達標,0,0
6180,橘子,TPEx,41.1,0.5,,,,,,,,,,,0.0,0.0,,0.0,,,,False,False,False,0.0,0.0,False,,,,False,,⚪ 不列入,未達標,0,0
6182,合晶,TPEx,121.0,0.5,,,,,,,,,,,0.0,0.0,,0.0,,,,False,False,False,0.0,0.0,False,,,,False,,⚪ 不列入,未達標,0,0
6185,幃翔,TPEx,12.35,-0.1,,,,,,,,,,,0.0,0.0,,0.0,,,,False,False,False,0.0,0.0,False,,,,False,,⚪ 不列入,未達標,0,0
6186,新潤,TPEx,29.0,0.0,,,,,,,,,,,0.0,0.0,,0.0,,,,False,False,False,0.0,0.0,False,,,,False,,⚪ 不列入,未達標,0,0
6187,萬潤,TPEx,1310.0,115.0,,,,,,,,,,,0.0,0.0,,0.0,,,,False,False,False,0.0,0.0,False,,,,False,,⚪ 不列入,未達標,0,0
6188,廣明,TPEx,61.6,-0.4,,,,,,,,,,,0.0,0.0,,0.0,,,,False,False,False,0.0,0.0,False,,,,False,,⚪ 不列入,未達標,0,0
6190,萬泰科,TPEx,69.3,0.7,,,,,,,,,,,0.0,0.0,,0.0,,,,False,False,False,0.0,0.0,False,,,,False,,⚪ 不列入,未達標,0,0
6194,育富,TPEx,29.6,-0.95,,,,,,,,,,,0.0,0.0,,0.0,,,,False,False,False,0.0,0.0,False,,,,False,,⚪ 不列入,未達標,0,0
6195,詩肯,TPEx,28.3,0.2,,,,,,,,,,,0.0,0.0,,0.0,,,,False,False,False,0.0,0.0,False,,,,False,,⚪ 不列入,未達標,0,0
6199,天品,TPEx,126.0,2.0,,,,,,,,,,,0.0,0.0,,0.0,,,,False,False,False,0.0,0.0,False,,,,False,,⚪ 不列入,未達標,0,0
6203,海韻電,TPEx,59.9,0.3,,,,,,,,,,,0.0,0.0,,0.0,,,,False,False,False,0.0,0.0,False,,,,False,,⚪ 不列入,未達標,0,0
6204,艾華,TPEx,103.0,-4.5,,,,,,,,,,,0.0,0.0,,0.0,,,,False,False,False,0.0,0.0,False,,,,False,,⚪ 不列入,未達標,0,0
6207,雷科,TPEx,137.5,12.5,,,,,,,,,,,0.0,0.0,,0.0,,,,False,False,False,0.0,0.0,False,,,,False,,⚪ 不列入,未達標,0,0
6208,日揚,TPEx,74.6,0.3,,,,,,,,,,,0.0,0.0,,0.0,,,,False,False,False,0.0,0.0,False,,,,False,,⚪ 不列入,未達標,0,0
6210,慶生,TPEx,17.75,-0.05,,,,,,,,,,,0.0,0.0,,0.0,,,,False,False,False,0.0,0.0,False,,,,False,,⚪ 不列入,未達標,0,0
6212,理銘,TPEx,33.65,1.55,,,,,,,,,,,0.0,0.0,,0.0,,,,False,False,False,0.0,0.0,False,,,,False,,⚪ 不列入,未達標,0,0
6217,中探針,TPEx,173.0,3.0,,,,,,,,,,,0.0,0.0,,0.0,,,,False,False,False,0.0,0.0,False,,,,False,,⚪ 不列入,未達標,0,0
6218,豪勉,TPEx,63.2,-0.4,,,,,,,,,,,0.0,0.0,,0.0,,,,False,False,False,0.0,0.0,False,,,,False,,⚪ 不列入,未達標,0,0
6219,富旺,TPEx,12.15,0.1,,,,,,,,,,,0.0,0.0,,0.0,,,,False,False,False,0.0,0.0,False,,,,False,,⚪ 不列入,未達標,0,0
6220,岳豐,TPEx,25.25,0.0,,,,,,,,,,,0.0,0.0,,0.0,,,,False,False,False,0.0,0.0,False,,,,False,,⚪ 不列入,未達標,0,0
6221,晉泰,TPEx,32.85,0.65,,,,,,,,,,,0.0,0.0,,0.0,,,,False,False,False,0.0,0.0,False,,,,False,,⚪ 不列入,未達標,0,0
6222,立軒,TPEx,18.8,0.4,,,,,,,,,,,0.0,0.0,,0.0,,,,False,False,False,0.0,0.0,False,,,,False,,⚪ 不列入,未達標,0,0
6223,旺矽,TPEx,5185.0,-230.0,,,,,,,,,,,0.0,0.0,,0.0,,,,False,False,False,0.0,0.0,False,,,,False,,⚪ 不列入,未達標,0,0
6227,茂綸,TPEx,136.0,0.5,,,,,,,,,,,0.0,0.0,,0.0,,,,False,False,False,0.0,0.0,False,,,,False,,⚪ 不列入,未達標,0,0
6228,全譜,TPEx,19.8,1.1,,,,,,,,,,,0.0,0.0,,0.0,,,,False,False,False,0.0,0.0,False,,,,False,,⚪ 不列入,未達標,0,0
6229,研通,TPEx,24.0,0.3,,,,,,,,,,,0.0,0.0,,0.0,,,,False,False,False,0.0,0.0,False,,,,False,,⚪ 不列入,未達標,0,0
6231,系微,TPEx,241.0,6.0,,,,,,,,,,,0.0,0.0,,0.0,,,,False,False,False,0.0,0.0,False,,,,False,,⚪ 不列入,未達標,0,0
6233,旺玖,TPEx,21.8,0.45,,,,,,,,,,,0.0,0.0,,0.0,,,,False,False,False,0.0,0.0,False,,,,False,,⚪ 不列入,未達標,0,0
6234,高僑,TPEx,38.9,1.05,,,,,,,,,,,0.0,0.0,,0.0,,,,False,False,False,0.0,0.0,False,,,,False,,⚪ 不列入,未達標,0,0
6236,中湛,TPEx,18.45,0.6,,,,,,,,,,,0.0,0.0,,0.0,,,,False,False,False,0.0,0.0,False,,,,False,,⚪ 不列入,未達標,0,0
6237,驊訊,TPEx,36.2,-0.8,,,,,,,,,,,0.0,0.0,,0.0,,,,False,False,False,0.0,0.0,False,,,,False,,⚪ 不列入,未達標,0,0
6240,松崗,TPEx,25.5,-0.7,,,,,,,,,,,0.0,0.0,,0.0,,,,False,False,False,0.0,0.0,False,,,,False,,⚪ 不列入,未達標,0,0
6241,鑫永洋,TPEx,15.55,0.1,,,,,,,,,,,0.0,0.0,,0.0,,,,False,False,False,0.0,0.0,False,,,,False,,⚪ 不列入,未達標,0,0
6242,立康,TPEx,34.1,0.0,,,,,,,,,,,0.0,0.0,,0.0,,,,False,False,False,0.0,0.0,False,,,,False,,⚪ 不列入,未達標,0,0
6244,茂迪,TPEx,23.5,-0.05,,,,,,,,,,,0.0,0.0,,0.0,,,,False,False,False,0.0,0.0,False,,,,False,,⚪ 不列入,未達標,0,0
6245,立端,TPEx,88.7,3.0,,,,,,,,,,,0.0,0.0,,0.0,,,,False,False,False,0.0,0.0,False,,,,False,,⚪ 不列入,未達標,0,0
6246,臺龍,TPEx,12.9,0.1,,,,,,,,,,,0.0,0.0,,0.0,,,,False,False,False,0.0,0.0,False,,,,False,,⚪ 不列入,未達標,0,0
6248,沛波,TPEx,16.85,0.05,,,,,,,,,,,0.0,0.0,,0.0,,,,False,False,False,0.0,0.0,False,,,,False,,⚪ 不列入,未達標,0,0
6259,百徽,TPEx,29.3,0.15,,,,,,,,,,,0.0,0.0,,0.0,,,,False,False,False,0.0,0.0,False,,,,False,,⚪ 不列入,未達標,0,0
6261,久元,TPEx,78.4,0.1,,,,,,,,,,,0.0,0.0,,0.0,,,,False,False,False,0.0,0.0,False,,,,False,,⚪ 不列入,未達標,0,0
6263,普萊德,TPEx,155.5,-1.5,,,,,,,,,,,0.0,0.0,,0.0,,,,False,False,False,0.0,0.0,False,,,,False,,⚪ 不列入,未達標,0,0
6264,富裔,TPEx,6.01,0.0,,,,,,,,,,,0.0,0.0,,0.0,,,,False,False,False,0.0,0.0,False,,,,False,,⚪ 不列入,未達標,0,0
6265,方土昶,TPEx,47.8,-0.65,,,,,,,,,,,0.0,0.0,,0.0,,,,False,False,False,0.0,0.0,False,,,,False,,⚪ 不列入,未達標,0,0
6266,泰詠,TPEx,24.85,-0.05,,,,,,,,,,,0.0,0.0,,0.0,,,,False,False,False,0.0,0.0,False,,,,False,,⚪ 不列入,未達標,0,0
6270,倍微,TPEx,30.25,0.55,,,,,,,,,,,0.0,0.0,,0.0,,,,False,False,False,0.0,0.0,False,,,,False,,⚪ 不列入,未達標,0,0
6274,台燿,TPEx,1485.0,-10.0,,,,,,,,,,,0.0,0.0,,0.0,,,,False,False,False,0.0,0.0,False,,,,False,PCB／CCL／載板,⚪ 不列入,未達標,0,0
6275,元山,TPEx,46.55,0.65,,,,,,,,,,,0.0,0.0,,0.0,,,,False,False,False,0.0,0.0,False,,,,False,,⚪ 不列入,未達標,0,0
6276,安鈦克,TPEx,19.45,-0.2,,,,,,,,,,,0.0,0.0,,0.0,,,,False,False,False,0.0,0.0,False,,,,False,,⚪ 不列入,未達標,0,0
6279,胡連,TPEx,111.5,-1.0,,,,,,,,,,,0.0,0.0,,0.0,,,,False,False,False,0.0,0.0,False,,,,False,,⚪ 不列入,未達標,0,0
6284,佳邦,TPEx,77.0,2.7,,,,,,,,,,,0.0,0.0,,0.0,,,,False,False,False,0.0,0.0,False,,,,False,,⚪ 不列入,未達標,0,0
6290,良維,TPEx,269.5,-4.5,,,,,,,,,,,0.0,0.0,,0.0,,,,False,False,False,0.0,0.0,False,,,,False,,⚪ 不列入,未達標,0,0
6291,沛亨,TPEx,499.0,15.0,,,,,,,,,,,0.0,0.0,,0.0,,,,False,False,False,0.0,0.0,False,,,,False,,⚪ 不列入,未達標,0,0
6292,迅德,TPEx,66.8,-0.2,,,,,,,,,,,0.0,0.0,,0.0,,,,False,False,False,0.0,0.0,False,,,,False,,⚪ 不列入,未達標,0,0
6294,智基,TPEx,28.25,-0.25,,,,,,,,,,,0.0,0.0,,0.0,,,,False,False,False,0.0,0.0,False,,,,False,,⚪ 不列入,未達標,0,0
6411,晶焱,TPEx,77.5,-0.6,,,,,,,,,,,0.0,0.0,,0.0,,,,False,False,False,0.0,0.0,False,,,,False,,⚪ 不列入,未達標,0,0
6417,韋僑,TPEx,102.0,0.0,,,,,,,,,,,0.0,0.0,,0.0,,,,False,False,False,0.0,0.0,False,,,,False,,⚪ 不列入,未達標,0,0
6418,詠昇,TPEx,34.6,0.05,,,,,,,,,,,0.0,0.0,,0.0,,,,False,False,False,0.0,0.0,False,,,,False,,⚪ 不列入,未達標,0,0
6419,京晨科,TPEx,152.0,3.0,,,,,,,,,,,0.0,0.0,,0.0,,,,False,False,False,0.0,0.0,False,,,,False,,⚪ 不列入,未達標,0,0
6423,億而得,TPEx,85.9,-0.9,,,,,,,,,,,0.0,0.0,,0.0,,,,False,False,False,0.0,0.0,False,,,,False,,⚪ 不列入,未達標,0,0
6425,易發,TPEx,74.0,2.9,,,,,,,,,,,0.0,0.0,,0.0,,,,False,False,False,0.0,0.0,False,,,,False,,⚪ 不列入,未達標,0,0
6432,今展科,TPEx,59.5,-0.9,,,,,,,,,,,0.0,0.0,,0.0,,,,False,False,False,0.0,0.0,False,,,,False,,⚪ 不列入,未達標,0,0
6435,大中,TPEx,252.5,-1.0,,,,,,,,,,,0.0,0.0,,0.0,,,,False,False,False,0.0,0.0,False,,,,False,,⚪ 不列入,未達標,0,0
6441,廣錠,TPEx,24.75,-0.15,,,,,,,,,,,0.0,0.0,,0.0,,,,False,False,False,0.0,0.0,False,,,,False,,⚪ 不列入,未達標,0,0
6461,益得,TPEx,24.3,0.5,,,,,,,,,,,0.0,0.0,,0.0,,,,False,False,False,0.0,0.0,False,,,,False,,⚪ 不列入,未達標,0,0
6462,神盾,TPEx,103.0,3.3,,,,,,,,,,,0.0,0.0,,0.0,,,,False,False,False,0.0,0.0,False,,,,False,,⚪ 不列入,未達標,0,0
6465,威潤,TPEx,41.45,-0.2,,,,,,,,,,,0.0,0.0,,0.0,,,,False,False,False,0.0,0.0,False,,,,False,,⚪ 不列入,未達標,0,0
6469,大樹,TPEx,64.5,0.3,,,,,,,,,,,0.0,0.0,,0.0,,,,False,False,False,0.0,0.0,False,,,,False,,⚪ 不列入,未達標,0,0
6470,宇智,TPEx,42.7,-0.3,,,,,,,,,,,0.0,0.0,,0.0,,,,False,False,False,0.0,0.0,False,,,,False,,⚪ 不列入,未達標,0,0
6474,華豫寧,TPEx,35.5,-0.05,,,,,,,,,,,0.0,0.0,,0.0,,,,False,False,False,0.0,0.0,False,,,,False,,⚪ 不列入,未達標,0,0
6482,弘煜科,TPEx,23.35,0.0,,,,,,,,,,,0.0,0.0,,0.0,,,,False,False,False,0.0,0.0,False,,,,False,,⚪ 不列入,未達標,0,0
6485,點序,TPEx,70.0,-0.1,,,,,,,,,,,0.0,0.0,,0.0,,,,False,False,False,0.0,0.0,False,,,,False,,⚪ 不列入,未達標,0,0
6486,互動,TPEx,80.6,0.0,,,,,,,,,,,0.0,0.0,,0.0,,,,False,False,False,0.0,0.0,False,,,,False,,⚪ 不列入,未達標,0,0
6488,環球晶,TPEx,945.0,-3.0,,,,,,,,,,,0.0,0.0,,0.0,,,,False,False,False,0.0,0.0,False,,,,False,,⚪ 不列入,未達標,0,0
6492,生華科,TPEx,34.15,-0.05,,,,,,,,,,,0.0,0.0,,0.0,,,,False,False,False,0.0,0.0,False,,,,False,,⚪ 不列入,未達標,0,0
6494,九齊,TPEx,50.8,-0.5,,,,,,,,,,,0.0,0.0,,0.0,,,,False,False,False,0.0,0.0,False,,,,False,,⚪ 不列入,未達標,0,0
6498,久禾光,TPEx,67.5,0.7,,,,,,,,,,,0.0,0.0,,0.0,,,,False,False,False,0.0,0.0,False,,,,False,,⚪ 不列入,未達標,0,0
6499,益安,TPEx,74.5,1.4,,,,,,,,,,,0.0,0.0,,0.0,,,,False,False,False,0.0,0.0,False,,,,False,,⚪ 不列入,未達標,0,0
6506,雙邦,TPEx,18.5,-0.1,,,,,,,,,,,0.0,0.0,,0.0,,,,False,False,False,0.0,0.0,False,,,,False,,⚪ 不列入,未達標,0,0
6508,惠光,TPEx,27.0,-0.35,,,,,,,,,,,0.0,0.0,,0.0,,,,False,False,False,0.0,0.0,False,,,,False,,⚪ 不列入,未達標,0,0
6509,聚和,TPEx,48.15,0.6,,,,,,,,,,,0.0,0.0,,0.0,,,,False,False,False,0.0,0.0,False,,,,False,,⚪ 不列入,未達標,0,0
6510,精測,TPEx,3140.0,-170.0,,,,,,,,,,,0.0,0.0,,0.0,,,,False,False,False,0.0,0.0,False,,,,False,,⚪ 不列入,未達標,0,0
6512,啟發電,TPEx,20.25,0.0,,,,,,,,,,,0.0,0.0,,0.0,,,,False,False,False,0.0,0.0,False,,,,False,,⚪ 不列入,未達標,0,0
6516,勤崴國際,TPEx,56.2,-0.8,,,,,,,,,,,0.0,0.0,,0.0,,,,False,False,False,0.0,0.0,False,,,,False,,⚪ 不列入,未達標,0,0
6517,保勝光學,TPEx,62.8,-0.3,,,,,,,,,,,0.0,0.0,,0.0,,,,False,False,False,0.0,0.0,False,,,,False,,⚪ 不列入,未達標,0,0
6523,達爾膚,TPEx,90.4,0.8,,,,,,,,,,,0.0,0.0,,0.0,,,,False,False,False,0.0,0.0,False,,,,False,,⚪ 不列入,未達標,0,0
6527,明達醫,TPEx,75.0,0.0,,,,,,,,,,,0.0,0.0,,0.0,,,,False,False,False,0.0,0.0,False,,,,False,,⚪ 不列入,未達標,0,0
6530,創威,TPEx,99.5,-0.5,,,,,,,,,,,0.0,0.0,,0.0,,,,False,False,False,0.0,0.0,False,,,,False,,⚪ 不列入,未達標,0,0
6532,瑞耘,TPEx,108.0,9.5,,,,,,,,,,,0.0,0.0,,0.0,,,,False,False,False,0.0,0.0,False,,,,False,,⚪ 不列入,未達標,0,0
6535,順藥,TPEx,80.7,0.2,,,,,,,,,,,0.0,0.0,,0.0,,,,False,False,False,0.0,0.0,False,,,,False,,⚪ 不列入,未達標,0,0
6538,倉和,TPEx,358.5,-39.5,,,,,,,,,,,0.0,0.0,,0.0,,,,False,False,False,0.0,0.0,False,,,,False,,⚪ 不列入,未達標,0,0
6546,正基,TPEx,58.6,-0.2,,,,,,,,,,,0.0,0.0,,0.0,,,,False,False,False,0.0,0.0,False,,,,False,,⚪ 不列入,未達標,0,0
6547,高端疫苗,TPEx,60.9,1.1,,,,,,,,,,,0.0,0.0,,0.0,,,,False,False,False,0.0,0.0,False,,,,False,,⚪ 不列入,未達標,0,0
6548,長科*,TPEx,71.8,0.5,,,,,,,,,,,0.0,0.0,,0.0,,,,False,False,False,0.0,0.0,False,,,,False,,⚪ 不列入,未達標,0,0
6556,勝品,TPEx,61.9,0.3,,,,,,,,,,,0.0,0.0,,0.0,,,,False,False,False,0.0,0.0,False,,,,False,,⚪ 不列入,未達標,0,0
6560,欣普羅,TPEx,32.4,-0.25,,,,,,,,,,,0.0,0.0,,0.0,,,,False,False,False,0.0,0.0,False,,,,False,,⚪ 不列入,未達標,0,0
6561,是方,TPEx,308.5,0.5,,,,,,,,,,,0.0,0.0,,0.0,,,,False,False,False,0.0,0.0,False,,,,False,,⚪ 不列入,未達標,0,0
6568,宏觀,TPEx,144.0,1.0,,,,,,,,,,,0.0,0.0,,0.0,,,,False,False,False,0.0,0.0,False,,,,False,,⚪ 不列入,未達標,0,0
6569,醫揚,TPEx,92.0,-0.3,,,,,,,,,,,0.0,0.0,,0.0,,,,False,False,False,0.0,0.0,False,,,,False,,⚪ 不列入,未達標,0,0
6570,維田,TPEx,47.75,1.1,,,,,,,,,,,0.0,0.0,,0.0,,,,False,False,False,0.0,0.0,False,,,,False,,⚪ 不列入,未達標,0,0
6574,霈方,TPEx,119.5,1.0,,,,,,,,,,,0.0,0.0,,0.0,,,,False,False,False,0.0,0.0,False,,,,False,,⚪ 不列入,未達標,0,0
6576,逸達,TPEx,79.7,-0.5,,,,,,,,,,,0.0,0.0,,0.0,,,,False,False,False,0.0,0.0,False,,,,False,,⚪ 不列入,未達標,0,0
6577,勁豐,TPEx,79.4,-0.4,,,,,,,,,,,0.0,0.0,,0.0,,,,False,False,False,0.0,0.0,False,,,,False,,⚪ 不列入,未達標,0,0
6578,達邦蛋白,TPEx,16.55,-0.1,,,,,,,,,,,0.0,0.0,,0.0,,,,False,False,False,0.0,0.0,False,,,,False,,⚪ 不列入,未達標,0,0
6584,南俊國際,TPEx,543.0,-1.0,,,,,,,,,,,0.0,0.0,,0.0,,,,False,False,False,0.0,0.0,False,,,,False,,⚪ 不列入,未達標,0,0
6588,東典光電,TPEx,107.5,-4.5,,,,,,,,,,,0.0,0.0,,0.0,,,,False,False,False,0.0,0.0,False,,,,False,,⚪ 不列入,未達標,0,0
6590,普鴻,TPEx,66.2,-0.7,,,,,,,,,,,0.0,0.0,,0.0,,,,False,False,False,0.0,0.0,False,,,,False,,⚪ 不列入,未達標,0,0
6593,台灣銘板,TPEx,32.25,0.2,,,,,,,,,,,0.0,0.0,,0.0,,,,False,False,False,0.0,0.0,False,,,,False,,⚪ 不列入,未達標,0,0
6596,寬宏藝術,TPEx,96.9,0.1,,,,,,,,,,,0.0,0.0,,0.0,,,,False,False,False,0.0,0.0,False,,,,False,,⚪ 不列入,未達標,0,0
6597,立誠,TPEx,68.5,-0.2,,,,,,,,,,,0.0,0.0,,0.0,,,,False,False,False,0.0,0.0,False,,,,False,,⚪ 不列入,未達標,0,0
6603,富強鑫,TPEx,29.25,1.95,,,,,,,,,,,0.0,0.0,,0.0,,,,False,False,False,0.0,0.0,False,,,,False,,⚪ 不列入,未達標,0,0
6609,瀧澤科,TPEx,39.6,-0.2,,,,,,,,,,,0.0,0.0,,0.0,,,,False,False,False,0.0,0.0,False,,,,False,,⚪ 不列入,未達標,0,0
6612,奈米醫材,TPEx,71.8,-0.1,,,,,,,,,,,0.0,0.0,,0.0,,,,False,False,False,0.0,0.0,False,,,,False,,⚪ 不列入,未達標,0,0
6613,朋億*,TPEx,270.0,-0.5,,,,,,,,,,,0.0,0.0,,0.0,,,,False,False,False,0.0,0.0,False,,,,False,,⚪ 不列入,未達標,0,0
6615,慧智,TPEx,33.4,-0.6,,,,,,,,,,,0.0,0.0,,0.0,,,,False,False,False,0.0,0.0,False,,,,False,,⚪ 不列入,未達標,0,0
6616,特昇-KY,TPEx,8.23,0.06,,,,,,,,,,,0.0,0.0,,0.0,,,,False,False,False,0.0,0.0,False,,,,False,,⚪ 不列入,未達標,0,0
6617,共信-KY,TPEx,133.0,-4.0,,,,,,,,,,,0.0,0.0,,0.0,,,,False,False,False,0.0,0.0,False,,,,False,,⚪ 不列入,未達標,0,0
6620,漢達,TPEx,136.0,12.0,,,,,,,,,,,0.0,0.0,,0.0,,,,False,False,False,0.0,0.0,False,,,,False,,⚪ 不列入,未達標,0,0
6624,萬年清,TPEx,39.2,-0.05,,,,,,,,,,,0.0,0.0,,0.0,,,,False,False,False,0.0,0.0,False,,,,False,,⚪ 不列入,未達標,0,0
6629,泰金-KY,TPEx,103.5,0.5,,,,,,,,,,,0.0,0.0,,0.0,,,,False,False,False,0.0,0.0,False,,,,False,,⚪ 不列入,未達標,0,0
6637,醫影,TPEx,54.1,-0.3,,,,,,,,,,,0.0,0.0,,0.0,,,,False,False,False,0.0,0.0,False,,,,False,,⚪ 不列入,未達標,0,0
6640,均華,TPEx,1040.0,30.0,,,,,,,,,,,0.0,0.0,,0.0,,,,False,False,False,0.0,0.0,False,,,,False,,⚪ 不列入,未達標,0,0
6642,富致,TPEx,80.7,2.3,,,,,,,,,,,0.0,0.0,,0.0,,,,False,False,False,0.0,0.0,False,,,,False,,⚪ 不列入,未達標,0,0
6643,M31,TPEx,505.0,-10.0,,,,,,,,,,,0.0,0.0,,0.0,,,,False,False,False,0.0,0.0,False,,,,False,,⚪ 不列入,未達標,0,0
6649,台生材,TPEx,36.8,-1.0,,,,,,,,,,,0.0,0.0,,0.0,,,,False,False,False,0.0,0.0,False,,,,False,,⚪ 不列入,未達標,0,0
6651,全宇昕,TPEx,150.5,1.0,,,,,,,,,,,0.0,0.0,,0.0,,,,False,False,False,0.0,0.0,False,,,,False,,⚪ 不列入,未達標,0,0
6654,天正國際,TPEx,200.0,8.0,,,,,,,,,,,0.0,0.0,,0.0,,,,False,False,False,0.0,0.0,False,,,,False,,⚪ 不列入,未達標,0,0
6661,威健生技,TPEx,16.2,0.2,,,,,,,,,,,0.0,0.0,,0.0,,,,False,False,False,0.0,0.0,False,,,,False,,⚪ 不列入,未達標,0,0
6664,群翊,TPEx,370.0,11.5,,,,,,,,,,,0.0,0.0,,0.0,,,,False,False,False,0.0,0.0,False,,,,False,,⚪ 不列入,未達標,0,0
6667,信紘科,TPEx,259.0,-2.5,,,,,,,,,,,0.0,0.0,,0.0,,,,False,False,False,0.0,0.0,False,,,,False,,⚪ 不列入,未達標,0,0
6679,鈺太,TPEx,206.0,3.5,,,,,,,,,,,0.0,0.0,,0.0,,,,False,False,False,0.0,0.0,False,,,,False,,⚪ 不列入,未達標,0,0
6680,鑫創電子,TPEx,51.3,-1.5,,,,,,,,,,,0.0,0.0,,0.0,,,,False,False,False,0.0,0.0,False,,,,False,,⚪ 不列入,未達標,0,0
6683,雍智科技,TPEx,1475.0,-45.0,,,,,,,,,,,0.0,0.0,,0.0,,,,False,False,False,0.0,0.0,False,,,,False,,⚪ 不列入,未達標,0,0
6684,安格,TPEx,50.9,2.05,,,,,,,,,,,0.0,0.0,,0.0,,,,False,False,False,0.0,0.0,False,,,,False,,⚪ 不列入,未達標,0,0
6690,安碁資訊,TPEx,177.5,-1.5,,,,,,,,,,,0.0,0.0,,0.0,,,,False,False,False,0.0,0.0,False,,,,False,,⚪ 不列入,未達標,0,0
6692,進能服,TPEx,23.2,0.55,,,,,,,,,,,0.0,0.0,,0.0,,,,False,False,False,0.0,0.0,False,,,,False,,⚪ 不列入,未達標,0,0
6693,廣閎科,TPEx,218.0,8.5,,,,,,,,,,,0.0,0.0,,0.0,,,,False,False,False,0.0,0.0,False,,,,False,,⚪ 不列入,未達標,0,0
6697,東捷資訊,TPEx,41.1,-0.1,,,,,,,,,,,0.0,0.0,,0.0,,,,False,False,False,0.0,0.0,False,,,,False,,⚪ 不列入,未達標,0,0
6703,軒郁,TPEx,100.0,-0.5,,,,,,,,,,,0.0,0.0,,0.0,,,,False,False,False,0.0,0.0,False,,,,False,,⚪ 不列入,未達標,0,0
6708,天擎,TPEx,47.05,4.25,,,,,,,,,,,0.0,0.0,,0.0,,,,False,False,False,0.0,0.0,False,,,,False,,⚪ 不列入,未達標,0,0
6712,長聖,TPEx,161.5,2.0,,,,,,,,,,,0.0,0.0,,0.0,,,,False,False,False,0.0,0.0,False,,,,False,,⚪ 不列入,未達標,0,0
6716,應廣,TPEx,114.5,-0.5,,,,,,,,,,,0.0,0.0,,0.0,,,,False,False,False,0.0,0.0,False,,,,False,,⚪ 不列入,未達標,0,0
6720,久昌,TPEx,127.5,0.5,,,,,,,,,,,0.0,0.0,,0.0,,,,False,False,False,0.0,0.0,False,,,,False,,⚪ 不列入,未達標,0,0
6721,信實,TPEx,50.0,-0.1,,,,,,,,,,,0.0,0.0,,0.0,,,,False,False,False,0.0,0.0,False,,,,False,,⚪ 不列入,未達標,0,0
6725,矽科宏晟,TPEx,217.5,3.5,,,,,,,,,,,0.0,0.0,,0.0,,,,False,False,False,0.0,0.0,False,,,,False,,⚪ 不列入,未達標,0,0
6727,亞泰金屬,TPEx,483.0,-22.0,,,,,,,,,,,0.0,0.0,,0.0,,,,False,False,False,0.0,0.0,False,,,,False,,⚪ 不列入,未達標,0,0
6728,上洋,TPEx,108.0,-0.5,,,,,,,,,,,0.0,0.0,,0.0,,,,False,False,False,0.0,0.0,False,,,,False,,⚪ 不列入,未達標,0,0
6730,常廣,TPEx,32.0,-0.1,,,,,,,,,,,0.0,0.0,,0.0,,,,False,False,False,0.0,0.0,False,,,,False,,⚪ 不列入,未達標,0,0
6732,昇佳電子,TPEx,151.0,2.0,,,,,,,,,,,0.0,0.0,,0.0,,,,False,False,False,0.0,0.0,False,,,,False,,⚪ 不列入,未達標,0,0
6733,博晟生醫,TPEx,25.1,0.15,,,,,,,,,,,0.0,0.0,,0.0,,,,False,False,False,0.0,0.0,False,,,,False,,⚪ 不列入,未達標,0,0
6735,美達科技,TPEx,64.9,1.1,,,,,,,,,,,0.0,0.0,,0.0,,,,False,False,False,0.0,0.0,False,,,,False,,⚪ 不列入,未達標,0,0
6739,竹陞科技,TPEx,1125.0,15.0,,,,,,,,,,,0.0,0.0,,0.0,,,,False,False,False,0.0,0.0,False,,,,False,,⚪ 不列入,未達標,0,0
6741,91APP*-KY,TPEx,55.4,0.2,,,,,,,,,,,0.0,0.0,,0.0,,,,False,False,False,0.0,0.0,False,,,,False,,⚪ 不列入,未達標,0,0
6751,智聯服務,TPEx,44.95,1.05,,,,,,,,,,,0.0,0.0,,0.0,,,,False,False,False,0.0,0.0,False,,,,False,,⚪ 不列入,未達標,0,0
6752,叡揚,TPEx,95.9,-0.5,,,,,,,,,,,0.0,0.0,,0.0,,,,False,False,False,0.0,0.0,False,,,,False,,⚪ 不列入,未達標,0,0
6761,穩得,TPEx,163.5,1.5,,,,,,,,,,,0.0,0.0,,0.0,,,,False,False,False,0.0,0.0,False,,,,False,,⚪ 不列入,未達標,0,0
6763,綠界科技*,TPEx,41.15,-0.25,,,,,,,,,,,0.0,0.0,,0.0,,,,False,False,False,0.0,0.0,False,,,,False,,⚪ 不列入,未達標,0,0
6767,台微醫,TPEx,24.45,-0.05,,,,,,,,,,,0.0,0.0,,0.0,,,,False,False,False,0.0,0.0,False,,,,False,,⚪ 不列入,未達標,0,0
6785,昱展新藥,TPEx,96.2,-2.6,,,,,,,,,,,0.0,0.0,,0.0,,,,False,False,False,0.0,0.0,False,,,,False,,⚪ 不列入,未達標,0,0
6788,華景電,TPEx,344.5,5.5,,,,,,,,,,,0.0,0.0,,0.0,,,,False,False,False,0.0,0.0,False,,,,False,,⚪ 不列入,未達標,0,0
6791,虎門科技,TPEx,99.1,0.0,,,,,,,,,,,0.0,0.0,,0.0,,,,False,False,False,0.0,0.0,False,,,,False,,⚪ 不列入,未達標,0,0
6803,崑鼎,TPEx,266.5,0.5,,,,,,,,,,,0.0,0.0,,0.0,,,,False,False,False,0.0,0.0,False,,,,False,,⚪ 不列入,未達標,0,0
6804,明係,TPEx,18.1,-0.15,,,,,,,,,,,0.0,0.0,,0.0,,,,False,False,False,0.0,0.0,False,,,,False,,⚪ 不列入,未達標,0,0
6811,宏碁資訊,TPEx,239.5,-5.0,,,,,,,,,,,0.0,0.0,,0.0,,,,False,False,False,0.0,0.0,False,,,,False,,⚪ 不列入,未達標,0,0
6821,聯寶,TPEx,40.95,0.35,,,,,,,,,,,0.0,0.0,,0.0,,,,False,False,False,0.0,0.0,False,,,,False,,⚪ 不列入,未達標,0,0
6823,濾能,TPEx,63.0,2.9,,,,,,,,,,,0.0,0.0,,0.0,,,,False,False,False,0.0,0.0,False,,,,False,,⚪ 不列入,未達標,0,0
6829,千附精密,TPEx,208.5,-1.0,,,,,,,,,,,0.0,0.0,,0.0,,,,False,False,False,0.0,0.0,False,,,,False,,⚪ 不列入,未達標,0,0
6840,東研信超,TPEx,99.5,-3.5,,,,,,,,,,,0.0,0.0,,0.0,,,,False,False,False,0.0,0.0,False,,,,False,,⚪ 不列入,未達標,0,0
6841,長佳智能,TPEx,55.3,1.6,,,,,,,,,,,0.0,0.0,,0.0,,,,False,False,False,0.0,0.0,False,,,,False,,⚪ 不列入,未達標,0,0
6843,進典,TPEx,38.35,-0.25,,,,,,,,,,,0.0,0.0,,0.0,,,,False,False,False,0.0,0.0,False,,,,False,,⚪ 不列入,未達標,0,0
6844,諾貝兒,TPEx,57.4,0.1,,,,,,,,,,,0.0,0.0,,0.0,,,,False,False,False,0.0,0.0,False,,,,False,,⚪ 不列入,未達標,0,0
6846,綠茵,TPEx,58.2,-0.9,,,,,,,,,,,0.0,0.0,,0.0,,,,False,False,False,0.0,0.0,False,,,,False,,⚪ 不列入,未達標,0,0
6856,鑫傳,TPEx,41.8,-0.5,,,,,,,,,,,0.0,0.0,,0.0,,,,False,False,False,0.0,0.0,False,,,,False,,⚪ 不列入,未達標,0,0
6859,伯特光,TPEx,120.0,-1.0,,,,,,,,,,,0.0,0.0,,0.0,,,,False,False,False,0.0,0.0,False,,,,False,,⚪ 不列入,未達標,0,0
6865,偉康科技,TPEx,28.0,-0.05,,,,,,,,,,,0.0,0.0,,0.0,,,,False,False,False,0.0,0.0,False,,,,False,,⚪ 不列入,未達標,0,0
6870,騰雲,TPEx,330.5,-6.0,,,,,,,,,,,0.0,0.0,,0.0,,,,False,False,False,0.0,0.0,False,,,,False,,⚪ 不列入,未達標,0,0
6872,浩宇生醫,TPEx,24.0,1.65,,,,,,,,,,,0.0,0.0,,0.0,,,,False,False,False,0.0,0.0,False,,,,False,,⚪ 不列入,未達標,0,0
6874,倍力,TPEx,70.2,0.3,,,,,,,,,,,0.0,0.0,,0.0,,,,False,False,False,0.0,0.0,False,,,,False,,⚪ 不列入,未達標,0,0
6875,國邑*,TPEx,31.35,-0.5,,,,,,,,,,,0.0,0.0,,0.0,,,,False,False,False,0.0,0.0,False,,,,False,,⚪ 不列入,未達標,0,0
6877,鏵友益,TPEx,128.0,5.5,,,,,,,,,,,0.0,0.0,,0.0,,,,False,False,False,0.0,0.0,False,,,,False,,⚪ 不列入,未達標,0,0
6881,潤德,TPEx,214.5,0.5,,,,,,,,,,,0.0,0.0,,0.0,,,,False,False,False,0.0,0.0,False,,,,False,,⚪ 不列入,未達標,0,0
6884,海柏特,TPEx,31.1,-1.1,,,,,,,,,,,0.0,0.0,,0.0,,,,False,False,False,0.0,0.0,False,,,,False,,⚪ 不列入,未達標,0,0
6894,衛司特,TPEx,362.0,-5.0,,,,,,,,,,,0.0,0.0,,0.0,,,,False,False,False,0.0,0.0,False,,,,False,,⚪ 不列入,未達標,0,0
6895,宏碩系統,TPEx,145.0,0.0,,,,,,,,,,,0.0,0.0,,0.0,,,,False,False,False,0.0,0.0,False,,,,False,,⚪ 不列入,未達標,0,0
6899,創為精密,TPEx,49.5,0.1,,,,,,,,,,,0.0,0.0,,0.0,,,,False,False,False,0.0,0.0,False,,,,False,,⚪ 不列入,未達標,0,0
6903,巨漢,TPEx,304.5,-4.5,,,,,,,,,,,0.0,0.0,,0.0,,,,False,False,False,0.0,0.0,False,,,,False,,⚪ 不列入,未達標,0,0
6904,伯鑫,TPEx,121.5,1.0,,,,,,,,,,,0.0,0.0,,0.0,,,,False,False,False,0.0,0.0,False,,,,False,,⚪ 不列入,未達標,0,0
6907,雅特力-KY,TPEx,180.5,-1.5,,,,,,,,,,,0.0,0.0,,0.0,,,,False,False,False,0.0,0.0,False,,,,False,,⚪ 不列入,未達標,0,0
6910,德鴻,TPEx,26.5,0.5,,,,,,,,,,,0.0,0.0,,0.0,,,,False,False,False,0.0,0.0,False,,,,False,,⚪ 不列入,未達標,0,0
6913,鴻呈,TPEx,127.0,-0.5,,,,,,,,,,,0.0,0.0,,0.0,,,,False,False,False,0.0,0.0,False,,,,False,,⚪ 不列入,未達標,0,0
6922,宸曜,TPEx,225.0,13.0,,,,,,,,,,,0.0,0.0,,0.0,,,,False,False,False,0.0,0.0,False,,,,False,,⚪ 不列入,未達標,0,0
6925,意藍,TPEx,75.0,6.8,,,,,,,,,,,0.0,0.0,,0.0,,,,False,False,False,0.0,0.0,False,,,,False,,⚪ 不列入,未達標,0,0
6929,佑全,TPEx,21.65,-0.35,,,,,,,,,,,0.0,0.0,,0.0,,,,False,False,False,0.0,0.0,False,,,,False,,⚪ 不列入,未達標,0,0
6945,圓祥生技,TPEx,140.0,2.0,,,,,,,,,,,0.0,0.0,,0.0,,,,False,False,False,0.0,0.0,False,,,,False,,⚪ 不列入,未達標,0,0
6953,家碩,TPEx,241.0,5.0,,,,,,,,,,,0.0,0.0,,0.0,,,,False,False,False,0.0,0.0,False,,,,False,,⚪ 不列入,未達標,0,0
6961,旅天下,TPEx,47.65,0.55,,,,,,,,,,,0.0,0.0,,0.0,,,,False,False,False,0.0,0.0,False,,,,False,,⚪ 不列入,未達標,0,0
6967,汎瑋材料,TPEx,67.2,1.5,,,,,,,,,,,0.0,0.0,,0.0,,,,False,False,False,0.0,0.0,False,,,,False,,⚪ 不列入,未達標,0,0
6968,萬達寵物,TPEx,41.55,0.0,,,,,,,,,,,0.0,0.0,,0.0,,,,False,False,False,0.0,0.0,False,,,,False,,⚪ 不列入,未達標,0,0
6971,惠民實業,TPEx,23.7,-0.25,,,,,,,,,,,0.0,0.0,,0.0,,,,False,False,False,0.0,0.0,False,,,,False,,⚪ 不列入,未達標,0,0
6982,大井泵浦,TPEx,43.5,0.0,,,,,,,,,,,0.0,0.0,,0.0,,,,False,False,False,0.0,0.0,False,,,,False,,⚪ 不列入,未達標,0,0
6983,華洋精機,TPEx,346.0,-2.5,,,,,,,,,,,0.0,0.0,,0.0,,,,False,False,False,0.0,0.0,False,,,,False,,⚪ 不列入,未達標,0,0
6986,和迅,TPEx,44.0,-0.3,,,,,,,,,,,0.0,0.0,,0.0,,,,False,False,False,0.0,0.0,False,,,,False,,⚪ 不列入,未達標,0,0
6996,力領科技,TPEx,168.5,-2.5,,,,,,,,,,,0.0,0.0,,0.0,,,,False,False,False,0.0,0.0,False,,,,False,,⚪ 不列入,未達標,0,0
6997,博弘,TPEx,68.0,1.2,,,,,,,,,,,0.0,0.0,,0.0,,,,False,False,False,0.0,0.0,False,,,,False,,⚪ 不列入,未達標,0,0
7402,邑錡,TPEx,99.1,-0.7,,,,,,,,,,,0.0,0.0,,0.0,,,,False,False,False,0.0,0.0,False,,,,False,,⚪ 不列入,未達標,0,0
7547,碩網,TPEx,65.3,5.9,,,,,,,,,,,0.0,0.0,,0.0,,,,False,False,False,0.0,0.0,False,,,,False,,⚪ 不列入,未達標,0,0
7556,意德士,TPEx,267.5,3.0,,,,,,,,,,,0.0,0.0,,0.0,,,,False,False,False,0.0,0.0,False,,,,False,,⚪ 不列入,未達標,0,0
7584,樂意,TPEx,28.95,1.75,,,,,,,,,,,0.0,0.0,,0.0,,,,False,False,False,0.0,0.0,False,,,,False,,⚪ 不列入,未達標,0,0
7642,昶瑞機電,TPEx,68.5,-2.3,,,,,,,,,,,0.0,0.0,,0.0,,,,False,False,False,0.0,0.0,False,,,,False,,⚪ 不列入,未達標,0,0
7703,銳澤,TPEx,199.5,-3.5,,,,,,,,,,,0.0,0.0,,0.0,,,,False,False,False,0.0,0.0,False,,,,False,,⚪ 不列入,未達標,0,0
7704,明遠精密,TPEx,61.3,-0.7,,,,,,,,,,,0.0,0.0,,0.0,,,,False,False,False,0.0,0.0,False,,,,False,,⚪ 不列入,未達標,0,0
7708,全家餐飲,TPEx,91.9,0.1,,,,,,,,,,,0.0,0.0,,0.0,,,,False,False,False,0.0,0.0,False,,,,False,,⚪ 不列入,未達標,0,0
7709,榮田,TPEx,86.5,-1.2,,,,,,,,,,,0.0,0.0,,0.0,,,,False,False,False,0.0,0.0,False,,,,False,,⚪ 不列入,未達標,0,0
7712,博盛半導體,TPEx,161.0,-2.0,,,,,,,,,,,0.0,0.0,,0.0,,,,False,False,False,0.0,0.0,False,,,,False,,⚪ 不列入,未達標,0,0
7713,威力德生醫,TPEx,74.1,0.3,,,,,,,,,,,0.0,0.0,,0.0,,,,False,False,False,0.0,0.0,False,,,,False,,⚪ 不列入,未達標,0,0
7714,創泓科技,TPEx,162.0,-4.0,,,,,,,,,,,0.0,0.0,,0.0,,,,False,False,False,0.0,0.0,False,,,,False,,⚪ 不列入,未達標,0,0
7715,裕山,TPEx,27.6,0.1,,,,,,,,,,,0.0,0.0,,0.0,,,,False,False,False,0.0,0.0,False,,,,False,,⚪ 不列入,未達標,0,0
7716,昱臺國際,TPEx,23.9,-0.1,,,,,,,,,,,0.0,0.0,,0.0,,,,False,False,False,0.0,0.0,False,,,,False,,⚪ 不列入,未達標,0,0
7717,萊德光電-KY,TPEx,592.0,-2.0,,,,,,,,,,,0.0,0.0,,0.0,,,,False,False,False,0.0,0.0,False,,,,False,,⚪ 不列入,未達標,0,0
7718,友鋮,TPEx,46.7,0.9,,,,,,,,,,,0.0,0.0,,0.0,,,,False,False,False,0.0,0.0,False,,,,False,,⚪ 不列入,未達標,0,0
7723,築間,TPEx,18.3,0.0,,,,,,,,,,,0.0,0.0,,0.0,,,,False,False,False,0.0,0.0,False,,,,False,,⚪ 不列入,未達標,0,0
7728,光焱科技,TPEx,607.0,12.0,,,,,,,,,,,0.0,0.0,,0.0,,,,False,False,False,0.0,0.0,False,,,,False,,⚪ 不列入,未達標,0,0
7734,印能科技,TPEx,2680.0,-70.0,,,,,,,,,,,0.0,0.0,,0.0,,,,False,False,False,0.0,0.0,False,,,,False,,⚪ 不列入,未達標,0,0
7738,東聯互動,TPEx,156.0,-1.0,,,,,,,,,,,0.0,0.0,,0.0,,,,False,False,False,0.0,0.0,False,,,,False,,⚪ 不列入,未達標,0,0
7743,金利食安,TPEx,24.3,-1.1,,,,,,,,,,,0.0,0.0,,0.0,,,,False,False,False,0.0,0.0,False,,,,False,,⚪ 不列入,未達標,0,0
7744,崴寶,TPEx,523.0,-20.0,,,,,,,,,,,0.0,0.0,,0.0,,,,False,False,False,0.0,0.0,False,,,,False,,⚪ 不列入,未達標,0,0
7747,昕奇雲端,TPEx,111.0,-1.0,,,,,,,,,,,0.0,0.0,,0.0,,,,False,False,False,0.0,0.0,False,,,,False,,⚪ 不列入,未達標,0,0
7751,竑騰,TPEx,1555.0,40.0,,,,,,,,,,,0.0,0.0,,0.0,,,,False,False,False,0.0,0.0,False,,,,False,,⚪ 不列入,未達標,0,0
7753,星亞,TPEx,35.6,0.3,,,,,,,,,,,0.0,0.0,,0.0,,,,False,False,False,0.0,0.0,False,,,,False,,⚪ 不列入,未達標,0,0
7757,金色三麥,TPEx,90.5,-0.5,,,,,,,,,,,0.0,0.0,,0.0,,,,False,False,False,0.0,0.0,False,,,,False,,⚪ 不列入,未達標,0,0
7767,仁大資訊,TPEx,46.2,-0.45,,,,,,,,,,,0.0,0.0,,0.0,,,,False,False,False,0.0,0.0,False,,,,False,,⚪ 不列入,未達標,0,0
7770,君曜,TPEx,42.95,3.45,,,,,,,,,,,0.0,0.0,,0.0,,,,False,False,False,0.0,0.0,False,,,,False,,⚪ 不列入,未達標,0,0
7772,耀穎,TPEx,176.0,-4.0,,,,,,,,,,,0.0,0.0,,0.0,,,,False,False,False,0.0,0.0,False,,,,False,,⚪ 不列入,未達標,0,0
7777,能率亞洲,TPEx,35.6,0.05,,,,,,,,,,,0.0,0.0,,0.0,,,,False,False,False,0.0,0.0,False,,,,False,,⚪ 不列入,未達標,0,0
7782,光速火箭,TPEx,24.95,-0.35,,,,,,,,,,,0.0,0.0,,0.0,,,,False,False,False,0.0,0.0,False,,,,False,,⚪ 不列入,未達標,0,0
7792,安葆,TPEx,416.0,-19.5,,,,,,,,,,,0.0,0.0,,0.0,,,,False,False,False,0.0,0.0,False,,,,False,,⚪ 不列入,未達標,0,0
7794,宏碁智新,TPEx,30.25,0.25,,,,,,,,,,,0.0,0.0,,0.0,,,,False,False,False,0.0,0.0,False,,,,False,,⚪ 不列入,未達標,0,0
7805,威聯通,TPEx,489.0,-9.0,,,,,,,,,,,0.0,0.0,,0.0,,,,False,False,False,0.0,0.0,False,,,,False,,⚪ 不列入,未達標,0,0
7810,捷創科技,TPEx,227.5,5.0,,,,,,,,,,,0.0,0.0,,0.0,,,,False,False,False,0.0,0.0,False,,,,False,,⚪ 不列入,未達標,0,0
7811,民盛,TPEx,73.5,0.0,,,,,,,,,,,0.0,0.0,,0.0,,,,False,False,False,0.0,0.0,False,,,,False,,⚪ 不列入,未達標,0,0
7814,海昌生技,TPEx,28.4,-0.1,,,,,,,,,,,0.0,0.0,,0.0,,,,False,False,False,0.0,0.0,False,,,,False,,⚪ 不列入,未達標,0,0
7819,精誠金融,TPEx,34.3,-0.05,,,,,,,,,,,0.0,0.0,,0.0,,,,False,False,False,0.0,0.0,False,,,,False,,⚪ 不列入,未達標,0,0
7820,立盈,TPEx,108.5,0.5,,,,,,,,,,,0.0,0.0,,0.0,,,,False,False,False,0.0,0.0,False,,,,False,,⚪ 不列入,未達標,0,0
7825,和亞智慧,TPEx,83.6,1.4,,,,,,,,,,,0.0,0.0,,0.0,,,,False,False,False,0.0,0.0,False,,,,False,,⚪ 不列入,未達標,0,0
7828,創新服務,TPEx,1900.0,-70.0,,,,,,,,,,,0.0,0.0,,0.0,,,,False,False,False,0.0,0.0,False,,,,False,,⚪ 不列入,未達標,0,0
7839,達人網,TPEx,43.3,0.15,,,,,,,,,,,0.0,0.0,,0.0,,,,False,False,False,0.0,0.0,False,,,,False,,⚪ 不列入,未達標,0,0
7842,天能綠電,TPEx,98.6,0.6,,,,,,,,,,,0.0,0.0,,0.0,,,,False,False,False,0.0,0.0,False,,,,False,,⚪ 不列入,未達標,0,0
7856,漢測,TPEx,4315.0,-290.0,,,,,,,,,,,0.0,0.0,,0.0,,,,False,False,False,0.0,0.0,False,,,,False,,⚪ 不列入,未達標,0,0
8024,佑華,TPEx,12.55,-0.05,,,,,,,,,,,0.0,0.0,,0.0,,,,False,False,False,0.0,0.0,False,,,,False,,⚪ 不列入,未達標,0,0
8027,鈦昇,TPEx,202.0,18.0,,,,,,,,,,,0.0,0.0,,0.0,,,,False,False,False,0.0,0.0,False,,,,False,,⚪ 不列入,未達標,0,0
8032,光菱,TPEx,35.8,-0.2,,,,,,,,,,,0.0,0.0,,0.0,,,,False,False,False,0.0,0.0,False,,,,False,,⚪ 不列入,未達標,0,0
8034,榮群,TPEx,20.5,0.05,,,,,,,,,,,0.0,0.0,,0.0,,,,False,False,False,0.0,0.0,False,,,,False,,⚪ 不列入,未達標,0,0
8038,長園科,TPEx,32.45,-0.15,,,,,,,,,,,0.0,0.0,,0.0,,,,False,False,False,0.0,0.0,False,,,,False,,⚪ 不列入,未達標,0,0
8040,九暘,TPEx,100.0,5.5,,,,,,,,,,,0.0,0.0,,0.0,,,,False,False,False,0.0,0.0,False,,,,False,,⚪ 不列入,未達標,0,0
8042,金山電,TPEx,111.5,-2.5,,,,,,,,,,,0.0,0.0,,0.0,,,,False,False,False,0.0,0.0,False,,,,False,,⚪ 不列入,未達標,0,0
8043,蜜望實,TPEx,131.5,-1.5,,,,,,,,,,,0.0,0.0,,0.0,,,,False,False,False,0.0,0.0,False,,,,False,,⚪ 不列入,未達標,0,0
8044,網家,TPEx,24.1,0.25,,,,,,,,,,,0.0,0.0,,0.0,,,,False,False,False,0.0,0.0,False,,,,False,,⚪ 不列入,未達標,0,0
8047,星雲,TPEx,51.0,1.8,,,,,,,,,,,0.0,0.0,,0.0,,,,False,False,False,0.0,0.0,False,,,,False,,⚪ 不列入,未達標,0,0
8048,德勝,TPEx,50.4,0.3,,,,,,,,,,,0.0,0.0,,0.0,,,,False,False,False,0.0,0.0,False,,,,False,,⚪ 不列入,未達標,0,0
8049,晶采,TPEx,24.5,0.0,,,,,,,,,,,0.0,0.0,,0.0,,,,False,False,False,0.0,0.0,False,,,,False,,⚪ 不列入,未達標,0,0
8050,廣積,TPEx,65.7,4.5,,,,,,,,,,,0.0,0.0,,0.0,,,,False,False,False,0.0,0.0,False,,,,False,,⚪ 不列入,未達標,0,0
8054,安國,TPEx,87.2,2.6,,,,,,,,,,,0.0,0.0,,0.0,,,,False,False,False,0.0,0.0,False,,,,False,,⚪ 不列入,未達標,0,0
8059,凱碩,TPEx,17.3,-0.4,,,,,,,,,,,0.0,0.0,,0.0,,,,False,False,False,0.0,0.0,False,,,,False,,⚪ 不列入,未達標,0,0
8064,東捷,TPEx,141.5,2.5,,,,,,,,,,,0.0,0.0,,0.0,,,,False,False,False,0.0,0.0,False,,,,False,,⚪ 不列入,未達標,0,0
8066,來思達,TPEx,15.0,0.2,,,,,,,,,,,0.0,0.0,,0.0,,,,False,False,False,0.0,0.0,False,,,,False,,⚪ 不列入,未達標,0,0
8067,志旭,TPEx,12.3,0.5,,,,,,,,,,,0.0,0.0,,0.0,,,,False,False,False,0.0,0.0,False,,,,False,,⚪ 不列入,未達標,0,0
8068,全達,TPEx,17.6,-0.25,,,,,,,,,,,0.0,0.0,,0.0,,,,False,False,False,0.0,0.0,False,,,,False,,⚪ 不列入,未達標,0,0
8069,元太,TPEx,142.5,-3.5,,,,,,,,,,,0.0,0.0,,0.0,,,,False,False,False,0.0,0.0,False,,,,False,,⚪ 不列入,未達標,0,0
8071,能率網通,TPEx,21.85,-0.05,,,,,,,,,,,0.0,0.0,,0.0,,,,False,False,False,0.0,0.0,False,,,,False,,⚪ 不列入,未達標,0,0
8074,鉅橡,TPEx,50.8,-0.2,,,,,,,,,,,0.0,0.0,,0.0,,,,False,False,False,0.0,0.0,False,,,,False,,⚪ 不列入,未達標,0,0
8076,伍豐,TPEx,21.5,-0.2,,,,,,,,,,,0.0,0.0,,0.0,,,,False,False,False,0.0,0.0,False,,,,False,,⚪ 不列入,未達標,0,0
8080,泰霖,TPEx,28.0,-0.05,,,,,,,,,,,0.0,0.0,,0.0,,,,False,False,False,0.0,0.0,False,,,,False,,⚪ 不列入,未達標,0,0
8083,瑞穎,TPEx,155.5,0.0,,,,,,,,,,,0.0,0.0,,0.0,,,,False,False,False,0.0,0.0,False,,,,False,,⚪ 不列入,未達標,0,0
8084,巨虹,TPEx,29.8,-3.3,,,,,,,,,,,0.0,0.0,,0.0,,,,False,False,False,0.0,0.0,False,,,,False,,⚪ 不列入,未達標,0,0
8085,福華,TPEx,14.25,0.05,,,,,,,,,,,0.0,0.0,,0.0,,,,False,False,False,0.0,0.0,False,,,,False,,⚪ 不列入,未達標,0,0
8086,宏捷科,TPEx,110.0,-0.5,,,,,,,,,,,0.0,0.0,,0.0,,,,False,False,False,0.0,0.0,False,,,,False,,⚪ 不列入,未達標,0,0
8087,麗升能源,TPEx,23.0,-0.25,,,,,,,,,,,0.0,0.0,,0.0,,,,False,False,False,0.0,0.0,False,,,,False,,⚪ 不列入,未達標,0,0
8088,品安,TPEx,42.25,0.4,,,,,,,,,,,0.0,0.0,,0.0,,,,False,False,False,0.0,0.0,False,,,,False,,⚪ 不列入,未達標,0,0
8089,康全電訊,TPEx,19.15,-0.1,,,,,,,,,,,0.0,0.0,,0.0,,,,False,False,False,0.0,0.0,False,,,,False,,⚪ 不列入,未達標,0,0
8091,翔名,TPEx,220.0,3.5,,,,,,,,,,,0.0,0.0,,0.0,,,,False,False,False,0.0,0.0,False,,,,False,,⚪ 不列入,未達標,0,0
8092,建暐,TPEx,12.55,-0.35,,,,,,,,,,,0.0,0.0,,0.0,,,,False,False,False,0.0,0.0,False,,,,False,,⚪ 不列入,未達標,0,0
8093,保銳,TPEx,23.85,0.6,,,,,,,,,,,0.0,0.0,,0.0,,,,False,False,False,0.0,0.0,False,,,,False,,⚪ 不列入,未達標,0,0
8096,擎亞,TPEx,88.7,4.1,,,,,,,,,,,0.0,0.0,,0.0,,,,False,False,False,0.0,0.0,False,,,,False,,⚪ 不列入,未達標,0,0
8097,常珵,TPEx,48.15,0.0,,,,,,,,,,,0.0,0.0,,0.0,,,,False,False,False,0.0,0.0,False,,,,False,,⚪ 不列入,未達標,0,0
8099,大世科,TPEx,59.8,-0.7,,,,,,,,,,,0.0,0.0,,0.0,,,,False,False,False,0.0,0.0,False,,,,False,,⚪ 不列入,未達標,0,0
8107,大億金茂,TPEx,12.05,-0.1,,,,,,,,,,,0.0,0.0,,0.0,,,,False,False,False,0.0,0.0,False,,,,False,,⚪ 不列入,未達標,0,0
8109,博大,TPEx,134.5,2.5,,,,,,,,,,,0.0,0.0,,0.0,,,,False,False,False,0.0,0.0,False,,,,False,,⚪ 不列入,未達標,0,0
8111,立碁,TPEx,79.7,3.3,,,,,,,,,,,0.0,0.0,,0.0,,,,False,False,False,0.0,0.0,False,,,,False,,⚪ 不列入,未達標,0,0
8121,越峰,TPEx,31.9,1.25,,,,,,,,,,,0.0,0.0,,0.0,,,,False,False,False,0.0,0.0,False,,,,False,,⚪ 不列入,未達標,0,0
8147,正淩,TPEx,148.0,11.5,,,,,,,,,,,0.0,0.0,,0.0,,,,False,False,False,0.0,0.0,False,,,,False,,⚪ 不列入,未達標,0,0
8155,博智,TPEx,306.0,-30.0,,,,,,,,,,,0.0,0.0,,0.0,,,,False,False,False,0.0,0.0,False,,,,False,,⚪ 不列入,未達標,0,0
8171,天宇,TPEx,20.6,0.15,,,,,,,,,,,0.0,0.0,,0.0,,,,False,False,False,0.0,0.0,False,,,,False,,⚪ 不列入,未達標,0,0
8176,智捷,TPEx,9.78,0.0,,,,,,,,,,,0.0,0.0,,0.0,,,,False,False,False,0.0,0.0,False,,,,False,,⚪ 不列入,未達標,0,0
8182,加高,TPEx,41.2,0.75,,,,,,,,,,,0.0,0.0,,0.0,,,,False,False,False,0.0,0.0,False,,,,False,,⚪ 不列入,未達標,0,0
8227,巨有科技,TPEx,337.0,30.5,,,,,,,,,,,0.0,0.0,,0.0,,,,False,False,False,0.0,0.0,False,,,,False,,⚪ 不列入,未達標,0,0
8234,新漢,TPEx,62.1,0.9,,,,,,,,,,,0.0,0.0,,0.0,,,,False,False,False,0.0,0.0,False,,,,False,,⚪ 不列入,未達標,0,0
8240,華宏,TPEx,54.5,2.5,,,,,,,,,,,0.0,0.0,,0.0,,,,False,False,False,0.0,0.0,False,,,,False,,⚪ 不列入,未達標,0,0
8255,朋程,TPEx,145.0,2.5,,,,,,,,,,,0.0,0.0,,0.0,,,,False,False,False,0.0,0.0,False,,,,False,,⚪ 不列入,未達標,0,0
8272,全景軟體,TPEx,65.5,2.0,,,,,,,,,,,0.0,0.0,,0.0,,,,False,False,False,0.0,0.0,False,,,,False,,⚪ 不列入,未達標,0,0
8277,商丞,TPEx,15.6,-0.15,,,,,,,,,,,0.0,0.0,,0.0,,,,False,False,False,0.0,0.0,False,,,,False,,⚪ 不列入,未達標,0,0
8279,生展,TPEx,78.7,0.5,,,,,,,,,,,0.0,0.0,,0.0,,,,False,False,False,0.0,0.0,False,,,,False,,⚪ 不列入,未達標,0,0
8284,三竹,TPEx,68.0,0.0,,,,,,,,,,,0.0,0.0,,0.0,,,,False,False,False,0.0,0.0,False,,,,False,,⚪ 不列入,未達標,0,0
8289,泰藝,TPEx,46.05,1.3,,,,,,,,,,,0.0,0.0,,0.0,,,,False,False,False,0.0,0.0,False,,,,False,,⚪ 不列入,未達標,0,0
8291,尚茂,TPEx,28.9,-0.85,,,,,,,,,,,0.0,0.0,,0.0,,,,False,False,False,0.0,0.0,False,,,,False,,⚪ 不列入,未達標,0,0
8299,群聯,TPEx,2115.0,-10.0,,,,,,,,,,,0.0,0.0,,0.0,,,,False,False,False,0.0,0.0,False,,,,False,,⚪ 不列入,未達標,0,0
8342,益張,TPEx,83.5,-0.3,,,,,,,,,,,0.0,0.0,,0.0,,,,False,False,False,0.0,0.0,False,,,,False,,⚪ 不列入,未達標,0,0
8349,恒耀,TPEx,39.6,0.0,,,,,,,,,,,0.0,0.0,,0.0,,,,False,False,False,0.0,0.0,False,,,,False,,⚪ 不列入,未達標,0,0
8354,冠好,TPEx,16.9,-0.2,,,,,,,,,,,0.0,0.0,,0.0,,,,False,False,False,0.0,0.0,False,,,,False,,⚪ 不列入,未達標,0,0
8358,金居,TPEx,498.0,-13.0,,,,,,,,,,,0.0,0.0,,0.0,,,,False,False,False,0.0,0.0,False,,,,False,,⚪ 不列入,未達標,0,0
8383,千附,TPEx,67.6,-0.3,,,,,,,,,,,0.0,0.0,,0.0,,,,False,False,False,0.0,0.0,False,,,,False,,⚪ 不列入,未達標,0,0
8390,金益鼎,TPEx,89.4,-0.6,,,,,,,,,,,0.0,0.0,,0.0,,,,False,False,False,0.0,0.0,False,,,,False,,⚪ 不列入,未達標,0,0
8401,白紗科,TPEx,22.75,0.0,,,,,,,,,,,0.0,0.0,,0.0,,,,False,False,False,0.0,0.0,False,,,,False,,⚪ 不列入,未達標,0,0
8403,盛弘,TPEx,19.05,0.1,,,,,,,,,,,0.0,0.0,,0.0,,,,False,False,False,0.0,0.0,False,,,,False,,⚪ 不列入,未達標,0,0
8409,商之器,TPEx,18.0,-0.1,,,,,,,,,,,0.0,0.0,,0.0,,,,False,False,False,0.0,0.0,False,,,,False,,⚪ 不列入,未達標,0,0
8410,森田,TPEx,28.0,0.2,,,,,,,,,,,0.0,0.0,,0.0,,,,False,False,False,0.0,0.0,False,,,,False,,⚪ 不列入,未達標,0,0
8415,大國鋼,TPEx,35.15,-0.3,,,,,,,,,,,0.0,0.0,,0.0,,,,False,False,False,0.0,0.0,False,,,,False,,⚪ 不列入,未達標,0,0
8416,實威,TPEx,169.0,0.0,,,,,,,,,,,0.0,0.0,,0.0,,,,False,False,False,0.0,0.0,False,,,,False,,⚪ 不列入,未達標,0,0
8421,旭源,TPEx,12.85,0.05,,,,,,,,,,,0.0,0.0,,0.0,,,,False,False,False,0.0,0.0,False,,,,False,,⚪ 不列入,未達標,0,0
8423,保綠-KY,TPEx,18.05,0.0,,,,,,,,,,,0.0,0.0,,0.0,,,,False,False,False,0.0,0.0,False,,,,False,,⚪ 不列入,未達標,0,0
8424,惠普,TPEx,70.0,-0.8,,,,,,,,,,,0.0,0.0,,0.0,,,,False,False,False,0.0,0.0,False,,,,False,,⚪ 不列入,未達標,0,0
8426,紅木-KY,TPEx,20.65,0.05,,,,,,,,,,,0.0,0.0,,0.0,,,,False,False,False,0.0,0.0,False,,,,False,,⚪ 不列入,未達標,0,0
8431,匯鑽科,TPEx,66.3,3.0,,,,,,,,,,,0.0,0.0,,0.0,,,,False,False,False,0.0,0.0,False,,,,False,,⚪ 不列入,未達標,0,0
8432,東生華,TPEx,50.6,0.4,,,,,,,,,,,0.0,0.0,,0.0,,,,False,False,False,0.0,0.0,False,,,,False,,⚪ 不列入,未達標,0,0
8433,弘帆,TPEx,53.0,0.3,,,,,,,,,,,0.0,0.0,,0.0,,,,False,False,False,0.0,0.0,False,,,,False,,⚪ 不列入,未達標,0,0
8435,鉅邁,TPEx,53.0,0.1,,,,,,,,,,,0.0,0.0,,0.0,,,,False,False,False,0.0,0.0,False,,,,False,,⚪ 不列入,未達標,0,0
8436,大江,TPEx,105.5,0.5,,,,,,,,,,,0.0,0.0,,0.0,,,,False,False,False,0.0,0.0,False,,,,False,,⚪ 不列入,未達標,0,0
8437,大地-KY,TPEx,10.1,-0.55,,,,,,,,,,,0.0,0.0,,0.0,,,,False,False,False,0.0,0.0,False,,,,False,,⚪ 不列入,未達標,0,0
8440,綠電,TPEx,20.95,0.7,,,,,,,,,,,0.0,0.0,,0.0,,,,False,False,False,0.0,0.0,False,,,,False,,⚪ 不列入,未達標,0,0
8444,綠河-KY,TPEx,4.4,0.0,,,,,,,,,,,0.0,0.0,,0.0,,,,False,False,False,0.0,0.0,False,,,,False,,⚪ 不列入,未達標,0,0
8446,華研,TPEx,84.4,-0.3,,,,,,,,,,,0.0,0.0,,0.0,,,,False,False,False,0.0,0.0,False,,,,False,,⚪ 不列入,未達標,0,0
8450,霹靂,TPEx,14.4,0.05,,,,,,,,,,,0.0,0.0,,0.0,,,,False,False,False,0.0,0.0,False,,,,False,,⚪ 不列入,未達標,0,0
8455,大拓-KY,TPEx,22.1,0.0,,,,,,,,,,,0.0,0.0,,0.0,,,,False,False,False,0.0,0.0,False,,,,False,,⚪ 不列入,未達標,0,0
8472,納維康,TPEx,73.1,-3.9,,,,,,,,,,,0.0,0.0,,0.0,,,,False,False,False,0.0,0.0,False,,,,False,,⚪ 不列入,未達標,0,0
8477,創業家,TPEx,14.1,-0.25,,,,,,,,,,,0.0,0.0,,0.0,,,,False,False,False,0.0,0.0,False,,,,False,,⚪ 不列入,未達標,0,0
8489,三貝德,TPEx,22.25,-0.3,,,,,,,,,,,0.0,0.0,,0.0,,,,False,False,False,0.0,0.0,False,,,,False,,⚪ 不列入,未達標,0,0
8905,裕國,TPEx,35.15,0.35,,,,,,,,,,,0.0,0.0,,0.0,,,,False,False,False,0.0,0.0,False,,,,False,,⚪ 不列入,未達標,0,0
8906,花王,TPEx,28.8,-0.2,,,,,,,,,,,0.0,0.0,,0.0,,,,False,False,False,0.0,0.0,False,,,,False,,⚪ 不列入,未達標,0,0
8908,欣雄,TPEx,40.25,0.2,,,,,,,,,,,0.0,0.0,,0.0,,,,False,False,False,0.0,0.0,False,,,,False,,⚪ 不列入,未達標,0,0
8916,光隆,TPEx,41.1,0.25,,,,,,,,,,,0.0,0.0,,0.0,,,,False,False,False,0.0,0.0,False,,,,False,,⚪ 不列入,未達標,0,0
8917,欣泰,TPEx,54.5,-0.5,,,,,,,,,,,0.0,0.0,,0.0,,,,False,False,False,0.0,0.0,False,,,,False,,⚪ 不列入,未達標,0,0
8923,時報,TPEx,18.45,-0.05,,,,,,,,,,,0.0,0.0,,0.0,,,,False,False,False,0.0,0.0,False,,,,False,,⚪ 不列入,未達標,0,0
8924,大田,TPEx,49.4,0.1,,,,,,,,,,,0.0,0.0,,0.0,,,,False,False,False,0.0,0.0,False,,,,False,,⚪ 不列入,未達標,0,0
8927,北基,TPEx,18.8,-0.2,,,,,,,,,,,0.0,0.0,,0.0,,,,False,False,False,0.0,0.0,False,,,,False,,⚪ 不列入,未達標,0,0
8928,鉅明,TPEx,22.9,-0.4,,,,,,,,,,,0.0,0.0,,0.0,,,,False,False,False,0.0,0.0,False,,,,False,,⚪ 不列入,未達標,0,0
8929,富堡,TPEx,12.9,-0.05,,,,,,,,,,,0.0,0.0,,0.0,,,,False,False,False,0.0,0.0,False,,,,False,,⚪ 不列入,未達標,0,0
8930,青鋼,TPEx,28.7,-0.1,,,,,,,,,,,0.0,0.0,,0.0,,,,False,False,False,0.0,0.0,False,,,,False,,⚪ 不列入,未達標,0,0
8931,大汽電,TPEx,43.15,0.1,,,,,,,,,,,0.0,0.0,,0.0,,,,False,False,False,0.0,0.0,False,,,,False,,⚪ 不列入,未達標,0,0
8932,智通*,TPEx,93.4,0.8,,,,,,,,,,,0.0,0.0,,0.0,,,,False,False,False,0.0,0.0,False,,,,False,,⚪ 不列入,未達標,0,0
8933,愛地雅,TPEx,4.58,0.01,,,,,,,,,,,0.0,0.0,,0.0,,,,False,False,False,0.0,0.0,False,,,,False,,⚪ 不列入,未達標,0,0
8935,邦泰,TPEx,19.3,1.75,,,,,,,,,,,0.0,0.0,,0.0,,,,False,False,False,0.0,0.0,False,,,,False,,⚪ 不列入,未達標,0,0
8936,國統,TPEx,51.9,-0.2,,,,,,,,,,,0.0,0.0,,0.0,,,,False,False,False,0.0,0.0,False,,,,False,,⚪ 不列入,未達標,0,0
8937,合騏*,TPEx,25.1,-1.5,,,,,,,,,,,0.0,0.0,,0.0,,,,False,False,False,0.0,0.0,False,,,,False,,⚪ 不列入,未達標,0,0
8938,明安,TPEx,52.7,0.6,,,,,,,,,,,0.0,0.0,,0.0,,,,False,False,False,0.0,0.0,False,,,,False,,⚪ 不列入,未達標,0,0
8941,關中,TPEx,44.0,0.0,,,,,,,,,,,0.0,0.0,,0.0,,,,False,False,False,0.0,0.0,False,,,,False,,⚪ 不列入,未達標,0,0
8942,森鉅,TPEx,40.2,-0.3,,,,,,,,,,,0.0,0.0,,0.0,,,,False,False,False,0.0,0.0,False,,,,False,,⚪ 不列入,未達標,0,0
9949,琉園,TPEx,24.25,0.25,,,,,,,,,,,0.0,0.0,,0.0,,,,False,False,False,0.0,0.0,False,,,,False,,⚪ 不列入,未達標,0,0
9950,萬國通,TPEx,10.25,-0.05,,,,,,,,,,,0.0,0.0,,0.0,,,,False,False,False,0.0,0.0,False,,,,False,,⚪ 不列入,未達標,0,0
9951,皇田,TPEx,47.1,-0.55,,,,,,,,,,,0.0,0.0,,0.0,,,,False,False,False,0.0,0.0,False,,,,False,,⚪ 不列入,未達標,0,0
9960,邁達康,TPEx,41.2,1.85,,,,,,,,,,,0.0,0.0,,0.0,,,,False,False,False,0.0,0.0,False,,,,False,,⚪ 不列入,未達標,0,0
9962,有益,TPEx,10.15,0.05,,,,,,,,,,,0.0,0.0,,0.0,,,,False,False,False,0.0,0.0,False,,,,False,,⚪ 不列入,未達標,0,0
